TripID,RiderID,DriverID,ServiceType,PickupDateTime,DropDateTime,City,DistanceKM,DurationMin,SurgeMultiplier,FareAmount_INR,PaymentMode,TripStatus,RiderRating,DriverRatingGiven
OLA-TRIP-00001,OLA-CUST-0145,OLA-DRV-0024,Ola Prime,2024-02-23 00:50:35,2024-02-23 01:39:59,Delhi,15.49,49.4,1.0,277.35,Ola Money,Completed,4.8,4.5
OLA-TRIP-00002,OLA-CUST-0150,OLA-DRV-0032,Ola Auto,2023-11-12 12:15:05,2023-11-12 13:09:35,Jaipur,15.25,54.5,1.0,157.25,Debit Card,Completed,3.6,4.6
OLA-TRIP-00003,OLA-CUST-0084,OLA-DRV-0049,Ola Mini,2023-07-05 17:28:46,2023-07-05 17:40:10,Kochi,3.14,11.4,1.5,96.81,Credit Card,Completed,4.0,3.7
OLA-TRIP-00004,OLA-CUST-0109,OLA-DRV-0096,Ola Prime SUV,2025-07-02 16:32:55,2025-07-02 16:36:55,Delhi,1.49,4.0,1.0,88.31,Debit Card,Completed,3.4,5.0
OLA-TRIP-00005,OLA-CUST-0028,OLA-DRV-0052,Ola Share,2025-01-01 13:52:29,2025-01-01 14:23:29,Kochi,9.25,31.0,1.5,119.62,UPI,Completed,3.9,4.6
OLA-TRIP-00006,OLA-CUST-0060,OLA-DRV-0097,Ola Share,2024-02-03 03:13:22,,Jaipur,13.73,0.0,1.0,0.0,,No Show,,
OLA-TRIP-00007,OLA-CUST-0054,OLA-DRV-0056,Ola Mini,2023-12-10 13:50:54,2023-12-10 14:20:24,Chennai,9.25,29.5,1.2,158.1,Ola Money,Completed,4.7,3.1
OLA-TRIP-00008,OLA-CUST-0182,OLA-DRV-0052,Ola Share,2023-10-25 10:31:43,2023-10-25 11:25:31,Kochi,11.98,53.8,1.0,98.86,Credit Card,Completed,4.4,4.7
OLA-TRIP-00009,OLA-CUST-0085,OLA-DRV-0087,Ola Mini,2023-04-28 16:13:48,,Ahmedabad,5.17,0.0,1.0,0.0,,Cancelled by Rider,,
OLA-TRIP-00010,OLA-CUST-0198,OLA-DRV-0037,Ola Prime,2023-04-09 01:28:59,2023-04-09 01:51:23,Kolkata,7.84,22.4,1.2,195.12,Debit Card,Completed,4.3,4.5
OLA-TRIP-00011,OLA-CUST-0104,OLA-DRV-0021,Ola Mini,2024-12-03 00:53:12,,Ahmedabad,23.03,0.0,1.0,0.0,,No Show,,
OLA-TRIP-00012,OLA-CUST-0055,OLA-DRV-0041,Ola Prime,2023-03-30 05:38:25,2023-03-30 06:16:37,Kolkata,12.95,38.2,2.0,478.5,UPI,Completed,3.4,3.8
OLA-TRIP-00013,OLA-CUST-0138,OLA-DRV-0072,Ola Prime,2025-10-27 15:51:03,2025-10-27 16:33:03,Chennai,14.55,42.0,2.0,526.5,Credit Card,Completed,3.0,3.1
OLA-TRIP-00014,OLA-CUST-0009,OLA-DRV-0061,Ola Bike,2025-02-19 22:15:05,2025-02-19 23:12:35,Delhi,22.09,57.5,1.0,147.54,UPI,Completed,3.9,4.5
OLA-TRIP-00015,OLA-CUST-0142,OLA-DRV-0038,Ola Prime,2023-08-29 03:22:47,2023-08-29 03:26:29,Kochi,1.3,3.7,1.2,77.4,Credit Card,Completed,4.0,3.9
OLA-TRIP-00016,OLA-CUST-0170,OLA-DRV-0022,Ola Share,2025-09-11 03:32:31,,Pune,3.98,0.0,1.0,0.0,,Cancelled by Driver,,
OLA-TRIP-00017,OLA-CUST-0112,OLA-DRV-0034,Ola Bike,2024-10-05 06:27:03,2024-10-05 07:14:09,Jaipur,17.3,47.1,1.0,118.8,Credit Card,Completed,3.2,4.2
OLA-TRIP-00018,OLA-CUST-0113,OLA-DRV-0003,Ola Prime SUV,2023-07-28 04:00:34,,Pune,18.76,0.0,1.2,0.0,,Cancelled by Rider,,
OLA-TRIP-00019,OLA-CUST-0082,OLA-DRV-0059,Ola Prime,2024-08-14 14:36:25,2024-08-14 16:21:55,Pune,24.06,105.5,1.0,405.9,Credit Card,Completed,4.9,3.3
OLA-TRIP-00020,OLA-CUST-0131,OLA-DRV-0095,Ola Mini,2023-10-09 02:48:39,2023-10-09 04:04:03,Mumbai,24.0,75.4,1.5,441.0,Cash,Completed,4.6,3.1
OLA-TRIP-00021,OLA-CUST-0107,OLA-DRV-0087,Ola Mini,2025-08-01 02:43:10,2025-08-01 03:03:16,Ahmedabad,4.67,20.1,1.0,81.37,Cash,Completed,3.7,4.3
OLA-TRIP-00022,OLA-CUST-0063,OLA-DRV-0001,Ola Auto,2024-10-20 14:39:11,,Chennai,11.57,0.0,1.0,0.0,,Cancelled by Rider,,
OLA-TRIP-00023,OLA-CUST-0183,OLA-DRV-0051,Ola Mini,2024-02-20 02:00:57,2024-02-20 02:59:33,Chennai,14.72,58.6,1.5,287.88,Ola Money,Completed,5.0,3.4
OLA-TRIP-00024,OLA-CUST-0125,OLA-DRV-0035,Ola Prime SUV,2024-10-05 02:27:20,,Bengaluru,24.77,0.0,1.0,0.0,,Cancelled by Driver,,
OLA-TRIP-00025,OLA-CUST-0200,OLA-DRV-0085,Ola Prime SUV,2024-01-14 04:29:51,2024-01-14 05:37:57,Bengaluru,20.07,68.1,1.0,441.33,Debit Card,Completed,4.2,3.3
OLA-TRIP-00026,OLA-CUST-0124,OLA-DRV-0020,Ola Bike,2025-07-17 13:57:23,2025-07-17 15:14:11,Pune,23.89,76.8,1.2,190.01,Cash,Completed,3.8,3.9
OLA-TRIP-00027,OLA-CUST-0078,OLA-DRV-0085,Ola Prime SUV,2023-07-21 08:58:51,2023-07-21 09:23:45,Bengaluru,6.31,24.9,1.0,179.89,UPI,Completed,3.1,3.9
OLA-TRIP-00028,OLA-CUST-0172,OLA-DRV-0010,Ola Prime,2025-01-16 23:44:36,2025-01-17 00:33:30,Hyderabad,16.62,48.9,1.5,441.45,UPI,Completed,3.9,4.4
OLA-TRIP-00029,OLA-CUST-0089,OLA-DRV-0007,Ola Prime,2023-04-26 02:41:54,2023-04-26 03:39:00,Pune,15.22,57.1,1.5,409.95,Debit Card,Completed,3.3,4.3
OLA-TRIP-00030,OLA-CUST-0145,OLA-DRV-0061,Ola Bike,2024-10-16 16:44:27,2024-10-16 17:48:03,Delhi,21.2,63.6,1.0,142.2,UPI,Completed,4.1,3.2
OLA-TRIP-00031,OLA-CUST-0059,OLA-DRV-0090,Ola Mini,2024-06-02 08:24:43,2024-06-02 09:20:43,Kochi,16.85,56.0,1.0,215.35,Credit Card,Completed,4.5,4.4
OLA-TRIP-00032,OLA-CUST-0080,OLA-DRV-0070,Ola Mini,2023-08-20 23:02:47,2023-08-20 23:44:17,Hyderabad,15.25,41.5,1.0,197.75,Cash,Completed,4.8,3.4
OLA-TRIP-00033,OLA-CUST-0122,OLA-DRV-0100,Ola Bike,2025-05-22 02:04:39,,Kochi,10.82,0.0,1.0,0.0,,Cancelled by Rider,,
OLA-TRIP-00034,OLA-CUST-0174,OLA-DRV-0045,Ola Prime,2025-05-30 01:40:40,2025-05-30 02:05:40,Hyderabad,5.92,25.0,1.0,133.8,Debit Card,Completed,4.9,5.0
OLA-TRIP-00035,OLA-CUST-0007,OLA-DRV-0076,Ola Share,2024-02-21 21:38:41,2024-02-21 21:55:17,Delhi,3.93,16.6,1.0,42.51,Cash,Completed,4.7,4.2
OLA-TRIP-00036,OLA-CUST-0161,OLA-DRV-0030,Ola Share,2025-04-15 15:04:42,2025-04-15 15:54:42,Kochi,16.8,50.0,1.2,159.12,Cash,Completed,4.5,4.9
OLA-TRIP-00037,OLA-CUST-0099,OLA-DRV-0080,Ola Auto,2023-01-06 00:56:46,2023-01-06 01:29:10,Bengaluru,12.37,32.4,1.0,131.33,Debit Card,Completed,4.6,4.1
OLA-TRIP-00038,OLA-CUST-0126,OLA-DRV-0086,Ola Prime,2024-11-06 11:21:13,2024-11-06 11:37:13,Mumbai,4.84,16.0,1.0,117.6,Cash,Completed,4.1,3.3
OLA-TRIP-00039,OLA-CUST-0178,OLA-DRV-0040,Ola Bike,2023-05-13 23:04:52,2023-05-14 00:18:16,Chennai,18.45,73.4,1.2,150.84,Debit Card,Completed,4.6,4.0
OLA-TRIP-00040,OLA-CUST-0073,OLA-DRV-0097,Ola Share,2023-03-13 16:10:51,2023-03-13 16:20:03,Jaipur,3.65,9.2,1.0,40.55,Credit Card,Completed,4.0,3.6
OLA-TRIP-00041,OLA-CUST-0066,OLA-DRV-0089,Ola Prime,2023-09-18 09:08:33,2023-09-18 10:13:27,Kochi,19.94,64.9,1.0,344.1,Credit Card,Completed,4.6,4.1
OLA-TRIP-00042,OLA-CUST-0117,OLA-DRV-0001,Ola Auto,2025-09-11 18:22:07,2025-09-11 19:11:55,Chennai,13.38,49.8,1.5,210.63,UPI,Completed,4.7,4.1
OLA-TRIP-00043,OLA-CUST-0062,OLA-DRV-0041,Ola Prime,2023-10-24 18:45:51,,Kolkata,8.48,0.0,1.0,0.0,,No Show,,
OLA-TRIP-00044,OLA-CUST-0068,OLA-DRV-0018,Ola Bike,2025-11-25 06:57:54,,Bengaluru,18.06,0.0,1.0,0.0,,Cancelled by Driver,,
OLA-TRIP-00045,OLA-CUST-0084,OLA-DRV-0049,Ola Mini,2025-01-24 19:17:20,2025-01-24 20:03:08,Kochi,15.07,45.8,1.2,234.92,Debit Card,Completed,3.2,3.4
OLA-TRIP-00046,OLA-CUST-0115,OLA-DRV-0025,Ola Prime,2025-04-16 22:03:36,2025-04-16 23:15:30,Ahmedabad,24.76,71.9,1.0,416.4,Credit Card,Completed,4.2,4.8
OLA-TRIP-00047,OLA-CUST-0092,OLA-DRV-0047,Ola Bike,2023-04-22 13:34:31,,Mumbai,24.72,0.0,1.5,0.0,,Cancelled by Driver,,
OLA-TRIP-00048,OLA-CUST-0187,OLA-DRV-0047,Ola Bike,2025-03-29 22:24:52,2025-03-29 22:57:04,Mumbai,7.38,32.2,1.0,59.28,Cash,Completed,3.7,4.5
OLA-TRIP-00049,OLA-CUST-0043,OLA-DRV-0043,Ola Bike,2025-09-10 07:17:54,2025-09-10 08:03:18,Bengaluru,10.7,45.4,1.2,95.04,Ola Money,Completed,4.0,4.1
OLA-TRIP-00050,OLA-CUST-0169,OLA-DRV-0011,Ola Bike,2024-10-24 02:24:06,,Mumbai,14.76,0.0,1.0,0.0,,Cancelled by Rider,,
OLA-TRIP-00051,OLA-CUST-0026,OLA-DRV-0027,Ola Auto,2024-07-13 19:43:13,2024-07-13 19:54:13,Chennai,3.02,11.0,1.2,56.62,Debit Card,Completed,3.5,3.6
OLA-TRIP-00052,OLA-CUST-0016,OLA-DRV-0100,Ola Bike,2025-10-24 11:32:09,2025-10-24 11:54:57,Kochi,8.71,22.8,1.0,67.26,Debit Card,Completed,4.2,3.5
OLA-TRIP-00053,OLA-CUST-0175,OLA-DRV-0054,Ola Auto,2025-09-18 01:23:25,2025-09-18 02:01:37,Ahmedabad,11.82,38.2,1.0,126.38,Debit Card,Completed,3.2,5.0
OLA-TRIP-00054,OLA-CUST-0113,OLA-DRV-0020,Ola Bike,2023-05-11 23:42:07,2023-05-12 00:21:37,Pune,10.48,39.5,1.5,116.82,Debit Card,Completed,4.4,3.4
OLA-TRIP-00055,OLA-CUST-0147,OLA-DRV-0044,Ola Auto,2025-02-28 02:00:34,,Mumbai,21.53,0.0,1.2,0.0,,No Show,,
OLA-TRIP-00056,OLA-CUST-0178,OLA-DRV-0051,Ola Mini,2024-03-03 19:49:08,2024-03-03 20:42:26,Chennai,15.02,53.3,1.0,195.22,Credit Card,Completed,3.7,4.5
OLA-TRIP-00057,OLA-CUST-0045,OLA-DRV-0059,Ola Prime,2024-05-23 22:47:32,2024-05-23 23:09:08,Pune,8.59,21.6,1.5,260.77,Credit Card,Completed,3.1,4.0
OLA-TRIP-00058,OLA-CUST-0101,OLA-DRV-0073,Ola Share,2023-11-14 04:48:40,2023-11-14 05:10:28,Ahmedabad,6.07,21.8,1.0,57.49,Ola Money,Completed,4.1,4.2
OLA-TRIP-00059,OLA-CUST-0160,OLA-DRV-0082,Ola Share,2024-01-11 05:57:09,2024-01-11 06:24:21,Hyderabad,6.48,27.2,1.0,60.36,Ola Money,Completed,3.4,4.0
OLA-TRIP-00060,OLA-CUST-0033,OLA-DRV-0013,Ola Auto,2023-12-14 00:05:31,2023-12-14 00:57:13,Kolkata,16.93,51.7,1.0,172.37,Cash,Completed,3.7,4.7
OLA-TRIP-00061,OLA-CUST-0161,OLA-DRV-0031,Ola Mini,2025-12-16 13:21:03,2025-12-16 14:14:33,Kochi,18.9,53.5,1.5,356.85,Debit Card,Completed,3.8,4.9
OLA-TRIP-00062,OLA-CUST-0179,OLA-DRV-0071,Ola Auto,2023-10-17 15:47:47,2023-10-17 16:59:23,Mumbai,22.52,71.6,1.0,222.68,Debit Card,Completed,4.8,3.2
OLA-TRIP-00063,OLA-CUST-0086,OLA-DRV-0052,Ola Share,2024-09-30 10:09:45,,Kochi,14.52,0.0,1.2,0.0,,Cancelled by Rider,,
OLA-TRIP-00064,OLA-CUST-0155,OLA-DRV-0018,Ola Bike,2024-11-21 07:01:48,2024-11-21 08:10:24,Bengaluru,20.42,68.6,2.0,275.04,Ola Money,Completed,4.9,3.2
OLA-TRIP-00065,OLA-CUST-0199,OLA-DRV-0072,Ola Prime,2025-11-23 16:08:24,2025-11-23 16:25:24,Chennai,6.24,17.0,1.0,138.6,Ola Money,Completed,3.5,4.4
OLA-TRIP-00066,OLA-CUST-0137,OLA-DRV-0005,Ola Share,2024-01-01 14:55:18,2024-01-01 15:54:06,Ahmedabad,20.86,58.8,1.0,161.02,Credit Card,Completed,3.5,4.2
OLA-TRIP-00067,OLA-CUST-0194,OLA-DRV-0053,Ola Prime SUV,2023-04-06 13:29:14,2023-04-06 13:55:50,Bengaluru,7.35,26.6,2.0,399.3,Debit Card,Completed,3.8,4.2
OLA-TRIP-00068,OLA-CUST-0007,OLA-DRV-0058,Ola Share,2025-04-13 04:26:42,2025-04-13 04:42:12,Delhi,4.49,15.5,1.0,46.43,UPI,Completed,5.0,3.8
OLA-TRIP-00069,OLA-CUST-0016,OLA-DRV-0031,Ola Mini,2023-02-02 14:22:58,2023-02-02 15:11:34,Kochi,12.11,48.6,1.0,163.21,Ola Money,Completed,4.3,3.3
OLA-TRIP-00070,OLA-CUST-0031,OLA-DRV-0082,Ola Share,2024-02-11 04:04:32,2024-02-11 04:12:56,Hyderabad,2.8,8.4,1.0,34.6,Debit Card,Completed,5.0,3.3
OLA-TRIP-00071,OLA-CUST-0181,OLA-DRV-0077,Ola Mini,2023-10-14 06:51:59,2023-10-14 07:00:41,Hyderabad,3.42,8.7,1.2,81.14,Credit Card,Completed,4.8,3.5
OLA-TRIP-00072,OLA-CUST-0078,OLA-DRV-0012,Ola Prime SUV,2023-02-26 17:35:08,2023-02-26 18:29:44,Bengaluru,20.59,54.6,1.0,451.21,Cash,Completed,4.1,3.0
OLA-TRIP-00073,OLA-CUST-0189,OLA-DRV-0035,Ola Prime SUV,2025-08-20 07:41:00,2025-08-20 08:28:30,Bengaluru,11.03,47.5,1.2,323.48,Credit Card,Completed,3.2,4.6
OLA-TRIP-00074,OLA-CUST-0070,OLA-DRV-0070,Ola Mini,2025-05-07 20:27:08,2025-05-07 21:18:14,Hyderabad,15.23,51.1,1.0,197.53,Cash,Completed,4.0,4.5
OLA-TRIP-00075,OLA-CUST-0114,OLA-DRV-0074,Ola Bike,2023-01-19 14:36:28,2023-01-19 14:58:34,Jaipur,5.11,22.1,1.0,45.66,Cash,Completed,3.5,4.9
OLA-TRIP-00076,OLA-CUST-0079,OLA-DRV-0098,Ola Prime,2025-01-15 01:18:07,2025-01-15 02:33:25,Hyderabad,21.2,75.3,1.0,363.0,Cash,Completed,4.9,3.3
OLA-TRIP-00077,OLA-CUST-0069,OLA-DRV-0035,Ola Prime SUV,2023-05-07 04:55:55,2023-05-07 05:49:01,Bengaluru,13.92,53.1,1.2,389.38,Cash,Completed,3.4,4.2
OLA-TRIP-00078,OLA-CUST-0186,OLA-DRV-0035,Ola Prime SUV,2023-11-20 01:58:20,2023-11-20 03:20:56,Bengaluru,22.72,82.6,1.2,590.02,UPI,Completed,4.8,5.0
OLA-TRIP-00079,OLA-CUST-0086,OLA-DRV-0030,Ola Share,2023-03-07 07:34:27,2023-03-07 09:08:51,Kochi,23.54,94.4,1.0,179.78,Cash,Completed,3.1,4.3
OLA-TRIP-00080,OLA-CUST-0163,OLA-DRV-0004,Ola Mini,2023-07-22 04:59:15,2023-07-22 05:38:21,Mumbai,12.09,39.1,1.5,244.49,Credit Card,Completed,3.1,3.2
OLA-TRIP-00081,OLA-CUST-0014,OLA-DRV-0085,Ola Prime SUV,2025-02-09 11:12:34,2025-02-09 11:33:28,Bengaluru,6.55,20.9,1.0,184.45,Debit Card,Completed,3.3,4.5
OLA-TRIP-00082,OLA-CUST-0162,OLA-DRV-0089,Ola Prime,2023-06-27 07:16:10,2023-06-27 08:18:40,Kochi,19.35,62.5,1.0,335.25,Debit Card,Completed,3.8,4.3
OLA-TRIP-00083,OLA-CUST-0053,OLA-DRV-0064,Ola Prime,2024-01-01 22:41:18,2024-01-01 22:53:18,Ahmedabad,4.63,12.0,1.0,114.45,UPI,Completed,4.8,3.4
OLA-TRIP-00084,OLA-CUST-0123,OLA-DRV-0033,Ola Prime,2024-08-28 14:47:46,2024-08-28 15:09:34,Jaipur,7.49,21.8,1.2,188.82,Debit Card,Completed,4.5,3.9
OLA-TRIP-00085,OLA-CUST-0131,OLA-DRV-0011,Ola Bike,2025-08-11 00:15:11,2025-08-11 01:05:47,Mumbai,14.03,50.6,1.0,99.18,UPI,Completed,3.5,4.9
OLA-TRIP-00086,OLA-CUST-0087,OLA-DRV-0024,Ola Prime,2025-09-02 00:48:57,2025-09-02 01:50:27,Delhi,15.69,61.5,1.0,280.35,Ola Money,Completed,3.9,4.9
OLA-TRIP-00087,OLA-CUST-0161,OLA-DRV-0090,Ola Mini,2025-03-18 17:44:44,2025-03-18 19:10:08,Kochi,24.65,85.4,1.0,301.15,Cash,Completed,4.7,3.0
OLA-TRIP-00088,OLA-CUST-0139,OLA-DRV-0067,Ola Share,2023-04-21 13:02:16,2023-04-21 14:14:16,Delhi,23.56,72.0,2.0,359.84,Credit Card,Completed,5.0,3.8
OLA-TRIP-00089,OLA-CUST-0074,OLA-DRV-0056,Ola Mini,2025-04-26 13:43:51,2025-04-26 14:10:57,Chennai,7.95,27.1,1.0,117.45,UPI,Completed,4.5,4.9
OLA-TRIP-00090,OLA-CUST-0057,OLA-DRV-0095,Ola Mini,2023-05-22 18:23:09,2023-05-22 18:53:15,Mumbai,7.42,30.1,1.0,111.62,Debit Card,Completed,4.8,3.7
OLA-TRIP-00091,OLA-CUST-0067,OLA-DRV-0024,Ola Prime,2024-05-22 04:54:28,2024-05-22 05:58:16,Delhi,23.52,63.8,1.0,397.8,Debit Card,Completed,4.9,4.1
OLA-TRIP-00092,OLA-CUST-0051,OLA-DRV-0013,Ola Auto,2025-01-22 09:34:46,2025-01-22 11:15:46,Kolkata,22.9,101.0,1.0,226.1,UPI,Completed,3.4,4.0
OLA-TRIP-00093,OLA-CUST-0059,OLA-DRV-0089,Ola Prime,2025-10-26 01:56:29,,Kochi,18.9,0.0,1.0,0.0,,Cancelled by Driver,,
OLA-TRIP-00094,OLA-CUST-0094,OLA-DRV-0021,Ola Mini,2025-07-04 23:35:42,2025-07-05 00:43:54,Ahmedabad,19.43,68.2,1.2,292.48,Credit Card,Completed,4.5,4.4
OLA-TRIP-00095,OLA-CUST-0026,OLA-DRV-0029,Ola Bike,2023-05-18 14:49:03,2023-05-18 15:23:15,Chennai,13.14,34.2,1.5,140.76,Cash,Completed,4.1,4.4
OLA-TRIP-00096,OLA-CUST-0003,OLA-DRV-0019,Ola Bike,2024-07-31 02:02:39,2024-07-31 02:22:03,Hyderabad,6.12,19.4,2.0,103.44,Cash,Completed,4.2,4.9
OLA-TRIP-00097,OLA-CUST-0200,OLA-DRV-0018,Ola Bike,2024-04-14 04:33:14,2024-04-14 05:32:32,Bengaluru,17.02,59.3,1.2,140.54,Credit Card,Completed,3.1,4.6
OLA-TRIP-00098,OLA-CUST-0159,OLA-DRV-0027,Ola Auto,2023-02-28 11:19:15,2023-02-28 11:28:27,Chennai,2.58,9.2,1.0,43.22,Cash,Completed,4.9,3.4
OLA-TRIP-00099,OLA-CUST-0068,OLA-DRV-0018,Ola Bike,2023-02-10 22:48:45,2023-02-10 23:40:51,Bengaluru,13.63,52.1,1.5,145.17,Credit Card,Completed,3.3,4.4
OLA-TRIP-00100,OLA-CUST-0115,OLA-DRV-0054,Ola Auto,2025-05-01 15:28:48,,Ahmedabad,9.9,0.0,1.0,0.0,,Cancelled by Rider,,
OLA-TRIP-00101,OLA-CUST-0067,OLA-DRV-0076,Ola Share,2024-02-26 23:10:41,,Delhi,3.47,0.0,1.0,0.0,,Cancelled by Rider,,
OLA-TRIP-00102,OLA-CUST-0040,OLA-DRV-0049,Ola Mini,2025-08-31 09:27:43,2025-08-31 09:48:13,Kochi,6.94,20.5,1.5,159.51,UPI,Completed,3.3,4.4
OLA-TRIP-00103,OLA-CUST-0026,OLA-DRV-0040,Ola Bike,2025-10-30 22:28:20,2025-10-30 23:18:32,Chennai,14.61,50.2,1.0,102.66,UPI,Completed,3.6,3.7
OLA-TRIP-00104,OLA-CUST-0080,OLA-DRV-0077,Ola Mini,2024-04-03 02:32:17,2024-04-03 04:05:23,Hyderabad,22.56,93.1,1.0,278.16,Cash,Completed,4.3,3.1
OLA-TRIP-00105,OLA-CUST-0035,OLA-DRV-0066,Ola Bike,2024-06-16 17:29:45,2024-06-16 18:00:03,Chennai,6.99,30.3,1.2,68.33,Ola Money,Completed,5.0,3.6
OLA-TRIP-00106,OLA-CUST-0191,OLA-DRV-0035,Ola Prime SUV,2023-01-02 01:33:50,2023-01-02 02:28:08,Bengaluru,12.27,54.3,1.0,293.13,Cash,Completed,3.2,3.9
OLA-TRIP-00107,OLA-CUST-0089,OLA-DRV-0028,Ola Prime,2024-10-23 13:34:14,2024-10-23 13:50:56,Pune,5.4,16.7,1.0,126.0,Cash,Completed,4.0,4.8
OLA-TRIP-00108,OLA-CUST-0187,OLA-DRV-0004,Ola Mini,2023-07-04 08:15:59,,Mumbai,9.95,0.0,1.5,0.0,,Cancelled by Rider,,
OLA-TRIP-00109,OLA-CUST-0137,OLA-DRV-0025,Ola Prime,2025-02-26 23:32:53,2025-02-27 00:19:35,Ahmedabad,18.25,46.7,1.5,478.12,UPI,Completed,4.9,4.7
OLA-TRIP-00110,OLA-CUST-0049,OLA-DRV-0035,Ola Prime SUV,2024-12-09 22:06:25,2024-12-09 23:06:07,Bengaluru,16.71,59.7,1.0,377.49,Credit Card,Completed,4.1,4.5
OLA-TRIP-00111,OLA-CUST-0119,OLA-DRV-0067,Ola Share,2023-06-30 12:13:43,2023-06-30 13:03:01,Delhi,13.99,49.3,1.2,135.52,Credit Card,Completed,3.4,4.7
OLA-TRIP-00112,OLA-CUST-0050,OLA-DRV-0052,Ola Share,2023-05-03 17:39:34,2023-05-03 17:50:16,Kochi,3.05,10.7,1.5,54.52,Credit Card,Completed,4.6,4.4
OLA-TRIP-00113,OLA-CUST-0016,OLA-DRV-0090,Ola Mini,2024-08-19 12:38:02,2024-08-19 13:29:32,Kochi,12.4,51.5,2.0,332.8,Cash,Completed,4.4,3.8
OLA-TRIP-00114,OLA-CUST-0077,OLA-DRV-0049,Ola Mini,2024-02-18 00:24:01,,Kochi,13.19,0.0,1.0,0.0,,Cancelled by Rider,,
OLA-TRIP-00115,OLA-CUST-0151,OLA-DRV-0027,Ola Auto,2023-03-29 17:58:50,2023-03-29 19:23:02,Chennai,19.63,84.2,1.5,295.0,Cash,Completed,4.1,3.3
OLA-TRIP-00116,OLA-CUST-0062,OLA-DRV-0002,Ola Share,2025-07-28 10:50:51,2025-07-28 11:00:57,Kolkata,2.58,10.1,1.2,39.67,Cash,Completed,4.1,4.2
OLA-TRIP-00117,OLA-CUST-0074,OLA-DRV-0051,Ola Mini,2025-05-14 19:30:55,2025-05-14 19:37:31,Chennai,2.38,6.6,1.0,56.18,UPI,Completed,4.0,3.1
OLA-TRIP-00118,OLA-CUST-0084,OLA-DRV-0090,Ola Mini,2025-09-13 18:09:23,2025-09-13 19:11:35,Kochi,19.25,62.2,1.0,241.75,Cash,Completed,4.3,4.6
OLA-TRIP-00119,OLA-CUST-0070,OLA-DRV-0070,Ola Mini,2025-01-06 04:14:47,,Hyderabad,21.45,0.0,1.0,0.0,,Cancelled by Driver,,
OLA-TRIP-00120,OLA-CUST-0095,OLA-DRV-0094,Ola Bike,2025-05-16 23:19:20,2025-05-16 23:45:14,Delhi,8.77,25.9,1.0,67.62,Cash,Completed,4.8,4.9
OLA-TRIP-00121,OLA-CUST-0065,OLA-DRV-0003,Ola Prime SUV,2024-07-03 08:11:16,2024-07-03 08:29:22,Pune,4.77,18.1,1.0,150.63,Cash,Completed,3.9,3.0
OLA-TRIP-00122,OLA-CUST-0131,OLA-DRV-0091,Ola Mini,2024-05-06 04:59:21,2024-05-06 05:45:21,Mumbai,14.32,46.0,1.0,187.52,Debit Card,Completed,4.4,4.1
OLA-TRIP-00123,OLA-CUST-0175,OLA-DRV-0073,Ola Share,2023-09-17 16:48:03,2023-09-17 17:51:39,Ahmedabad,17.71,63.6,2.0,277.94,Credit Card,Completed,4.6,3.7
OLA-TRIP-00124,OLA-CUST-0135,OLA-DRV-0085,Ola Prime SUV,2024-02-21 14:28:13,2024-02-21 14:49:19,Bengaluru,7.47,21.1,1.0,201.93,Ola Money,Completed,4.3,3.4
OLA-TRIP-00125,OLA-CUST-0015,OLA-DRV-0054,Ola Auto,2023-07-26 01:00:30,2023-07-26 01:32:12,Ahmedabad,10.79,31.7,1.0,117.11,Ola Money,Completed,3.2,4.6
OLA-TRIP-00126,OLA-CUST-0130,OLA-DRV-0067,Ola Share,2024-11-10 13:49:23,2024-11-10 13:55:05,Delhi,1.5,5.7,1.5,38.25,Cash,Completed,4.3,3.5
OLA-TRIP-00127,OLA-CUST-0072,OLA-DRV-0045,Ola Prime,2024-08-09 18:54:07,,Hyderabad,2.64,0.0,1.0,0.0,,Cancelled by Driver,,
OLA-TRIP-00128,OLA-CUST-0112,OLA-DRV-0093,Ola Prime,2025-08-13 00:52:21,2025-08-13 02:22:15,Jaipur,24.22,89.9,2.0,816.6,Debit Card,Completed,4.5,3.9
OLA-TRIP-00129,OLA-CUST-0186,OLA-DRV-0053,Ola Prime SUV,2024-12-14 01:44:45,,Bengaluru,10.36,0.0,1.5,0.0,,Cancelled by Rider,,
OLA-TRIP-00130,OLA-CUST-0103,OLA-DRV-0071,Ola Auto,2025-07-18 20:33:13,2025-07-18 21:44:25,Mumbai,17.16,71.2,1.0,174.44,Ola Money,Completed,4.3,4.6
OLA-TRIP-00131,OLA-CUST-0132,OLA-DRV-0003,Ola Prime SUV,2024-02-03 19:23:46,2024-02-03 19:35:40,Pune,2.74,11.9,1.0,112.06,Ola Money,Completed,4.9,4.4
OLA-TRIP-00132,OLA-CUST-0028,OLA-DRV-0031,Ola Mini,2025-03-31 09:04:13,2025-03-31 10:21:55,Kochi,24.19,77.7,1.5,444.14,Cash,Completed,3.9,3.6
OLA-TRIP-00133,OLA-CUST-0171,OLA-DRV-0062,Ola Auto,2025-01-01 06:12:46,2025-01-01 06:35:46,Mumbai,8.8,23.0,1.0,99.2,UPI,Completed,4.5,3.3
OLA-TRIP-00134,OLA-CUST-0165,OLA-DRV-0043,Ola Bike,2023-05-16 21:57:17,2023-05-16 22:19:41,Bengaluru,5.02,22.4,1.0,45.12,UPI,Completed,4.0,4.2
OLA-TRIP-00135,OLA-CUST-0091,OLA-DRV-0039,Ola Mini,2023-12-11 04:11:44,2023-12-11 05:24:32,Kolkata,17.08,72.8,1.2,261.46,Ola Money,Completed,3.1,3.8
OLA-TRIP-00136,OLA-CUST-0041,OLA-DRV-0056,Ola Mini,2024-09-20 13:13:25,2024-09-20 13:29:19,Chennai,5.17,15.9,1.0,86.87,Credit Card,Completed,3.2,4.3
OLA-TRIP-00137,OLA-CUST-0122,OLA-DRV-0099,Ola Auto,2025-05-09 06:30:17,2025-05-09 06:34:35,Kochi,1.29,4.3,1.0,31.61,Ola Money,Completed,4.3,3.9
OLA-TRIP-00138,OLA-CUST-0081,OLA-DRV-0093,Ola Prime,2024-01-26 14:44:29,2024-01-26 15:45:17,Jaipur,18.62,60.8,1.0,324.3,Debit Card,Completed,4.8,4.1
OLA-TRIP-00139,OLA-CUST-0073,OLA-DRV-0034,Ola Bike,2025-06-27 21:58:27,2025-06-27 22:21:09,Jaipur,6.94,22.7,2.0,113.28,Cash,Completed,3.9,5.0
OLA-TRIP-00140,OLA-CUST-0025,OLA-DRV-0026,Ola Auto,2023-12-13 06:18:06,2023-12-13 06:54:00,Pune,11.44,35.9,1.0,122.96,Credit Card,Completed,3.5,4.0
OLA-TRIP-00141,OLA-CUST-0075,OLA-DRV-0069,Ola Bike,2023-08-10 22:20:10,,Mumbai,21.8,0.0,1.0,0.0,,Cancelled by Driver,,
OLA-TRIP-00142,OLA-CUST-0167,OLA-DRV-0036,Ola Mini,2024-07-19 05:08:06,2024-07-19 05:22:30,Pune,5.09,14.4,1.0,85.99,Debit Card,Completed,3.7,4.9
OLA-TRIP-00143,OLA-CUST-0074,OLA-DRV-0072,Ola Prime,2024-09-16 21:43:24,2024-09-16 23:02:36,Chennai,21.71,79.2,2.0,741.3,Cash,Completed,4.3,4.2
OLA-TRIP-00144,OLA-CUST-0060,OLA-DRV-0034,Ola Bike,2024-05-26 17:49:00,2024-05-26 18:23:06,Jaipur,12.62,34.1,1.0,90.72,Credit Card,Completed,4.5,4.6
OLA-TRIP-00145,OLA-CUST-0184,OLA-DRV-0088,Ola Auto,2024-05-14 20:49:05,2024-05-14 21:31:35,Kolkata,10.69,42.5,1.2,139.45,Ola Money,Completed,3.1,4.3
OLA-TRIP-00146,OLA-CUST-0025,OLA-DRV-0007,Ola Prime,2023-04-06 16:57:55,2023-04-06 17:54:55,Pune,13.97,57.0,1.0,254.55,Credit Card,Completed,4.0,3.7
OLA-TRIP-00147,OLA-CUST-0006,OLA-DRV-0063,Ola Prime,2024-05-04 23:58:56,2024-05-05 00:36:14,Pune,12.49,37.3,1.0,232.35,Ola Money,Completed,3.4,3.8
OLA-TRIP-00148,OLA-CUST-0106,OLA-DRV-0100,Ola Bike,2024-12-19 19:06:00,2024-12-19 20:08:30,Kochi,23.59,62.5,1.0,156.54,Debit Card,Completed,4.6,5.0
OLA-TRIP-00149,OLA-CUST-0158,OLA-DRV-0029,Ola Bike,2025-04-09 09:55:18,2025-04-09 09:59:36,Chennai,1.27,4.3,1.2,27.14,Debit Card,Completed,4.4,4.7
OLA-TRIP-00150,OLA-CUST-0198,OLA-DRV-0055,Ola Prime SUV,2023-12-10 23:22:59,2023-12-10 23:37:05,Kolkata,4.7,14.1,1.0,149.3,UPI,Completed,4.0,3.7
OLA-TRIP-00151,OLA-CUST-0186,OLA-DRV-0014,Ola Mini,2024-01-14 03:19:43,2024-01-14 04:51:31,Bengaluru,23.58,91.8,1.2,347.26,Cash,Completed,3.2,4.4
OLA-TRIP-00152,OLA-CUST-0066,OLA-DRV-0030,Ola Share,2023-03-05 20:44:04,2023-03-05 21:45:10,Kochi,15.58,61.1,1.5,186.09,Credit Card,Completed,4.3,3.6
OLA-TRIP-00153,OLA-CUST-0151,OLA-DRV-0016,Ola Bike,2023-09-02 05:35:10,,Chennai,4.83,0.0,1.0,0.0,,Cancelled by Driver,,
OLA-TRIP-00154,OLA-CUST-0068,OLA-DRV-0057,Ola Prime SUV,2024-11-03 21:45:13,2024-11-03 22:20:31,Bengaluru,11.17,35.3,1.0,272.23,UPI,Completed,3.9,3.9
OLA-TRIP-00155,OLA-CUST-0195,OLA-DRV-0065,Ola Prime,2025-06-20 04:59:02,2025-06-20 06:05:26,Kolkata,21.51,66.4,2.0,735.3,Ola Money,Completed,4.6,4.6
OLA-TRIP-00156,OLA-CUST-0038,OLA-DRV-0018,Ola Bike,2023-01-13 11:05:28,2023-01-13 11:35:52,Bengaluru,8.01,30.4,1.0,63.06,UPI,Completed,4.8,3.8
OLA-TRIP-00157,OLA-CUST-0102,OLA-DRV-0083,Ola Mini,2024-03-06 18:15:27,2024-03-06 18:38:21,Pune,5.91,22.9,1.5,142.52,Credit Card,Completed,3.7,4.5
OLA-TRIP-00158,OLA-CUST-0101,OLA-DRV-0073,Ola Share,2025-07-02 16:16:14,2025-07-02 16:27:20,Ahmedabad,2.8,11.1,1.0,34.6,Cash,Completed,4.8,4.6
OLA-TRIP-00159,OLA-CUST-0027,OLA-DRV-0082,Ola Share,2025-09-09 12:56:09,2025-09-09 14:12:33,Hyderabad,21.7,76.4,1.5,250.35,Cash,Completed,4.2,4.9
OLA-TRIP-00160,OLA-CUST-0167,OLA-DRV-0063,Ola Prime,2024-10-25 22:15:30,2024-10-25 22:59:42,Pune,17.37,44.2,1.2,366.66,Debit Card,Completed,3.0,4.6
OLA-TRIP-00161,OLA-CUST-0076,OLA-DRV-0098,Ola Prime,2025-08-07 06:34:57,,Hyderabad,23.71,0.0,1.0,0.0,,No Show,,
OLA-TRIP-00162,OLA-CUST-0194,OLA-DRV-0043,Ola Bike,2023-02-13 18:32:31,2023-02-13 19:40:01,Bengaluru,17.48,67.5,1.0,119.88,UPI,Completed,3.9,4.6
OLA-TRIP-00163,OLA-CUST-0038,OLA-DRV-0014,Ola Mini,2023-05-06 14:56:32,2023-05-06 15:23:02,Bengaluru,7.96,26.5,1.0,117.56,Credit Card,Completed,4.6,3.6
OLA-TRIP-00164,OLA-CUST-0089,OLA-DRV-0022,Ola Share,2025-02-22 14:40:25,2025-02-22 15:46:49,Pune,23.31,66.4,1.0,178.17,Cash,Completed,4.7,4.3
OLA-TRIP-00165,OLA-CUST-0132,OLA-DRV-0007,Ola Prime,2025-09-08 03:16:28,2025-09-08 04:10:58,Pune,16.32,54.5,1.0,289.8,Debit Card,Completed,4.8,3.3
OLA-TRIP-00166,OLA-CUST-0152,OLA-DRV-0094,Ola Bike,2023-07-10 16:50:53,2023-07-10 18:04:59,Delhi,24.81,74.1,2.0,327.72,UPI,Completed,3.4,3.1
OLA-TRIP-00167,OLA-CUST-0190,OLA-DRV-0067,Ola Share,2023-05-02 12:16:40,2023-05-02 12:49:28,Delhi,8.76,32.8,1.0,76.32,Cash,Completed,4.0,3.9
OLA-TRIP-00168,OLA-CUST-0145,OLA-DRV-0058,Ola Share,2023-09-03 05:51:48,2023-09-03 06:34:36,Delhi,14.33,42.8,1.0,115.31,Ola Money,Completed,3.3,3.9
OLA-TRIP-00169,OLA-CUST-0095,OLA-DRV-0061,Ola Bike,2023-01-06 00:41:31,2023-01-06 01:26:19,Delhi,10.88,44.8,1.0,80.28,Debit Card,Completed,4.6,4.8
OLA-TRIP-00170,OLA-CUST-0105,OLA-DRV-0066,Ola Bike,2023-03-26 22:06:55,2023-03-26 22:54:01,Chennai,18.6,47.1,1.5,189.9,UPI,Completed,4.0,3.7
OLA-TRIP-00171,OLA-CUST-0048,OLA-DRV-0032,Ola Auto,2024-08-17 22:36:22,2024-08-17 23:56:22,Jaipur,22.98,80.0,1.2,272.18,Ola Money,Completed,4.3,3.1
OLA-TRIP-00172,OLA-CUST-0118,OLA-DRV-0021,Ola Mini,2024-07-28 04:13:56,2024-07-28 05:53:20,Ahmedabad,23.03,99.4,1.0,283.33,Cash,Completed,4.6,3.1
OLA-TRIP-00173,OLA-CUST-0173,OLA-DRV-0093,Ola Prime,2025-05-23 02:28:23,2025-05-23 02:53:41,Jaipur,7.78,25.3,1.0,161.7,Cash,Completed,3.1,4.5
OLA-TRIP-00174,OLA-CUST-0069,OLA-DRV-0014,Ola Mini,2024-08-09 09:08:40,2024-08-09 10:09:46,Bengaluru,16.18,61.1,1.0,207.98,Ola Money,Completed,4.0,4.9
OLA-TRIP-00175,OLA-CUST-0162,OLA-DRV-0090,Ola Mini,2025-11-15 08:10:39,2025-11-15 08:36:15,Kochi,6.21,25.6,1.0,98.31,Cash,Completed,3.3,3.4
OLA-TRIP-00176,OLA-CUST-0020,OLA-DRV-0082,Ola Share,2023-05-02 20:39:00,2023-05-02 21:25:18,Hyderabad,17.96,46.3,1.5,211.08,Ola Money,Completed,4.7,3.6
OLA-TRIP-00177,OLA-CUST-0151,OLA-DRV-0016,Ola Bike,2024-07-11 18:48:49,2024-07-11 19:06:19,Chennai,5.78,17.5,1.0,49.68,Ola Money,Completed,3.4,3.7
OLA-TRIP-00178,OLA-CUST-0174,OLA-DRV-0070,Ola Mini,2024-08-09 15:41:53,,Hyderabad,15.29,0.0,1.0,0.0,,Cancelled by Driver,,
OLA-TRIP-00179,OLA-CUST-0065,OLA-DRV-0042,Ola Mini,2024-12-07 06:53:27,2024-12-07 08:02:21,Pune,20.29,68.9,2.0,506.38,Cash,Completed,3.6,4.7
OLA-TRIP-00180,OLA-CUST-0155,OLA-DRV-0057,Ola Prime SUV,2025-02-12 00:19:35,2025-02-12 00:38:05,Bengaluru,6.62,18.5,1.0,185.78,UPI,Completed,3.4,3.6
OLA-TRIP-00181,OLA-CUST-0193,OLA-DRV-0070,Ola Mini,2025-09-01 09:17:25,2025-09-01 10:43:19,Hyderabad,24.53,85.9,1.0,299.83,Debit Card,Completed,3.1,4.3
OLA-TRIP-00182,OLA-CUST-0143,OLA-DRV-0010,Ola Prime,2025-10-21 16:28:47,2025-10-21 16:56:35,Hyderabad,7.5,27.8,1.0,157.5,Credit Card,Completed,3.7,4.7
OLA-TRIP-00183,OLA-CUST-0103,OLA-DRV-0008,Ola Auto,2024-11-07 14:35:55,2024-11-07 15:55:55,Mumbai,24.54,80.0,1.0,240.86,Cash,Completed,3.4,4.0
OLA-TRIP-00184,OLA-CUST-0052,OLA-DRV-0005,Ola Share,2025-10-28 13:51:58,2025-10-28 14:58:10,Ahmedabad,18.01,66.2,1.0,141.07,UPI,Completed,3.0,3.4
OLA-TRIP-00185,OLA-CUST-0107,OLA-DRV-0025,Ola Prime,2024-11-06 09:41:59,2024-11-06 09:49:35,Ahmedabad,2.14,7.6,1.5,115.65,Debit Card,Completed,4.8,4.7
OLA-TRIP-00186,OLA-CUST-0182,OLA-DRV-0030,Ola Share,2024-02-03 22:46:06,2024-02-03 23:27:54,Kochi,11.58,41.8,1.0,96.06,Credit Card,Completed,4.7,3.2
OLA-TRIP-00187,OLA-CUST-0097,OLA-DRV-0083,Ola Mini,2024-05-10 19:12:17,2024-05-10 19:44:41,Pune,8.43,32.4,1.0,122.73,Cash,Completed,4.2,3.8
OLA-TRIP-00188,OLA-CUST-0036,OLA-DRV-0100,Ola Bike,2023-09-25 08:49:17,2023-09-25 09:19:41,Kochi,11.05,30.4,1.0,81.3,Credit Card,Completed,3.9,4.9
OLA-TRIP-00189,OLA-CUST-0140,OLA-DRV-0004,Ola Mini,2023-06-17 16:09:00,2023-06-17 17:46:48,Mumbai,23.09,97.8,1.0,283.99,Cash,Completed,4.8,5.0
OLA-TRIP-00190,OLA-CUST-0200,OLA-DRV-0035,Ola Prime SUV,2023-11-14 10:05:59,2023-11-14 11:31:59,Bengaluru,20.52,86.0,1.0,449.88,UPI,Completed,3.5,4.7
OLA-TRIP-00191,OLA-CUST-0075,OLA-DRV-0047,Ola Bike,2023-05-19 19:00:41,2023-05-19 19:36:59,Mumbai,12.19,36.3,1.2,105.77,Credit Card,Completed,4.1,3.4
OLA-TRIP-00192,OLA-CUST-0164,OLA-DRV-0074,Ola Bike,2025-05-12 14:31:20,2025-05-12 14:36:26,Jaipur,1.48,5.1,1.2,28.66,Credit Card,Completed,4.5,4.6
OLA-TRIP-00193,OLA-CUST-0055,OLA-DRV-0055,Ola Prime SUV,2025-09-26 07:06:08,,Kolkata,1.06,0.0,1.0,0.0,,No Show,,
OLA-TRIP-00194,OLA-CUST-0138,OLA-DRV-0066,Ola Bike,2025-12-12 17:31:11,2025-12-12 18:13:47,Chennai,17.02,42.6,1.0,117.12,Debit Card,Completed,4.2,4.8
OLA-TRIP-00195,OLA-CUST-0080,OLA-DRV-0070,Ola Mini,2023-10-05 00:09:36,,Hyderabad,21.33,0.0,1.0,0.0,,Cancelled by Rider,,
OLA-TRIP-00196,OLA-CUST-0123,OLA-DRV-0093,Ola Prime,2023-11-24 14:46:33,2023-11-24 15:04:57,Jaipur,5.66,18.4,1.0,129.9,UPI,Completed,4.7,4.4
OLA-TRIP-00197,OLA-CUST-0065,OLA-DRV-0059,Ola Prime,2024-03-15 05:25:59,2024-03-15 05:32:59,Pune,2.04,7.0,1.2,90.72,UPI,Completed,4.1,4.9
OLA-TRIP-00198,OLA-CUST-0112,OLA-DRV-0032,Ola Auto,2024-06-05 05:59:25,2024-06-05 06:54:07,Jaipur,20.94,54.7,1.0,208.46,Cash,Completed,4.7,3.2
OLA-TRIP-00199,OLA-CUST-0113,OLA-DRV-0092,Ola Prime,2025-04-03 16:15:40,2025-04-03 16:55:40,Pune,9.77,40.0,1.0,191.55,Credit Card,Completed,4.0,4.8
OLA-TRIP-00200,OLA-CUST-0135,OLA-DRV-0085,Ola Prime SUV,2024-08-24 14:37:00,2024-08-24 14:51:54,Bengaluru,3.98,14.9,2.0,271.24,Debit Card,Completed,4.8,4.1
OLA-TRIP-00201,OLA-CUST-0200,OLA-DRV-0014,Ola Mini,2024-02-22 02:45:10,2024-02-22 04:06:16,Bengaluru,18.62,81.1,1.0,234.82,Credit Card,Completed,3.9,4.3
OLA-TRIP-00202,OLA-CUST-0092,OLA-DRV-0086,Ola Prime,2025-02-24 23:59:46,2025-02-25 00:35:52,Mumbai,9.17,36.1,1.0,182.55,Cash,Completed,3.1,4.2
OLA-TRIP-00203,OLA-CUST-0011,OLA-DRV-0062,Ola Auto,2023-05-16 13:53:14,2023-05-16 14:55:56,Mumbai,19.73,62.7,1.0,197.57,Ola Money,Completed,5.0,3.5
OLA-TRIP-00204,OLA-CUST-0126,OLA-DRV-0095,Ola Mini,2025-12-29 04:13:04,,Mumbai,15.51,0.0,1.0,0.0,,Cancelled by Rider,,
OLA-TRIP-00205,OLA-CUST-0167,OLA-DRV-0026,Ola Auto,2025-08-13 17:18:27,2025-08-13 17:44:39,Pune,7.97,26.2,1.0,91.73,Credit Card,Completed,4.8,3.5
OLA-TRIP-00206,OLA-CUST-0041,OLA-DRV-0056,Ola Mini,2025-03-17 09:25:42,2025-03-17 10:07:42,Chennai,9.72,42.0,1.0,136.92,UPI,Completed,3.2,3.3
OLA-TRIP-00207,OLA-CUST-0006,OLA-DRV-0026,Ola Auto,2024-07-08 00:34:04,2024-07-08 01:10:52,Pune,9.06,36.8,1.0,101.54,UPI,Completed,4.5,4.7
OLA-TRIP-00208,OLA-CUST-0150,OLA-DRV-0093,Ola Prime,2024-02-15 10:39:49,2024-02-15 11:52:55,Jaipur,22.13,73.1,1.0,376.95,Ola Money,Completed,3.6,4.6
OLA-TRIP-00209,OLA-CUST-0038,OLA-DRV-0012,Ola Prime SUV,2024-06-26 22:33:18,2024-06-27 00:10:42,Bengaluru,22.75,97.4,1.0,492.25,Credit Card,Completed,4.7,4.4
OLA-TRIP-00210,OLA-CUST-0071,OLA-DRV-0080,Ola Auto,2024-02-15 09:39:31,2024-02-15 11:16:13,Bengaluru,22.08,96.7,1.0,218.72,Debit Card,Completed,4.3,3.0
OLA-TRIP-00211,OLA-CUST-0068,OLA-DRV-0043,Ola Bike,2024-07-08 14:34:33,2024-07-08 15:21:15,Bengaluru,15.34,46.7,1.0,107.04,Debit Card,Completed,4.8,4.1
OLA-TRIP-00212,OLA-CUST-0039,OLA-DRV-0041,Ola Prime,2024-11-23 10:54:32,2024-11-23 12:16:20,Kolkata,19.14,81.8,1.0,332.1,Debit Card,Completed,3.3,4.6
OLA-TRIP-00213,OLA-CUST-0124,OLA-DRV-0036,Ola Mini,2025-12-04 00:55:17,2025-12-04 01:57:11,Pune,23.03,61.9,1.0,283.33,Ola Money,Completed,4.3,4.7
OLA-TRIP-00214,OLA-CUST-0042,OLA-DRV-0097,Ola Share,2025-08-17 23:45:29,2025-08-18 00:18:11,Jaipur,9.51,32.7,1.0,81.57,UPI,Completed,3.2,4.3
OLA-TRIP-00215,OLA-CUST-0046,OLA-DRV-0002,Ola Share,2025-09-30 07:04:39,2025-09-30 07:23:51,Kolkata,7.4,19.2,1.2,80.16,Ola Money,Completed,3.1,4.4
OLA-TRIP-00216,OLA-CUST-0122,OLA-DRV-0052,Ola Share,2025-09-29 03:37:53,2025-09-29 04:16:29,Kochi,10.27,38.6,1.0,86.89,Debit Card,Completed,3.4,3.0
OLA-TRIP-00217,OLA-CUST-0013,OLA-DRV-0068,Ola Prime SUV,2025-03-19 19:49:51,2025-03-19 20:03:21,Ahmedabad,4.92,13.5,1.5,230.22,Credit Card,Completed,4.0,4.5
OLA-TRIP-00218,OLA-CUST-0083,OLA-DRV-0053,Ola Prime SUV,2024-03-25 16:31:19,,Bengaluru,24.2,0.0,1.0,0.0,,Cancelled by Rider,,
OLA-TRIP-00219,OLA-CUST-0112,OLA-DRV-0033,Ola Prime,2025-03-11 17:58:02,2025-03-11 18:44:02,Jaipur,18.37,46.0,1.0,320.55,Credit Card,Completed,3.8,4.7
OLA-TRIP-00220,OLA-CUST-0074,OLA-DRV-0072,Ola Prime,2025-09-24 19:01:01,2025-09-24 19:39:07,Chennai,14.65,38.1,1.0,264.75,Cash,Completed,3.9,4.6
OLA-TRIP-00221,OLA-CUST-0002,OLA-DRV-0068,Ola Prime SUV,2025-12-17 19:25:44,2025-12-17 19:45:08,Ahmedabad,6.94,19.4,1.0,191.86,Debit Card,Completed,3.7,4.1
OLA-TRIP-00222,OLA-CUST-0052,OLA-DRV-0079,Ola Bike,2025-11-11 08:38:51,2025-11-11 08:55:33,Ahmedabad,6.32,16.7,1.0,52.92,Cash,Completed,4.9,3.2
OLA-TRIP-00223,OLA-CUST-0082,OLA-DRV-0007,Ola Prime,2023-03-15 01:56:18,2023-03-15 03:03:06,Pune,16.17,66.8,1.0,287.55,UPI,Completed,3.4,3.1
OLA-TRIP-00224,OLA-CUST-0092,OLA-DRV-0004,Ola Mini,2024-02-09 12:20:22,2024-02-09 13:17:46,Mumbai,21.35,57.4,1.0,264.85,Ola Money,Completed,3.2,3.1
OLA-TRIP-00225,OLA-CUST-0056,OLA-DRV-0029,Ola Bike,2024-05-27 05:37:06,2024-05-27 07:20:36,Chennai,24.04,103.5,1.0,159.24,Credit Card,Completed,4.0,3.2
OLA-TRIP-00226,OLA-CUST-0146,OLA-DRV-0078,Ola Prime SUV,2024-01-05 18:36:05,2024-01-05 18:45:53,Delhi,2.21,9.8,1.0,101.99,Cash,Completed,3.2,4.7
OLA-TRIP-00227,OLA-CUST-0141,OLA-DRV-0093,Ola Prime,2025-05-21 07:26:30,,Jaipur,6.41,0.0,1.0,0.0,,Cancelled by Driver,,
OLA-TRIP-00228,OLA-CUST-0049,OLA-DRV-0080,Ola Auto,2024-05-03 11:32:38,2024-05-03 12:36:44,Bengaluru,15.88,64.1,1.2,195.5,Debit Card,Completed,3.8,3.7
OLA-TRIP-00229,OLA-CUST-0067,OLA-DRV-0058,Ola Share,2024-04-15 17:23:33,2024-04-15 18:07:09,Delhi,11.66,43.6,1.2,115.94,Cash,Completed,4.4,4.7
OLA-TRIP-00230,OLA-CUST-0054,OLA-DRV-0051,Ola Mini,2025-12-22 08:24:46,2025-12-22 08:53:46,Chennai,9.54,29.0,2.0,269.88,Cash,Completed,3.5,3.8
OLA-TRIP-00231,OLA-CUST-0021,OLA-DRV-0083,Ola Mini,2025-06-03 08:27:57,,Pune,22.36,0.0,1.0,0.0,,Cancelled by Rider,,
OLA-TRIP-00232,OLA-CUST-0093,OLA-DRV-0056,Ola Mini,2024-08-19 21:19:18,2024-08-19 21:50:12,Chennai,11.88,30.9,1.0,160.68,Credit Card,Completed,3.1,3.6
OLA-TRIP-00233,OLA-CUST-0088,OLA-DRV-0077,Ola Mini,2023-05-23 07:41:16,2023-05-23 08:15:16,Hyderabad,11.76,34.0,1.0,159.36,Debit Card,Completed,3.1,4.6
OLA-TRIP-00234,OLA-CUST-0159,OLA-DRV-0029,Ola Bike,2024-02-23 05:30:54,2024-02-23 06:28:18,Chennai,20.74,57.4,1.0,139.44,Debit Card,Completed,3.3,3.4
OLA-TRIP-00235,OLA-CUST-0069,OLA-DRV-0014,Ola Mini,2025-05-31 23:07:05,2025-05-31 23:59:05,Bengaluru,16.65,52.0,1.5,319.72,Cash,Completed,3.2,4.8
OLA-TRIP-00236,OLA-CUST-0062,OLA-DRV-0065,Ola Prime,2023-03-07 05:26:06,2023-03-07 05:58:36,Kolkata,11.58,32.5,1.5,328.05,Ola Money,Completed,4.3,3.8
OLA-TRIP-00237,OLA-CUST-0130,OLA-DRV-0094,Ola Bike,2024-10-31 12:40:08,,Delhi,5.41,0.0,1.0,0.0,,Cancelled by Driver,,
OLA-TRIP-00238,OLA-CUST-0078,OLA-DRV-0053,Ola Prime SUV,2025-02-27 03:51:49,2025-02-27 04:42:55,Bengaluru,12.71,51.1,1.5,452.24,UPI,Completed,4.3,4.6
OLA-TRIP-00239,OLA-CUST-0177,OLA-DRV-0061,Ola Bike,2024-06-08 00:30:05,2024-06-08 01:11:17,Delhi,12.84,41.2,1.2,110.45,Debit Card,Completed,3.6,3.5
OLA-TRIP-00240,OLA-CUST-0076,OLA-DRV-0098,Ola Prime,2025-06-10 15:31:38,2025-06-10 16:43:56,Hyderabad,22.57,72.3,2.0,767.1,Cash,Completed,3.6,3.4
OLA-TRIP-00241,OLA-CUST-0083,OLA-DRV-0080,Ola Auto,2023-10-26 13:00:39,2023-10-26 13:20:15,Bengaluru,5.61,19.6,2.0,140.98,Debit Card,Completed,4.5,4.8
OLA-TRIP-00242,OLA-CUST-0160,OLA-DRV-0019,Ola Bike,2025-12-23 03:05:12,2025-12-23 03:49:48,Hyderabad,10.87,44.6,2.0,160.44,Debit Card,Completed,3.3,4.0
OLA-TRIP-00243,OLA-CUST-0041,OLA-DRV-0072,Ola Prime,2025-11-15 02:02:24,2025-11-15 03:05:24,Chennai,20.02,63.0,1.0,345.3,Debit Card,Completed,3.6,4.7
OLA-TRIP-00244,OLA-CUST-0079,OLA-DRV-0045,Ola Prime,2023-08-20 14:47:28,2023-08-20 15:58:52,Hyderabad,17.68,71.4,1.0,310.2,UPI,Completed,3.9,4.7
OLA-TRIP-00245,OLA-CUST-0049,OLA-DRV-0043,Ola Bike,2024-11-24 04:06:41,2024-11-24 04:49:29,Bengaluru,10.82,42.8,1.5,119.88,Credit Card,Completed,5.0,4.5
OLA-TRIP-00246,OLA-CUST-0117,OLA-DRV-0051,Ola Mini,2023-06-01 16:12:36,2023-06-01 17:13:06,Chennai,18.45,60.5,1.5,349.42,Cash,Completed,3.3,4.0
OLA-TRIP-00247,OLA-CUST-0015,OLA-DRV-0005,Ola Share,2023-05-13 10:38:53,2023-05-13 11:03:05,Ahmedabad,9.23,24.2,1.0,79.61,Ola Money,Completed,3.5,4.8
OLA-TRIP-00248,OLA-CUST-0050,OLA-DRV-0038,Ola Prime,2023-01-21 22:46:23,2023-01-21 22:53:05,Kochi,2.13,6.7,1.2,92.34,UPI,Completed,3.4,3.8
OLA-TRIP-00249,OLA-CUST-0140,OLA-DRV-0008,Ola Auto,2024-08-06 15:02:02,2024-08-06 16:36:38,Mumbai,22.37,94.6,1.0,221.33,Cash,Completed,3.1,4.4
OLA-TRIP-00250,OLA-CUST-0078,OLA-DRV-0085,Ola Prime SUV,2024-11-19 21:52:21,2024-11-19 23:37:51,Bengaluru,24.02,105.5,1.2,619.66,UPI,Completed,4.9,3.7
OLA-TRIP-00251,OLA-CUST-0016,OLA-DRV-0060,Ola Auto,2024-10-17 14:05:51,2024-10-17 14:40:51,Kochi,11.08,35.0,1.0,119.72,Credit Card,Completed,3.3,4.6
OLA-TRIP-00252,OLA-CUST-0045,OLA-DRV-0084,Ola Auto,2025-05-06 14:14:08,,Pune,9.99,0.0,1.0,0.0,,Cancelled by Rider,,
OLA-TRIP-00253,OLA-CUST-0109,OLA-DRV-0096,Ola Prime SUV,2024-09-26 23:19:24,2024-09-26 23:57:54,Delhi,11.0,38.5,1.0,269.0,Debit Card,Completed,4.1,4.7
OLA-TRIP-00254,OLA-CUST-0130,OLA-DRV-0067,Ola Share,2025-01-25 06:27:50,2025-01-25 07:17:32,Delhi,16.34,49.7,1.0,129.38,Cash,Completed,4.5,4.1
OLA-TRIP-00255,OLA-CUST-0100,OLA-DRV-0073,Ola Share,2023-10-11 13:30:05,2023-10-11 14:17:05,Ahmedabad,11.92,47.0,1.0,98.44,UPI,Completed,4.9,3.2
OLA-TRIP-00256,OLA-CUST-0052,OLA-DRV-0079,Ola Bike,2025-10-17 23:20:15,2025-10-18 00:12:39,Ahmedabad,12.1,52.4,1.0,87.6,Ola Money,Completed,3.6,3.6
OLA-TRIP-00257,OLA-CUST-0084,OLA-DRV-0090,Ola Mini,2024-04-03 10:44:14,2024-04-03 11:59:56,Kochi,18.2,75.7,1.0,230.2,Cash,Completed,4.7,3.9
OLA-TRIP-00258,OLA-CUST-0121,OLA-DRV-0010,Ola Prime,2024-09-16 18:33:07,2024-09-16 19:52:43,Hyderabad,24.19,79.6,1.0,407.85,Cash,Completed,4.7,4.1
OLA-TRIP-00259,OLA-CUST-0032,OLA-DRV-0041,Ola Prime,2023-08-26 21:40:43,,Kolkata,19.86,0.0,2.0,0.0,,Cancelled by Rider,,
OLA-TRIP-00260,OLA-CUST-0027,OLA-DRV-0070,Ola Mini,2025-04-09 18:52:58,2025-04-09 20:11:40,Hyderabad,23.31,78.7,1.0,286.41,Debit Card,Completed,4.5,3.5
OLA-TRIP-00261,OLA-CUST-0109,OLA-DRV-0075,Ola Prime,2024-04-14 01:32:26,2024-04-14 02:25:50,Delhi,14.1,53.4,1.0,256.5,Cash,Completed,4.0,4.1
OLA-TRIP-00262,OLA-CUST-0193,OLA-DRV-0010,Ola Prime,2024-05-16 18:13:55,2024-05-16 19:02:13,Hyderabad,16.31,48.3,1.0,289.65,Ola Money,Completed,4.9,3.7
OLA-TRIP-00263,OLA-CUST-0041,OLA-DRV-0029,Ola Bike,2025-09-04 21:34:51,2025-09-04 21:46:39,Chennai,2.94,11.8,1.0,32.64,Ola Money,Completed,3.1,4.8
OLA-TRIP-00264,OLA-CUST-0107,OLA-DRV-0068,Ola Prime SUV,2025-07-23 09:06:46,2025-07-23 10:25:52,Ahmedabad,20.45,79.1,1.0,448.55,UPI,Completed,3.7,3.1
OLA-TRIP-00265,OLA-CUST-0167,OLA-DRV-0059,Ola Prime,2024-04-05 15:57:30,2024-04-05 16:56:54,Pune,16.84,59.4,1.0,297.6,Credit Card,Completed,4.9,4.9
OLA-TRIP-00266,OLA-CUST-0108,OLA-DRV-0084,Ola Auto,2025-04-05 06:04:08,2025-04-05 07:13:20,Pune,19.27,69.2,1.0,193.43,Credit Card,Completed,3.4,3.1
OLA-TRIP-00267,OLA-CUST-0111,OLA-DRV-0098,Ola Prime,2024-11-22 04:22:30,2024-11-22 04:37:42,Hyderabad,4.32,15.2,1.2,131.76,Ola Money,Completed,4.8,3.5
OLA-TRIP-00268,OLA-CUST-0152,OLA-DRV-0024,Ola Prime,2023-10-27 05:46:09,2023-10-27 06:55:51,Delhi,23.79,69.7,1.0,401.85,Ola Money,Completed,3.8,4.4
OLA-TRIP-00269,OLA-CUST-0005,OLA-DRV-0043,Ola Bike,2024-11-30 14:07:41,2024-11-30 14:36:17,Bengaluru,9.89,28.6,1.5,111.51,Ola Money,Completed,3.9,4.7
OLA-TRIP-00270,OLA-CUST-0087,OLA-DRV-0075,Ola Prime,2024-01-14 23:32:55,,Delhi,23.59,0.0,2.0,0.0,,No Show,,
OLA-TRIP-00271,OLA-CUST-0104,OLA-DRV-0064,Ola Prime,2025-09-18 17:45:56,,Ahmedabad,10.72,0.0,1.0,0.0,,Cancelled by Driver,,
OLA-TRIP-00272,OLA-CUST-0057,OLA-DRV-0069,Ola Bike,2025-05-16 21:56:56,2025-05-16 22:42:20,Mumbai,14.02,45.4,1.0,99.12,Credit Card,Completed,3.3,4.1
OLA-TRIP-00273,OLA-CUST-0066,OLA-DRV-0038,Ola Prime,2025-06-10 04:30:20,2025-06-10 05:36:08,Kochi,21.9,65.8,1.2,448.2,Credit Card,Completed,3.1,3.7
OLA-TRIP-00274,OLA-CUST-0099,OLA-DRV-0085,Ola Prime SUV,2025-01-06 03:52:37,2025-01-06 04:53:31,Bengaluru,17.12,60.9,1.5,577.92,Debit Card,Completed,3.8,3.7
OLA-TRIP-00275,OLA-CUST-0075,OLA-DRV-0062,Ola Auto,2025-02-04 14:23:51,2025-02-04 14:47:39,Mumbai,8.85,23.8,1.0,99.65,Cash,Completed,4.9,3.2
OLA-TRIP-00276,OLA-CUST-0056,OLA-DRV-0051,Ola Mini,2024-03-09 14:41:52,2024-03-09 15:43:40,Chennai,20.24,61.8,1.2,303.17,Credit Card,Completed,4.2,4.7
OLA-TRIP-00277,OLA-CUST-0042,OLA-DRV-0074,Ola Bike,2023-03-24 07:04:20,2023-03-24 07:34:56,Jaipur,9.97,30.6,1.0,74.82,Credit Card,Completed,4.9,4.5
OLA-TRIP-00278,OLA-CUST-0029,OLA-DRV-0094,Ola Bike,2024-06-26 12:19:14,2024-06-26 13:01:20,Delhi,10.24,42.1,1.0,76.44,Credit Card,Completed,5.0,3.2
OLA-TRIP-00279,OLA-CUST-0009,OLA-DRV-0017,Ola Prime SUV,2024-02-22 04:03:09,2024-02-22 04:09:39,Delhi,2.56,6.5,1.0,108.64,Debit Card,Completed,3.3,3.9
OLA-TRIP-00280,OLA-CUST-0062,OLA-DRV-0088,Ola Auto,2023-10-25 14:48:00,2023-10-25 15:46:42,Kolkata,13.16,58.7,1.0,138.44,Cash,Completed,4.6,3.7
OLA-TRIP-00281,OLA-CUST-0095,OLA-DRV-0024,Ola Prime,2024-09-10 14:17:40,,Delhi,22.01,0.0,1.0,0.0,,No Show,,
OLA-TRIP-00282,OLA-CUST-0070,OLA-DRV-0082,Ola Share,2024-09-16 08:47:45,2024-09-16 09:56:51,Hyderabad,16.93,69.1,1.0,133.51,Ola Money,Completed,4.4,4.2
OLA-TRIP-00283,OLA-CUST-0170,OLA-DRV-0020,Ola Bike,2025-12-02 20:25:21,2025-12-02 20:47:15,Pune,7.03,21.9,1.0,57.18,Cash,Completed,4.1,4.8
OLA-TRIP-00284,OLA-CUST-0154,OLA-DRV-0028,Ola Prime,2023-04-19 17:13:33,,Pune,6.65,0.0,1.0,0.0,,Cancelled by Rider,,
OLA-TRIP-00285,OLA-CUST-0069,OLA-DRV-0085,Ola Prime SUV,2024-12-24 16:43:54,2024-12-24 17:23:24,Bengaluru,12.04,39.5,1.0,288.76,UPI,Completed,3.7,3.7
OLA-TRIP-00286,OLA-CUST-0087,OLA-DRV-0094,Ola Bike,2023-05-29 14:54:42,2023-05-29 15:34:24,Delhi,14.08,39.7,1.0,99.48,Cash,Completed,3.5,3.6
OLA-TRIP-00287,OLA-CUST-0077,OLA-DRV-0099,Ola Auto,2024-12-17 12:16:41,,Kochi,8.49,0.0,1.0,0.0,,Cancelled by Driver,,
OLA-TRIP-00288,OLA-CUST-0186,OLA-DRV-0043,Ola Bike,2025-11-20 15:09:09,,Bengaluru,22.05,0.0,1.0,0.0,,Cancelled by Rider,,
OLA-TRIP-00289,OLA-CUST-0004,OLA-DRV-0004,Ola Mini,2023-12-25 05:50:45,2023-12-25 06:51:03,Mumbai,14.68,60.3,1.2,229.78,Debit Card,Completed,5.0,3.6
OLA-TRIP-00290,OLA-CUST-0015,OLA-DRV-0021,Ola Mini,2025-09-26 02:49:46,2025-09-26 04:13:46,Ahmedabad,21.96,84.0,1.5,407.34,UPI,Completed,3.4,3.8
OLA-TRIP-00291,OLA-CUST-0176,OLA-DRV-0023,Ola Bike,2024-07-10 08:48:16,2024-07-10 09:05:04,Delhi,4.47,16.8,1.0,41.82,Debit Card,Completed,3.0,4.3
OLA-TRIP-00292,OLA-CUST-0146,OLA-DRV-0024,Ola Prime,2023-10-09 08:58:20,2023-10-09 09:28:02,Delhi,6.75,29.7,1.0,146.25,Credit Card,Completed,4.8,4.4
OLA-TRIP-00293,OLA-CUST-0167,OLA-DRV-0059,Ola Prime,2025-08-28 01:41:05,2025-08-28 02:13:05,Pune,11.63,32.0,1.2,263.34,Debit Card,Completed,3.6,4.7
OLA-TRIP-00294,OLA-CUST-0134,OLA-DRV-0073,Ola Share,2025-07-17 15:42:03,2025-07-17 16:10:03,Ahmedabad,9.13,28.0,1.2,94.69,Ola Money,Completed,4.8,4.9
OLA-TRIP-00295,OLA-CUST-0113,OLA-DRV-0020,Ola Bike,2023-04-12 00:20:54,2023-04-12 01:10:12,Pune,15.84,49.3,1.0,110.04,Debit Card,Completed,3.1,3.4
OLA-TRIP-00296,OLA-CUST-0054,OLA-DRV-0040,Ola Bike,2025-10-29 19:08:50,2025-10-29 19:22:38,Chennai,3.77,13.8,1.0,37.62,Ola Money,Completed,4.8,3.9
OLA-TRIP-00297,OLA-CUST-0041,OLA-DRV-0027,Ola Auto,2023-01-17 15:09:59,2023-01-17 15:50:11,Chennai,9.5,40.2,2.0,211.0,Cash,Completed,3.8,3.0
OLA-TRIP-00298,OLA-CUST-0091,OLA-DRV-0055,Ola Prime SUV,2025-07-16 08:09:27,2025-07-16 08:51:51,Kolkata,11.14,42.4,1.0,271.66,Debit Card,Completed,4.8,3.5
OLA-TRIP-00299,OLA-CUST-0134,OLA-DRV-0021,Ola Mini,2024-10-27 22:58:35,2024-10-27 23:07:47,Ahmedabad,2.79,9.2,1.2,72.83,UPI,Completed,4.6,3.7
OLA-TRIP-00300,OLA-CUST-0151,OLA-DRV-0066,Ola Bike,2024-08-13 06:42:25,2024-08-13 07:20:19,Chennai,8.52,37.9,1.2,79.34,UPI,Completed,4.6,4.0
OLA-TRIP-00301,OLA-CUST-0193,OLA-DRV-0070,Ola Mini,2025-07-29 03:00:32,2025-07-29 03:53:38,Hyderabad,15.31,53.1,1.0,198.41,Credit Card,Completed,3.2,4.6
OLA-TRIP-00302,OLA-CUST-0175,OLA-DRV-0079,Ola Bike,2023-08-15 09:20:40,2023-08-15 10:47:46,Ahmedabad,22.39,87.1,1.0,149.34,UPI,Completed,3.5,4.3
OLA-TRIP-00303,OLA-CUST-0097,OLA-DRV-0028,Ola Prime,2025-04-25 11:03:06,2025-04-25 12:00:42,Pune,14.17,57.6,1.0,257.55,Credit Card,Completed,3.1,3.2
OLA-TRIP-00304,OLA-CUST-0143,OLA-DRV-0077,Ola Mini,2023-06-04 08:13:51,2023-06-04 08:58:27,Hyderabad,11.19,44.6,1.0,153.09,Credit Card,Completed,3.5,4.3
OLA-TRIP-00305,OLA-CUST-0035,OLA-DRV-0029,Ola Bike,2025-04-25 20:41:22,2025-04-25 22:11:40,Chennai,23.7,90.3,1.0,157.2,Debit Card,Completed,4.2,3.8
OLA-TRIP-00306,OLA-CUST-0181,OLA-DRV-0070,Ola Mini,2023-02-13 22:13:58,2023-02-13 22:43:16,Hyderabad,8.58,29.3,1.0,124.38,Credit Card,Completed,4.9,4.9
OLA-TRIP-00307,OLA-CUST-0075,OLA-DRV-0071,Ola Auto,2025-02-06 20:01:56,,Mumbai,11.15,0.0,2.0,0.0,,No Show,,
OLA-TRIP-00308,OLA-CUST-0054,OLA-DRV-0066,Ola Bike,2025-05-28 17:26:18,2025-05-28 18:14:24,Chennai,12.52,48.1,1.5,135.18,Debit Card,Completed,4.2,4.8
OLA-TRIP-00309,OLA-CUST-0043,OLA-DRV-0035,Ola Prime SUV,2023-10-21 17:37:40,2023-10-21 18:41:22,Bengaluru,17.93,63.7,1.0,400.67,UPI,Completed,3.2,4.5
OLA-TRIP-00310,OLA-CUST-0068,OLA-DRV-0043,Ola Bike,2024-03-03 16:53:14,2024-03-03 17:12:44,Bengaluru,5.96,19.5,1.0,50.76,UPI,Completed,3.4,4.5
OLA-TRIP-00311,OLA-CUST-0034,OLA-DRV-0067,Ola Share,2024-12-26 20:12:11,2024-12-26 21:43:23,Delhi,24.34,91.2,1.5,278.07,Credit Card,Completed,3.0,3.9
OLA-TRIP-00312,OLA-CUST-0003,OLA-DRV-0098,Ola Prime,2024-03-12 15:33:18,2024-03-12 15:50:18,Hyderabad,5.77,17.0,1.2,157.86,UPI,Completed,3.0,3.1
OLA-TRIP-00313,OLA-CUST-0059,OLA-DRV-0030,Ola Share,2023-05-25 21:14:37,,Kochi,9.91,0.0,1.0,0.0,,No Show,,
OLA-TRIP-00314,OLA-CUST-0039,OLA-DRV-0015,Ola Bike,2023-05-11 10:16:02,2023-05-11 11:01:38,Kolkata,11.19,45.6,1.0,82.14,UPI,Completed,3.7,4.4
OLA-TRIP-00315,OLA-CUST-0073,OLA-DRV-0093,Ola Prime,2025-03-03 10:07:08,,Jaipur,9.15,0.0,1.0,0.0,,Cancelled by Rider,,
OLA-TRIP-00316,OLA-CUST-0143,OLA-DRV-0045,Ola Prime,2024-06-04 14:47:20,2024-06-04 15:38:08,Hyderabad,13.08,50.8,1.0,241.2,Credit Card,Completed,3.3,4.2
OLA-TRIP-00317,OLA-CUST-0032,OLA-DRV-0015,Ola Bike,2025-10-28 01:59:48,2025-10-28 02:22:12,Kolkata,8.81,22.4,1.0,67.86,Credit Card,Completed,3.1,4.7
OLA-TRIP-00318,OLA-CUST-0193,OLA-DRV-0045,Ola Prime,2024-09-03 03:50:47,2024-09-03 04:17:35,Hyderabad,7.21,26.8,1.0,153.15,Ola Money,Completed,3.8,4.1
OLA-TRIP-00319,OLA-CUST-0092,OLA-DRV-0069,Ola Bike,2025-08-20 21:59:04,2025-08-20 22:28:22,Mumbai,7.45,29.3,1.0,59.7,Debit Card,Completed,4.0,3.8
OLA-TRIP-00320,OLA-CUST-0075,OLA-DRV-0071,Ola Auto,2025-01-27 06:56:19,2025-01-27 08:13:19,Mumbai,24.36,77.0,1.0,239.24,Ola Money,Completed,4.5,3.5
OLA-TRIP-00321,OLA-CUST-0124,OLA-DRV-0084,Ola Auto,2023-07-04 05:39:47,,Pune,17.51,0.0,1.0,0.0,,Cancelled by Rider,,
OLA-TRIP-00322,OLA-CUST-0010,OLA-DRV-0082,Ola Share,2023-02-26 05:12:56,2023-02-26 06:31:02,Hyderabad,23.09,78.1,1.0,176.63,Debit Card,Completed,3.3,3.0
OLA-TRIP-00323,OLA-CUST-0081,OLA-DRV-0032,Ola Auto,2024-01-16 11:09:07,2024-01-16 12:01:49,Jaipur,13.3,52.7,1.5,209.55,Credit Card,Completed,3.7,3.1
OLA-TRIP-00324,OLA-CUST-0173,OLA-DRV-0034,Ola Bike,2025-05-05 16:52:25,2025-05-05 17:11:37,Jaipur,5.38,19.2,1.5,70.92,Cash,Completed,3.5,3.5
OLA-TRIP-00325,OLA-CUST-0103,OLA-DRV-0091,Ola Mini,2024-05-01 00:32:59,2024-05-01 01:09:41,Mumbai,11.48,36.7,1.0,156.28,Credit Card,Completed,4.0,3.1
OLA-TRIP-00326,OLA-CUST-0064,OLA-DRV-0011,Ola Bike,2024-02-08 22:37:02,2024-02-08 22:44:26,Mumbai,2.51,7.4,1.5,45.09,Cash,Completed,4.8,3.4
OLA-TRIP-00327,OLA-CUST-0051,OLA-DRV-0065,Ola Prime,2024-12-13 01:42:21,2024-12-13 02:13:27,Kolkata,9.11,31.1,1.5,272.47,UPI,Completed,3.2,4.7
OLA-TRIP-00328,OLA-CUST-0198,OLA-DRV-0055,Ola Prime SUV,2025-10-13 20:20:36,2025-10-13 20:53:18,Kolkata,11.04,32.7,2.0,539.52,Credit Card,Completed,4.7,3.6
OLA-TRIP-00329,OLA-CUST-0196,OLA-DRV-0037,Ola Prime,2023-08-27 17:35:03,,Kolkata,12.44,0.0,1.0,0.0,,Cancelled by Rider,,
OLA-TRIP-00330,OLA-CUST-0137,OLA-DRV-0054,Ola Auto,2025-12-18 07:59:08,2025-12-18 08:21:44,Ahmedabad,5.95,22.6,1.0,73.55,Ola Money,Completed,3.5,4.8
OLA-TRIP-00331,OLA-CUST-0168,OLA-DRV-0027,Ola Auto,2024-12-21 13:10:16,,Chennai,12.66,0.0,1.2,0.0,,Cancelled by Driver,,
OLA-TRIP-00332,OLA-CUST-0102,OLA-DRV-0003,Ola Prime SUV,2023-07-30 21:00:57,2023-07-30 21:19:27,Pune,4.45,18.5,1.0,144.55,Credit Card,Completed,3.2,3.2
OLA-TRIP-00333,OLA-CUST-0073,OLA-DRV-0097,Ola Share,2023-11-27 14:30:14,2023-11-27 15:06:26,Jaipur,11.0,36.2,1.5,138.0,Ola Money,Completed,4.2,4.6
OLA-TRIP-00334,OLA-CUST-0148,OLA-DRV-0071,Ola Auto,2024-11-12 04:11:20,2024-11-12 04:35:56,Mumbai,8.77,24.6,1.2,118.72,Credit Card,Completed,3.0,3.4
OLA-TRIP-00335,OLA-CUST-0106,OLA-DRV-0049,Ola Mini,2025-07-28 21:19:16,,Kochi,5.91,0.0,1.0,0.0,,No Show,,
OLA-TRIP-00336,OLA-CUST-0117,OLA-DRV-0027,Ola Auto,2023-12-04 21:19:28,,Chennai,4.63,0.0,1.0,0.0,,Cancelled by Rider,,
OLA-TRIP-00337,OLA-CUST-0084,OLA-DRV-0049,Ola Mini,2025-01-26 10:11:20,2025-01-26 11:24:38,Kochi,20.03,73.3,1.0,250.33,Cash,Completed,3.4,4.6
OLA-TRIP-00338,OLA-CUST-0119,OLA-DRV-0078,Ola Prime SUV,2024-05-20 22:53:48,2024-05-20 23:06:42,Delhi,4.14,12.9,1.0,138.66,Debit Card,Completed,4.7,3.2
OLA-TRIP-00339,OLA-CUST-0159,OLA-DRV-0016,Ola Bike,2024-04-21 04:40:36,,Chennai,3.73,0.0,1.0,0.0,,Cancelled by Driver,,
OLA-TRIP-00340,OLA-CUST-0150,OLA-DRV-0093,Ola Prime,2025-07-28 13:20:12,2025-07-28 13:49:36,Jaipur,9.53,29.4,1.0,187.95,UPI,Completed,3.7,4.6
OLA-TRIP-00341,OLA-CUST-0056,OLA-DRV-0072,Ola Prime,2025-01-28 03:31:54,2025-01-28 03:59:12,Chennai,10.73,27.3,1.0,205.95,Ola Money,Completed,4.7,4.9
OLA-TRIP-00342,OLA-CUST-0094,OLA-DRV-0068,Ola Prime SUV,2025-01-30 04:28:30,2025-01-30 04:55:06,Ahmedabad,6.36,26.6,1.0,180.84,Credit Card,Completed,4.4,3.0
OLA-TRIP-00343,OLA-CUST-0136,OLA-DRV-0070,Ola Mini,2025-01-17 20:16:45,2025-01-17 20:49:57,Hyderabad,12.37,33.2,1.0,166.07,Credit Card,Completed,4.2,4.5
OLA-TRIP-00344,OLA-CUST-0143,OLA-DRV-0045,Ola Prime,2025-03-29 12:43:18,,Hyderabad,19.31,0.0,1.0,0.0,,No Show,,
OLA-TRIP-00345,OLA-CUST-0104,OLA-DRV-0073,Ola Share,2025-08-20 20:01:53,2025-08-20 21:36:29,Ahmedabad,22.82,94.6,1.0,174.74,Debit Card,Completed,4.4,3.2
OLA-TRIP-00346,OLA-CUST-0154,OLA-DRV-0028,Ola Prime,2025-10-26 12:51:33,2025-10-26 13:54:51,Pune,18.72,63.3,1.0,325.8,Credit Card,Completed,4.9,3.5
OLA-TRIP-00347,OLA-CUST-0187,OLA-DRV-0004,Ola Mini,2025-04-29 07:00:23,2025-04-29 07:42:59,Mumbai,12.07,42.6,1.2,195.32,Debit Card,Completed,3.5,3.9
OLA-TRIP-00348,OLA-CUST-0135,OLA-DRV-0012,Ola Prime SUV,2023-12-09 15:55:52,2023-12-09 16:59:28,Bengaluru,16.28,63.6,1.2,443.18,Credit Card,Completed,4.4,3.9
OLA-TRIP-00349,OLA-CUST-0038,OLA-DRV-0018,Ola Bike,2023-06-26 13:56:43,,Bengaluru,13.73,0.0,1.0,0.0,,Cancelled by Driver,,
OLA-TRIP-00350,OLA-CUST-0033,OLA-DRV-0009,Ola Prime,2025-12-26 09:45:40,2025-12-26 09:50:34,Kolkata,1.79,4.9,2.0,143.7,Debit Card,Completed,4.5,4.8
OLA-TRIP-00351,OLA-CUST-0106,OLA-DRV-0099,Ola Auto,2023-02-22 08:32:04,2023-02-22 09:26:28,Kochi,21.19,54.4,1.2,252.85,Cash,Completed,3.2,4.0
OLA-TRIP-00352,OLA-CUST-0004,OLA-DRV-0091,Ola Mini,2025-09-27 16:43:03,2025-09-27 17:34:27,Mumbai,14.33,51.4,1.2,225.16,UPI,Completed,3.8,4.2
OLA-TRIP-00353,OLA-CUST-0095,OLA-DRV-0096,Ola Prime SUV,2025-01-26 23:05:18,2025-01-26 23:44:00,Delhi,13.4,38.7,1.0,314.6,Cash,Completed,3.0,3.2
OLA-TRIP-00354,OLA-CUST-0192,OLA-DRV-0087,Ola Mini,2023-07-14 10:03:11,2023-07-14 10:18:11,Ahmedabad,5.33,15.0,1.0,88.63,Credit Card,Completed,4.4,3.9
OLA-TRIP-00355,OLA-CUST-0107,OLA-DRV-0068,Ola Prime SUV,2025-01-05 13:32:40,2025-01-05 14:12:58,Ahmedabad,9.47,40.3,1.0,239.93,Ola Money,Completed,4.5,3.3
OLA-TRIP-00356,OLA-CUST-0001,OLA-DRV-0055,Ola Prime SUV,2025-09-12 08:10:01,,Kolkata,9.33,0.0,1.0,0.0,,Cancelled by Rider,,
OLA-TRIP-00357,OLA-CUST-0030,OLA-DRV-0061,Ola Bike,2023-08-22 14:24:23,2023-08-22 14:31:17,Delhi,2.43,6.9,1.5,44.37,Credit Card,Completed,4.6,4.7
OLA-TRIP-00358,OLA-CUST-0183,OLA-DRV-0027,Ola Auto,2023-02-24 06:45:29,2023-02-24 06:51:11,Chennai,1.87,5.7,1.0,36.83,Ola Money,Completed,3.2,4.6
OLA-TRIP-00359,OLA-CUST-0164,OLA-DRV-0074,Ola Bike,2025-06-26 19:42:03,2025-06-26 20:44:39,Jaipur,18.43,62.6,1.0,125.58,Credit Card,Completed,4.5,3.4
OLA-TRIP-00360,OLA-CUST-0028,OLA-DRV-0089,Ola Prime,2023-12-08 07:09:51,2023-12-08 08:02:51,Kochi,15.07,53.0,1.0,271.05,Ola Money,Completed,4.5,4.6
OLA-TRIP-00361,OLA-CUST-0075,OLA-DRV-0047,Ola Bike,2023-08-28 11:27:12,2023-08-28 12:33:42,Mumbai,19.76,66.5,1.0,133.56,Credit Card,Completed,3.0,3.7
OLA-TRIP-00362,OLA-CUST-0050,OLA-DRV-0090,Ola Mini,2023-03-04 08:19:11,2023-03-04 09:14:41,Kochi,20.13,55.5,1.0,251.43,UPI,Completed,4.4,3.1
OLA-TRIP-00363,OLA-CUST-0200,OLA-DRV-0057,Ola Prime SUV,2025-10-30 10:55:52,2025-10-30 11:29:16,Bengaluru,9.61,33.4,1.0,242.59,Debit Card,Completed,4.4,4.9
OLA-TRIP-00364,OLA-CUST-0016,OLA-DRV-0031,Ola Mini,2024-11-09 14:20:28,2024-11-09 15:17:52,Kochi,21.64,57.4,1.2,321.65,Credit Card,Completed,4.3,3.6
OLA-TRIP-00365,OLA-CUST-0007,OLA-DRV-0075,Ola Prime,2025-11-18 06:11:57,,Delhi,12.45,0.0,1.0,0.0,,Cancelled by Rider,,
OLA-TRIP-00366,OLA-CUST-0098,OLA-DRV-0070,Ola Mini,2024-06-24 01:40:40,2024-06-24 02:03:28,Hyderabad,9.0,22.8,1.0,129.0,Credit Card,Completed,4.9,4.1
OLA-TRIP-00367,OLA-CUST-0125,OLA-DRV-0053,Ola Prime SUV,2025-07-04 19:42:55,2025-07-04 20:46:43,Bengaluru,23.25,63.8,1.2,602.1,UPI,Completed,3.6,3.0
OLA-TRIP-00368,OLA-CUST-0176,OLA-DRV-0061,Ola Bike,2023-06-13 14:44:25,2023-06-13 15:52:49,Delhi,24.11,68.4,1.5,239.49,UPI,Completed,4.4,3.6
OLA-TRIP-00369,OLA-CUST-0153,OLA-DRV-0096,Ola Prime SUV,2025-10-16 00:20:07,,Delhi,16.38,0.0,1.2,0.0,,Cancelled by Rider,,
OLA-TRIP-00370,OLA-CUST-0092,OLA-DRV-0044,Ola Auto,2024-07-27 01:01:24,2024-07-27 01:51:12,Mumbai,16.66,49.8,1.0,169.94,Cash,Completed,4.6,4.2
OLA-TRIP-00371,OLA-CUST-0107,OLA-DRV-0005,Ola Share,2024-11-28 01:46:35,,Ahmedabad,17.23,0.0,1.5,0.0,,Cancelled by Driver,,
OLA-TRIP-00372,OLA-CUST-0083,OLA-DRV-0057,Ola Prime SUV,2025-12-18 16:12:04,2025-12-18 17:44:10,Bengaluru,20.75,92.1,1.0,454.25,Ola Money,Completed,3.1,3.5
OLA-TRIP-00373,OLA-CUST-0039,OLA-DRV-0048,Ola Auto,2025-08-04 09:42:54,2025-08-04 10:51:48,Kolkata,20.18,68.9,1.5,302.43,Cash,Completed,3.3,3.9
OLA-TRIP-00374,OLA-CUST-0023,OLA-DRV-0025,Ola Prime,2023-06-12 08:26:44,2023-06-12 08:55:56,Ahmedabad,8.23,29.2,1.0,168.45,Cash,Completed,3.5,4.1
OLA-TRIP-00375,OLA-CUST-0131,OLA-DRV-0004,Ola Mini,2023-10-21 15:41:21,2023-10-21 16:47:33,Mumbai,21.57,66.2,1.0,267.27,Debit Card,Completed,4.7,3.2
OLA-TRIP-00376,OLA-CUST-0050,OLA-DRV-0052,Ola Share,2025-10-19 09:17:04,2025-10-19 09:26:04,Kochi,2.96,9.0,1.0,35.72,UPI,Completed,4.4,3.7
OLA-TRIP-00377,OLA-CUST-0007,OLA-DRV-0023,Ola Bike,2024-12-26 18:19:31,,Delhi,4.53,0.0,1.0,0.0,,Cancelled by Rider,,
OLA-TRIP-00378,OLA-CUST-0085,OLA-DRV-0054,Ola Auto,2025-05-21 11:08:16,,Ahmedabad,10.09,0.0,1.0,0.0,,Cancelled by Driver,,
OLA-TRIP-00379,OLA-CUST-0143,OLA-DRV-0082,Ola Share,2024-11-04 05:51:00,2024-11-04 06:57:00,Hyderabad,15.43,66.0,1.0,123.01,Ola Money,Completed,5.0,3.0
OLA-TRIP-00380,OLA-CUST-0111,OLA-DRV-0045,Ola Prime,2024-01-07 00:08:09,2024-01-07 01:24:51,Hyderabad,18.82,76.7,1.0,327.3,Credit Card,Completed,4.8,3.7
OLA-TRIP-00381,OLA-CUST-0105,OLA-DRV-0027,Ola Auto,2024-07-28 08:37:59,2024-07-28 09:42:59,Chennai,16.07,65.0,1.0,164.63,Debit Card,Completed,4.4,4.6
OLA-TRIP-00382,OLA-CUST-0181,OLA-DRV-0019,Ola Bike,2025-08-01 17:48:34,2025-08-01 18:28:40,Hyderabad,11.13,40.1,1.0,81.78,Ola Money,Completed,4.1,5.0
OLA-TRIP-00383,OLA-CUST-0048,OLA-DRV-0032,Ola Auto,2023-06-23 00:00:43,2023-06-23 00:26:49,Jaipur,5.94,26.1,1.0,73.46,Credit Card,Completed,4.8,3.8
OLA-TRIP-00384,OLA-CUST-0198,OLA-DRV-0039,Ola Mini,2025-09-26 08:26:35,2025-09-26 08:57:35,Kolkata,11.65,31.0,1.0,158.15,Credit Card,Completed,4.5,3.2
OLA-TRIP-00385,OLA-CUST-0111,OLA-DRV-0070,Ola Mini,2023-10-02 12:14:49,2023-10-02 12:50:49,Hyderabad,8.82,36.0,2.0,254.04,Ola Money,Completed,3.6,4.9
OLA-TRIP-00386,OLA-CUST-0091,OLA-DRV-0055,Ola Prime SUV,2023-12-02 05:08:53,,Kolkata,1.16,0.0,1.0,0.0,,Cancelled by Driver,,
OLA-TRIP-00387,OLA-CUST-0019,OLA-DRV-0046,Ola Share,2025-07-12 08:03:10,,Kolkata,17.48,0.0,1.0,0.0,,Cancelled by Rider,,
OLA-TRIP-00388,OLA-CUST-0097,OLA-DRV-0022,Ola Share,2023-03-31 01:13:58,2023-03-31 01:51:52,Pune,11.4,37.9,1.0,94.8,Debit Card,Completed,4.6,4.8
OLA-TRIP-00389,OLA-CUST-0147,OLA-DRV-0004,Ola Mini,2024-11-28 02:59:36,2024-11-28 03:42:30,Mumbai,12.17,42.9,1.0,163.87,UPI,Completed,4.9,4.4
OLA-TRIP-00390,OLA-CUST-0072,OLA-DRV-0045,Ola Prime,2023-06-08 17:40:22,2023-06-08 19:14:22,Hyderabad,21.85,94.0,1.0,372.75,Ola Money,Completed,3.4,3.5
OLA-TRIP-00391,OLA-CUST-0094,OLA-DRV-0079,Ola Bike,2024-03-21 03:47:42,,Ahmedabad,24.0,0.0,1.0,0.0,,No Show,,
OLA-TRIP-00392,OLA-CUST-0149,OLA-DRV-0081,Ola Share,2024-09-23 10:04:33,,Chennai,21.94,0.0,1.0,0.0,,Cancelled by Rider,,
OLA-TRIP-00393,OLA-CUST-0081,OLA-DRV-0097,Ola Share,2025-03-23 20:50:20,2025-03-23 21:13:20,Jaipur,5.17,23.0,1.2,61.43,Cash,Completed,3.5,4.3
OLA-TRIP-00394,OLA-CUST-0168,OLA-DRV-0016,Ola Bike,2023-12-24 23:20:11,2023-12-25 00:11:29,Chennai,12.02,51.3,1.0,87.12,Ola Money,Completed,3.6,4.6
OLA-TRIP-00395,OLA-CUST-0054,OLA-DRV-0001,Ola Auto,2023-03-26 19:02:36,2023-03-26 20:22:30,Chennai,19.61,79.9,1.0,196.49,Credit Card,Completed,3.1,3.2
OLA-TRIP-00396,OLA-CUST-0062,OLA-DRV-0041,Ola Prime,2025-02-16 12:55:58,2025-02-16 13:40:40,Kolkata,17.13,44.7,1.0,301.95,Debit Card,Completed,4.8,3.6
OLA-TRIP-00397,OLA-CUST-0071,OLA-DRV-0014,Ola Mini,2025-03-06 15:58:15,2025-03-06 16:58:27,Bengaluru,19.65,60.2,1.0,246.15,Credit Card,Completed,3.8,4.4
OLA-TRIP-00398,OLA-CUST-0081,OLA-DRV-0032,Ola Auto,2023-11-04 22:55:43,2023-11-04 23:23:31,Jaipur,10.9,27.8,1.0,118.1,Ola Money,Completed,3.6,4.5
OLA-TRIP-00399,OLA-CUST-0156,OLA-DRV-0032,Ola Auto,2025-06-14 07:53:19,2025-06-14 08:12:31,Jaipur,7.65,19.2,1.0,88.85,Credit Card,Completed,3.1,3.6
OLA-TRIP-00400,OLA-CUST-0027,OLA-DRV-0070,Ola Mini,2023-04-22 22:08:05,2023-04-22 22:26:29,Hyderabad,5.53,18.4,1.2,109.0,Cash,Completed,4.7,4.2
OLA-TRIP-00401,OLA-CUST-0022,OLA-DRV-0061,Ola Bike,2025-08-26 05:02:40,2025-08-26 05:34:16,Delhi,11.16,31.6,1.0,81.96,Debit Card,Completed,4.1,3.7
OLA-TRIP-00402,OLA-CUST-0060,OLA-DRV-0093,Ola Prime,2024-09-10 23:53:19,2024-09-11 00:29:01,Jaipur,8.98,35.7,2.0,359.4,Cash,Completed,3.7,4.0
OLA-TRIP-00403,OLA-CUST-0058,OLA-DRV-0094,Ola Bike,2024-05-24 22:30:50,2024-05-24 22:56:20,Delhi,7.54,25.5,1.5,90.36,Credit Card,Completed,4.8,3.2
OLA-TRIP-00404,OLA-CUST-0117,OLA-DRV-0040,Ola Bike,2023-10-28 15:25:09,,Chennai,11.07,0.0,1.0,0.0,,Cancelled by Rider,,
OLA-TRIP-00405,OLA-CUST-0094,OLA-DRV-0068,Ola Prime SUV,2024-02-07 11:08:49,2024-02-07 11:51:25,Ahmedabad,15.83,42.6,1.0,360.77,UPI,Completed,4.4,5.0
OLA-TRIP-00406,OLA-CUST-0155,OLA-DRV-0085,Ola Prime SUV,2024-11-18 05:09:46,2024-11-18 05:48:40,Bengaluru,12.35,38.9,1.0,294.65,Credit Card,Completed,4.5,3.1
OLA-TRIP-00407,OLA-CUST-0002,OLA-DRV-0073,Ola Share,2023-01-04 06:24:26,,Ahmedabad,3.09,0.0,1.0,0.0,,Cancelled by Driver,,
OLA-TRIP-00408,OLA-CUST-0155,OLA-DRV-0080,Ola Auto,2024-01-30 00:02:40,2024-01-30 00:45:10,Bengaluru,11.7,42.5,1.0,125.3,Credit Card,Completed,4.3,3.2
OLA-TRIP-00409,OLA-CUST-0101,OLA-DRV-0021,Ola Mini,2024-06-14 01:38:02,2024-06-14 02:50:14,Ahmedabad,24.0,72.2,1.0,294.0,Cash,Completed,4.6,4.9
OLA-TRIP-00410,OLA-CUST-0008,OLA-DRV-0094,Ola Bike,2023-02-19 08:35:05,2023-02-19 10:16:29,Delhi,24.05,101.4,1.0,159.3,Ola Money,Completed,3.1,3.4
OLA-TRIP-00411,OLA-CUST-0159,OLA-DRV-0051,Ola Mini,2025-03-20 22:33:44,2025-03-20 22:57:14,Chennai,7.64,23.5,1.0,114.04,Credit Card,Completed,4.7,4.7
OLA-TRIP-00412,OLA-CUST-0166,OLA-DRV-0011,Ola Bike,2025-09-26 02:06:42,2025-09-26 03:17:06,Mumbai,17.36,70.4,1.0,119.16,Debit Card,Completed,3.3,4.3
OLA-TRIP-00413,OLA-CUST-0088,OLA-DRV-0077,Ola Mini,2023-09-13 13:47:40,2023-09-13 15:10:04,Hyderabad,21.12,82.4,1.5,393.48,UPI,Completed,4.3,3.5
OLA-TRIP-00414,OLA-CUST-0037,OLA-DRV-0093,Ola Prime,2025-06-28 21:31:44,,Jaipur,17.76,0.0,1.0,0.0,,Cancelled by Driver,,
OLA-TRIP-00415,OLA-CUST-0078,OLA-DRV-0053,Ola Prime SUV,2025-10-31 12:57:19,2025-10-31 13:55:25,Bengaluru,18.06,58.1,1.0,403.14,Debit Card,Completed,3.3,3.4
OLA-TRIP-00416,OLA-CUST-0112,OLA-DRV-0074,Ola Bike,2023-12-02 12:31:45,2023-12-02 13:15:09,Jaipur,16.5,43.4,1.0,114.0,Debit Card,Completed,4.0,3.9
OLA-TRIP-00417,OLA-CUST-0110,OLA-DRV-0004,Ola Mini,2025-02-14 13:15:31,2025-02-14 13:39:37,Mumbai,6.67,24.1,1.0,103.37,Ola Money,Completed,3.1,3.9
OLA-TRIP-00418,OLA-CUST-0182,OLA-DRV-0089,Ola Prime,2023-04-08 17:59:52,,Kochi,15.98,0.0,1.0,0.0,,Cancelled by Rider,,
OLA-TRIP-00419,OLA-CUST-0008,OLA-DRV-0017,Ola Prime SUV,2024-02-16 07:37:38,,Delhi,9.62,0.0,1.0,0.0,,Cancelled by Driver,,
OLA-TRIP-00420,OLA-CUST-0123,OLA-DRV-0033,Ola Prime,2023-05-19 05:37:37,2023-05-19 05:49:55,Jaipur,3.87,12.3,1.0,103.05,UPI,Completed,4.4,3.3
OLA-TRIP-00421,OLA-CUST-0119,OLA-DRV-0096,Ola Prime SUV,2023-05-01 00:35:25,2023-05-01 01:48:55,Delhi,18.68,73.5,1.2,497.9,Cash,Completed,3.6,4.1
OLA-TRIP-00422,OLA-CUST-0138,OLA-DRV-0029,Ola Bike,2025-07-29 19:13:51,2025-07-29 19:21:45,Chennai,1.92,7.9,2.0,53.04,Debit Card,Completed,4.7,3.3
OLA-TRIP-00423,OLA-CUST-0100,OLA-DRV-0073,Ola Share,2023-06-05 11:44:02,2023-06-05 12:49:08,Ahmedabad,19.36,65.1,1.0,150.52,Cash,Completed,3.8,4.1
OLA-TRIP-00424,OLA-CUST-0143,OLA-DRV-0010,Ola Prime,2025-08-31 04:05:43,2025-08-31 04:35:07,Hyderabad,8.08,29.4,1.0,166.2,UPI,Completed,4.8,4.4
OLA-TRIP-00425,OLA-CUST-0010,OLA-DRV-0019,Ola Bike,2023-11-04 16:08:31,2023-11-04 16:31:49,Hyderabad,7.54,23.3,2.0,120.48,Ola Money,Completed,5.0,3.8
OLA-TRIP-00426,OLA-CUST-0164,OLA-DRV-0097,Ola Share,2023-04-07 17:52:12,2023-04-07 18:24:48,Jaipur,10.02,32.6,1.0,85.14,Debit Card,Completed,3.9,3.1
OLA-TRIP-00427,OLA-CUST-0052,OLA-DRV-0068,Ola Prime SUV,2025-07-26 11:35:24,2025-07-26 12:50:36,Ahmedabad,18.72,75.2,1.0,415.68,Credit Card,Completed,3.3,3.9
OLA-TRIP-00428,OLA-CUST-0116,OLA-DRV-0071,Ola Auto,2025-01-01 14:51:55,2025-01-01 15:54:07,Mumbai,19.37,62.2,1.5,291.5,Ola Money,Completed,3.3,3.2
OLA-TRIP-00429,OLA-CUST-0064,OLA-DRV-0086,Ola Prime,2025-04-15 16:43:34,2025-04-15 17:35:22,Mumbai,17.78,51.8,1.2,374.04,Credit Card,Completed,4.8,4.0
OLA-TRIP-00430,OLA-CUST-0190,OLA-DRV-0096,Ola Prime SUV,2023-12-14 20:21:41,2023-12-14 20:58:05,Delhi,14.38,36.4,1.2,399.86,Credit Card,Completed,4.2,3.4
OLA-TRIP-00431,OLA-CUST-0009,OLA-DRV-0075,Ola Prime,2023-12-12 07:54:53,2023-12-12 08:38:35,Delhi,13.42,43.7,1.5,369.45,Credit Card,Completed,3.2,4.0
OLA-TRIP-00432,OLA-CUST-0174,OLA-DRV-0077,Ola Mini,2025-07-04 15:26:21,2025-07-04 16:34:21,Hyderabad,21.53,68.0,1.5,400.25,Ola Money,Completed,4.4,4.9
OLA-TRIP-00433,OLA-CUST-0142,OLA-DRV-0038,Ola Prime,2024-10-17 20:49:56,,Kochi,21.45,0.0,1.0,0.0,,Cancelled by Rider,,
OLA-TRIP-00434,OLA-CUST-0074,OLA-DRV-0016,Ola Bike,2023-12-30 12:24:41,2023-12-30 12:56:41,Chennai,9.46,32.0,1.0,71.76,Debit Card,Completed,3.6,3.7
OLA-TRIP-00435,OLA-CUST-0190,OLA-DRV-0094,Ola Bike,2024-07-15 04:48:54,2024-07-15 04:56:24,Delhi,1.78,7.5,1.0,25.68,Ola Money,Completed,3.6,4.8
OLA-TRIP-00436,OLA-CUST-0019,OLA-DRV-0055,Ola Prime SUV,2024-01-09 12:01:33,2024-01-09 12:52:27,Kolkata,18.04,50.9,1.2,483.31,UPI,Completed,4.7,3.4
OLA-TRIP-00437,OLA-CUST-0193,OLA-DRV-0010,Ola Prime,2023-08-12 20:04:10,2023-08-12 20:46:46,Hyderabad,16.08,42.6,1.0,286.2,Credit Card,Completed,3.7,3.8
OLA-TRIP-00438,OLA-CUST-0148,OLA-DRV-0044,Ola Auto,2024-01-05 14:35:18,2024-01-05 14:46:48,Mumbai,3.47,11.5,1.5,76.84,Cash,Completed,4.8,4.5
OLA-TRIP-00439,OLA-CUST-0029,OLA-DRV-0076,Ola Share,2023-06-17 10:22:04,2023-06-17 10:37:46,Delhi,4.64,15.7,1.0,47.48,Ola Money,Completed,3.7,4.6
OLA-TRIP-00440,OLA-CUST-0160,OLA-DRV-0082,Ola Share,2025-06-17 20:11:29,2025-06-17 21:43:11,Hyderabad,23.99,91.7,1.0,182.93,Cash,Completed,3.6,4.5
OLA-TRIP-00441,OLA-CUST-0062,OLA-DRV-0065,Ola Prime,2025-03-27 04:42:35,2025-03-27 05:21:29,Kolkata,14.07,38.9,1.5,384.08,Cash,Completed,4.6,4.3
OLA-TRIP-00442,OLA-CUST-0159,OLA-DRV-0056,Ola Mini,2025-11-01 14:16:29,2025-11-01 15:43:23,Chennai,22.44,86.9,1.0,276.84,Cash,Completed,4.1,3.7
OLA-TRIP-00443,OLA-CUST-0039,OLA-DRV-0041,Ola Prime,2025-07-26 04:41:49,2025-07-26 04:48:43,Kolkata,2.46,6.9,1.0,81.9,Credit Card,Completed,3.7,3.0
OLA-TRIP-00444,OLA-CUST-0075,OLA-DRV-0086,Ola Prime,2024-09-14 08:47:33,2024-09-14 10:04:21,Mumbai,17.46,76.8,1.0,306.9,Ola Money,Completed,3.3,4.8
OLA-TRIP-00445,OLA-CUST-0078,OLA-DRV-0018,Ola Bike,2023-08-13 11:27:59,2023-08-13 12:50:41,Bengaluru,20.85,82.7,1.0,140.1,Credit Card,Completed,5.0,3.6
OLA-TRIP-00446,OLA-CUST-0095,OLA-DRV-0094,Ola Bike,2024-04-02 03:09:57,2024-04-02 04:21:57,Delhi,17.86,72.0,1.0,122.16,UPI,Completed,3.8,4.1
OLA-TRIP-00447,OLA-CUST-0145,OLA-DRV-0023,Ola Bike,2023-02-16 17:24:17,,Delhi,23.88,0.0,1.5,0.0,,No Show,,
OLA-TRIP-00448,OLA-CUST-0181,OLA-DRV-0082,Ola Share,2023-12-12 15:11:43,2023-12-12 16:04:07,Hyderabad,15.49,52.4,1.0,123.43,Ola Money,Completed,4.6,3.7
OLA-TRIP-00449,OLA-CUST-0186,OLA-DRV-0057,Ola Prime SUV,2025-06-30 23:06:48,2025-06-30 23:42:18,Bengaluru,10.64,35.5,1.5,393.24,UPI,Completed,3.7,4.5
OLA-TRIP-00450,OLA-CUST-0025,OLA-DRV-0084,Ola Auto,2025-04-08 16:13:53,2025-04-08 17:19:23,Pune,22.03,65.5,1.0,218.27,Debit Card,Completed,4.9,4.1
OLA-TRIP-00451,OLA-CUST-0114,OLA-DRV-0093,Ola Prime,2023-07-03 20:11:38,,Jaipur,15.97,0.0,1.5,0.0,,Cancelled by Driver,,
OLA-TRIP-00452,OLA-CUST-0158,OLA-DRV-0072,Ola Prime,2023-12-05 07:43:13,2023-12-05 08:17:37,Chennai,11.79,34.4,1.0,221.85,Cash,Completed,3.2,4.4
OLA-TRIP-00453,OLA-CUST-0075,OLA-DRV-0047,Ola Bike,2025-03-23 08:25:17,2025-03-23 09:43:53,Mumbai,21.28,78.6,1.0,142.68,Debit Card,Completed,4.6,4.3
OLA-TRIP-00454,OLA-CUST-0187,OLA-DRV-0008,Ola Auto,2025-07-20 14:37:32,2025-07-20 15:19:44,Mumbai,14.54,42.2,1.2,181.03,Debit Card,Completed,4.8,3.4
OLA-TRIP-00455,OLA-CUST-0034,OLA-DRV-0061,Ola Bike,2025-05-21 17:12:54,2025-05-21 18:37:00,Delhi,21.32,84.1,1.0,142.92,Cash,Completed,3.6,3.1
OLA-TRIP-00456,OLA-CUST-0136,OLA-DRV-0098,Ola Prime,2023-10-14 05:56:23,2023-10-14 06:56:11,Hyderabad,23.59,59.8,1.5,598.28,Cash,Completed,4.3,3.5
OLA-TRIP-00457,OLA-CUST-0135,OLA-DRV-0035,Ola Prime SUV,2025-09-03 21:32:13,2025-09-03 22:29:31,Bengaluru,14.1,57.3,1.0,327.9,Debit Card,Completed,4.3,3.5
OLA-TRIP-00458,OLA-CUST-0097,OLA-DRV-0083,Ola Mini,2023-04-28 15:48:48,2023-04-28 16:36:24,Pune,12.93,47.6,1.2,206.68,Credit Card,Completed,4.3,4.0
OLA-TRIP-00459,OLA-CUST-0122,OLA-DRV-0038,Ola Prime,2025-09-14 21:58:45,2025-09-14 22:25:33,Kochi,9.7,26.8,1.2,228.6,Ola Money,Completed,4.4,3.4
OLA-TRIP-00460,OLA-CUST-0009,OLA-DRV-0078,Ola Prime SUV,2024-08-07 21:39:40,2024-08-07 22:09:34,Delhi,8.16,29.9,1.0,215.04,Credit Card,Completed,4.3,4.1
OLA-TRIP-00461,OLA-CUST-0102,OLA-DRV-0083,Ola Mini,2025-12-09 20:28:26,,Pune,15.01,0.0,1.0,0.0,,Cancelled by Rider,,
OLA-TRIP-00462,OLA-CUST-0018,OLA-DRV-0045,Ola Prime,2023-09-07 08:36:24,2023-09-07 08:41:18,Hyderabad,1.4,4.9,2.0,132.0,Credit Card,Completed,3.7,4.2
OLA-TRIP-00463,OLA-CUST-0094,OLA-DRV-0054,Ola Auto,2025-05-02 17:25:59,2025-05-02 18:14:05,Ahmedabad,17.55,48.1,1.0,177.95,Credit Card,Completed,3.3,3.6
OLA-TRIP-00464,OLA-CUST-0125,OLA-DRV-0018,Ola Bike,2025-02-07 05:48:49,2025-02-07 05:59:13,Bengaluru,3.86,10.4,1.5,57.24,Cash,Completed,4.0,4.2
OLA-TRIP-00465,OLA-CUST-0008,OLA-DRV-0061,Ola Bike,2025-02-24 16:53:06,2025-02-24 17:16:54,Delhi,7.08,23.8,1.0,57.48,Cash,Completed,3.5,4.2
OLA-TRIP-00466,OLA-CUST-0128,OLA-DRV-0079,Ola Bike,2023-06-02 22:14:06,2023-06-02 23:11:24,Ahmedabad,17.14,57.3,1.0,117.84,Credit Card,Completed,4.1,3.1
OLA-TRIP-00467,OLA-CUST-0073,OLA-DRV-0074,Ola Bike,2024-11-13 17:07:41,2024-11-13 17:25:11,Jaipur,5.02,17.5,1.0,45.12,Debit Card,Completed,3.3,3.1
OLA-TRIP-00468,OLA-CUST-0024,OLA-DRV-0081,Ola Share,2024-08-24 17:41:22,2024-08-24 18:43:22,Chennai,18.05,62.0,1.5,212.03,Credit Card,Completed,3.8,4.0
OLA-TRIP-00469,OLA-CUST-0060,OLA-DRV-0032,Ola Auto,2024-02-23 15:12:39,,Jaipur,11.98,0.0,1.5,0.0,,Cancelled by Rider,,
OLA-TRIP-00470,OLA-CUST-0007,OLA-DRV-0017,Ola Prime SUV,2025-12-30 22:23:41,,Delhi,13.83,0.0,1.0,0.0,,No Show,,
OLA-TRIP-00471,OLA-CUST-0013,OLA-DRV-0021,Ola Mini,2025-06-14 03:33:01,2025-06-14 03:43:55,Ahmedabad,2.87,10.9,1.0,61.57,Cash,Completed,3.0,4.3
OLA-TRIP-00472,OLA-CUST-0015,OLA-DRV-0021,Ola Mini,2025-05-14 15:06:22,2025-05-14 16:31:46,Ahmedabad,22.82,85.4,1.0,281.02,Ola Money,Completed,3.5,4.6
OLA-TRIP-00473,OLA-CUST-0134,OLA-DRV-0025,Ola Prime,2024-12-29 18:55:16,2024-12-29 19:02:16,Ahmedabad,2.29,7.0,1.0,79.35,Cash,Completed,3.5,3.1
OLA-TRIP-00474,OLA-CUST-0181,OLA-DRV-0019,Ola Bike,2023-10-24 08:47:07,,Hyderabad,15.47,0.0,1.5,0.0,,Cancelled by Driver,,
OLA-TRIP-00475,OLA-CUST-0033,OLA-DRV-0088,Ola Auto,2023-01-26 23:01:46,2023-01-26 23:45:22,Kolkata,12.73,43.6,1.0,134.57,Credit Card,Completed,4.8,4.4
OLA-TRIP-00476,OLA-CUST-0146,OLA-DRV-0096,Ola Prime SUV,2024-12-23 22:30:31,,Delhi,21.69,0.0,1.2,0.0,,Cancelled by Rider,,
OLA-TRIP-00477,OLA-CUST-0040,OLA-DRV-0089,Ola Prime,2023-08-20 18:24:37,2023-08-20 19:50:31,Kochi,23.87,85.9,1.0,403.05,Credit Card,Completed,3.3,3.6
OLA-TRIP-00478,OLA-CUST-0189,OLA-DRV-0012,Ola Prime SUV,2025-01-27 11:44:35,2025-01-27 12:38:47,Bengaluru,15.44,54.2,1.0,353.36,UPI,Completed,3.1,3.7
OLA-TRIP-00479,OLA-CUST-0025,OLA-DRV-0022,Ola Share,2024-04-24 16:07:55,2024-04-24 16:11:43,Pune,1.11,3.8,1.0,22.77,UPI,Completed,4.6,4.7
OLA-TRIP-00480,OLA-CUST-0126,OLA-DRV-0006,Ola Prime SUV,2025-12-01 10:38:00,2025-12-01 11:43:30,Mumbai,23.64,65.5,2.0,1018.32,Credit Card,Completed,4.3,4.8
OLA-TRIP-00481,OLA-CUST-0095,OLA-DRV-0017,Ola Prime SUV,2025-12-09 17:20:01,2025-12-09 18:55:07,Delhi,22.91,95.1,1.0,495.29,Credit Card,Completed,4.0,3.7
OLA-TRIP-00482,OLA-CUST-0052,OLA-DRV-0021,Ola Mini,2025-08-14 15:55:15,2025-08-14 16:50:21,Ahmedabad,20.03,55.1,1.5,375.5,UPI,Completed,4.0,3.3
OLA-TRIP-00483,OLA-CUST-0090,OLA-DRV-0022,Ola Share,2023-07-22 06:05:40,2023-07-22 07:15:28,Pune,17.67,69.8,1.0,138.69,Ola Money,Completed,3.8,4.9
OLA-TRIP-00484,OLA-CUST-0115,OLA-DRV-0079,Ola Bike,2023-11-27 12:20:08,2023-11-27 13:20:08,Ahmedabad,23.07,60.0,1.5,230.13,Cash,Completed,4.6,4.7
OLA-TRIP-00485,OLA-CUST-0125,OLA-DRV-0014,Ola Mini,2023-05-17 00:32:18,2023-05-17 01:28:06,Bengaluru,20.12,55.8,1.0,251.32,UPI,Completed,4.7,3.9
OLA-TRIP-00486,OLA-CUST-0046,OLA-DRV-0046,Ola Share,2025-09-22 13:27:36,2025-09-22 13:53:42,Kolkata,7.13,26.1,1.2,77.89,Debit Card,Completed,3.7,4.9
OLA-TRIP-00487,OLA-CUST-0076,OLA-DRV-0098,Ola Prime,2025-03-27 00:33:28,2025-03-27 01:18:10,Hyderabad,14.81,44.7,2.0,534.3,Debit Card,Completed,3.6,4.5
OLA-TRIP-00488,OLA-CUST-0149,OLA-DRV-0072,Ola Prime,2024-06-26 07:02:01,2024-06-26 08:07:55,Chennai,19.52,65.9,1.2,405.36,Ola Money,Completed,4.9,4.9
OLA-TRIP-00489,OLA-CUST-0132,OLA-DRV-0007,Ola Prime,2024-02-16 01:35:17,2024-02-16 02:34:41,Pune,17.95,59.4,1.5,471.38,Credit Card,Completed,3.6,3.0
OLA-TRIP-00490,OLA-CUST-0100,OLA-DRV-0021,Ola Mini,2025-08-18 16:54:02,2025-08-18 17:50:20,Ahmedabad,19.81,56.3,1.0,247.91,Cash,Completed,4.2,3.2
OLA-TRIP-00491,OLA-CUST-0180,OLA-DRV-0075,Ola Prime,2023-03-03 20:05:34,2023-03-03 20:35:16,Delhi,10.51,29.7,1.0,202.65,Debit Card,Completed,4.3,4.9
OLA-TRIP-00492,OLA-CUST-0095,OLA-DRV-0067,Ola Share,2023-10-26 12:10:18,,Delhi,21.27,0.0,1.2,0.0,,Cancelled by Rider,,
OLA-TRIP-00493,OLA-CUST-0089,OLA-DRV-0059,Ola Prime,2023-07-27 23:49:39,2023-07-28 00:11:33,Pune,7.36,21.9,2.0,310.8,Credit Card,Completed,4.7,4.9
OLA-TRIP-00494,OLA-CUST-0086,OLA-DRV-0100,Ola Bike,2024-04-15 17:13:26,2024-04-15 18:50:26,Kochi,22.06,97.0,1.0,147.36,Debit Card,Completed,4.5,3.5
OLA-TRIP-00495,OLA-CUST-0172,OLA-DRV-0010,Ola Prime,2024-03-23 03:37:06,2024-03-23 04:11:48,Hyderabad,12.29,34.7,1.0,229.35,Ola Money,Completed,4.3,3.4
OLA-TRIP-00496,OLA-CUST-0040,OLA-DRV-0089,Ola Prime,2024-10-28 03:48:54,2024-10-28 05:17:24,Kochi,20.04,88.5,1.5,518.4,Cash,Completed,3.1,3.0
OLA-TRIP-00497,OLA-CUST-0033,OLA-DRV-0055,Ola Prime SUV,2024-03-14 06:41:08,2024-03-14 07:10:56,Kolkata,11.57,29.8,1.0,279.83,Debit Card,Completed,4.4,3.3
OLA-TRIP-00498,OLA-CUST-0085,OLA-DRV-0079,Ola Bike,2025-01-21 18:15:40,2025-01-21 19:24:34,Ahmedabad,20.12,68.9,1.0,135.72,Credit Card,Completed,4.5,4.6
OLA-TRIP-00499,OLA-CUST-0179,OLA-DRV-0062,Ola Auto,2025-07-04 07:16:11,2025-07-04 07:51:29,Mumbai,13.12,35.3,1.0,138.08,Credit Card,Completed,3.3,3.2
OLA-TRIP-00500,OLA-CUST-0038,OLA-DRV-0053,Ola Prime SUV,2024-10-29 11:15:36,2024-10-29 12:03:36,Bengaluru,10.89,48.0,1.2,320.29,Cash,Completed,3.9,3.8
OLA-TRIP-00501,OLA-CUST-0039,OLA-DRV-0039,Ola Mini,2023-10-04 20:38:11,2023-10-04 21:46:05,Kolkata,18.1,67.9,1.0,229.1,Credit Card,Completed,4.2,3.6
OLA-TRIP-00502,OLA-CUST-0176,OLA-DRV-0023,Ola Bike,2023-11-24 14:38:45,2023-11-24 15:12:15,Delhi,9.59,33.5,1.0,72.54,Cash,Completed,3.8,4.1
OLA-TRIP-00503,OLA-CUST-0180,OLA-DRV-0024,Ola Prime,2024-04-29 19:50:51,2024-04-29 20:19:45,Delhi,10.07,28.9,1.5,294.08,Ola Money,Completed,3.6,4.1
OLA-TRIP-00504,OLA-CUST-0141,OLA-DRV-0074,Ola Bike,2024-12-03 21:37:37,2024-12-03 21:46:01,Jaipur,3.21,8.4,1.2,41.11,Cash,Completed,3.1,3.6
OLA-TRIP-00505,OLA-CUST-0175,OLA-DRV-0054,Ola Auto,2024-04-25 04:38:33,2024-04-25 04:54:57,Ahmedabad,5.74,16.4,1.0,71.66,UPI,Completed,3.7,4.8
OLA-TRIP-00506,OLA-CUST-0111,OLA-DRV-0019,Ola Bike,2025-12-26 06:15:30,2025-12-26 07:46:18,Hyderabad,20.97,90.8,1.0,140.82,UPI,Completed,3.3,4.7
OLA-TRIP-00507,OLA-CUST-0058,OLA-DRV-0094,Ola Bike,2024-07-30 15:22:22,,Delhi,8.7,0.0,1.0,0.0,,Cancelled by Driver,,
OLA-TRIP-00508,OLA-CUST-0046,OLA-DRV-0039,Ola Mini,2025-07-26 12:27:44,,Kolkata,18.45,0.0,1.0,0.0,,Cancelled by Rider,,
OLA-TRIP-00509,OLA-CUST-0081,OLA-DRV-0032,Ola Auto,2023-02-22 13:31:47,2023-02-22 13:41:59,Jaipur,2.94,10.2,1.5,69.69,Debit Card,Completed,3.9,4.9
OLA-TRIP-00510,OLA-CUST-0194,OLA-DRV-0080,Ola Auto,2023-10-23 14:47:08,2023-10-23 15:11:50,Bengaluru,5.78,24.7,1.0,72.02,UPI,Completed,4.9,4.6
OLA-TRIP-00511,OLA-CUST-0019,OLA-DRV-0088,Ola Auto,2023-05-17 20:16:21,2023-05-17 20:42:09,Kolkata,9.68,25.8,1.2,128.54,Cash,Completed,3.4,4.7
OLA-TRIP-00512,OLA-CUST-0142,OLA-DRV-0052,Ola Share,2024-04-13 10:07:00,2024-04-13 10:57:54,Kochi,14.02,50.9,1.0,113.14,Credit Card,Completed,3.8,4.8
OLA-TRIP-00513,OLA-CUST-0067,OLA-DRV-0076,Ola Share,2023-09-04 07:50:39,2023-09-04 09:12:51,Delhi,18.37,82.2,1.0,143.59,Cash,Completed,3.4,3.0
OLA-TRIP-00514,OLA-CUST-0065,OLA-DRV-0059,Ola Prime,2025-06-02 05:58:52,2025-06-02 06:42:16,Pune,15.93,43.4,1.0,283.95,Cash,Completed,3.7,3.1
OLA-TRIP-00515,OLA-CUST-0104,OLA-DRV-0073,Ola Share,2024-01-15 17:28:10,2024-01-15 18:00:04,Ahmedabad,8.78,31.9,1.0,76.46,Cash,Completed,4.9,5.0
OLA-TRIP-00516,OLA-CUST-0146,OLA-DRV-0078,Ola Prime SUV,2023-09-09 16:10:16,2023-09-09 16:23:40,Delhi,3.14,13.4,1.2,143.59,Credit Card,Completed,4.2,4.3
OLA-TRIP-00517,OLA-CUST-0086,OLA-DRV-0050,Ola Prime SUV,2025-08-28 17:27:21,2025-08-28 17:56:27,Kochi,7.22,29.1,1.0,197.18,Debit Card,Completed,4.7,4.2
OLA-TRIP-00518,OLA-CUST-0196,OLA-DRV-0055,Ola Prime SUV,2024-08-30 13:22:27,2024-08-30 14:34:15,Kolkata,17.61,71.8,1.5,591.88,UPI,Completed,4.3,4.5
OLA-TRIP-00519,OLA-CUST-0048,OLA-DRV-0074,Ola Bike,2025-11-29 18:31:05,2025-11-29 19:23:05,Jaipur,15.53,52.0,1.0,108.18,UPI,Completed,4.1,3.3
OLA-TRIP-00520,OLA-CUST-0069,OLA-DRV-0057,Ola Prime SUV,2025-06-21 10:18:26,2025-06-21 11:42:20,Bengaluru,24.33,83.9,1.2,626.72,UPI,Completed,3.6,4.8
OLA-TRIP-00521,OLA-CUST-0050,OLA-DRV-0050,Ola Prime SUV,2024-03-04 09:41:08,2024-03-04 10:51:20,Kochi,16.95,70.2,1.0,382.05,Credit Card,Completed,4.1,3.4
OLA-TRIP-00522,OLA-CUST-0021,OLA-DRV-0036,Ola Mini,2023-03-23 12:01:16,2023-03-23 12:20:16,Pune,4.53,19.0,1.0,79.83,UPI,Completed,3.8,3.0
OLA-TRIP-00523,OLA-CUST-0020,OLA-DRV-0077,Ola Mini,2024-08-08 16:17:14,2024-08-08 17:10:32,Hyderabad,20.24,53.3,1.2,303.17,Debit Card,Completed,3.8,4.8
OLA-TRIP-00524,OLA-CUST-0191,OLA-DRV-0014,Ola Mini,2024-08-11 20:13:17,2024-08-11 21:31:23,Bengaluru,24.09,78.1,1.0,294.99,Debit Card,Completed,4.8,3.0
OLA-TRIP-00525,OLA-CUST-0095,OLA-DRV-0075,Ola Prime,2025-01-19 07:37:35,2025-01-19 08:10:05,Delhi,7.45,32.5,1.0,156.75,Cash,Completed,4.8,4.1
OLA-TRIP-00526,OLA-CUST-0021,OLA-DRV-0042,Ola Mini,2024-04-24 08:56:32,2024-04-24 09:10:02,Pune,3.3,13.5,1.2,79.56,Debit Card,Completed,4.3,5.0
OLA-TRIP-00527,OLA-CUST-0049,OLA-DRV-0014,Ola Mini,2023-06-01 05:14:34,,Bengaluru,7.6,0.0,1.0,0.0,,Cancelled by Rider,,
OLA-TRIP-00528,OLA-CUST-0185,OLA-DRV-0026,Ola Auto,2024-12-30 08:14:50,2024-12-30 09:01:44,Pune,10.71,46.9,1.0,116.39,Cash,Completed,4.4,3.7
OLA-TRIP-00529,OLA-CUST-0055,OLA-DRV-0015,Ola Bike,2024-01-26 19:33:53,2024-01-26 20:22:11,Kolkata,14.67,48.3,1.0,103.02,Credit Card,Completed,3.9,4.9
OLA-TRIP-00530,OLA-CUST-0175,OLA-DRV-0087,Ola Mini,2025-04-13 03:24:18,2025-04-13 03:43:42,Ahmedabad,5.15,19.4,1.2,103.98,Credit Card,Completed,3.9,4.3
OLA-TRIP-00531,OLA-CUST-0164,OLA-DRV-0032,Ola Auto,2025-07-13 21:44:09,2025-07-13 22:49:33,Jaipur,17.43,65.4,1.0,176.87,Cash,Completed,3.2,4.2
OLA-TRIP-00532,OLA-CUST-0185,OLA-DRV-0007,Ola Prime,2023-06-16 16:12:20,2023-06-16 17:17:02,Pune,24.73,64.7,1.2,499.14,Cash,Completed,3.9,4.5
OLA-TRIP-00533,OLA-CUST-0063,OLA-DRV-0066,Ola Bike,2024-11-03 02:08:03,,Chennai,21.72,0.0,1.5,0.0,,Cancelled by Rider,,
OLA-TRIP-00534,OLA-CUST-0163,OLA-DRV-0047,Ola Bike,2023-12-18 08:22:52,,Mumbai,23.87,0.0,1.0,0.0,,Cancelled by Rider,,
OLA-TRIP-00535,OLA-CUST-0183,OLA-DRV-0027,Ola Auto,2024-07-10 22:48:28,2024-07-10 23:08:04,Chennai,5.03,19.6,1.0,65.27,Cash,Completed,4.0,4.9
OLA-TRIP-00536,OLA-CUST-0027,OLA-DRV-0019,Ola Bike,2023-08-05 12:46:24,2023-08-05 13:24:12,Hyderabad,11.39,37.8,1.0,83.34,UPI,Completed,3.5,4.6
OLA-TRIP-00537,OLA-CUST-0010,OLA-DRV-0019,Ola Bike,2023-12-12 08:49:04,,Hyderabad,14.83,0.0,1.0,0.0,,Cancelled by Driver,,
OLA-TRIP-00538,OLA-CUST-0184,OLA-DRV-0065,Ola Prime,2025-11-09 20:17:26,,Kolkata,19.69,0.0,1.0,0.0,,Cancelled by Driver,,
OLA-TRIP-00539,OLA-CUST-0087,OLA-DRV-0076,Ola Share,2024-08-02 22:48:28,2024-08-03 00:03:22,Delhi,19.78,74.9,1.0,153.46,Ola Money,Completed,4.6,3.8
OLA-TRIP-00540,OLA-CUST-0073,OLA-DRV-0034,Ola Bike,2024-08-22 13:12:13,2024-08-22 13:54:13,Jaipur,9.48,42.0,1.0,71.88,Credit Card,Completed,3.8,3.6
OLA-TRIP-00541,OLA-CUST-0165,OLA-DRV-0014,Ola Mini,2023-08-04 21:10:25,2023-08-04 21:36:01,Bengaluru,6.83,25.6,1.0,105.13,Debit Card,Completed,3.9,4.6
OLA-TRIP-00542,OLA-CUST-0003,OLA-DRV-0019,Ola Bike,2023-11-22 06:20:04,2023-11-22 07:16:16,Hyderabad,12.86,56.2,1.5,138.24,Cash,Completed,4.7,5.0
OLA-TRIP-00543,OLA-CUST-0200,OLA-DRV-0035,Ola Prime SUV,2025-06-26 10:51:42,2025-06-26 11:42:18,Bengaluru,17.55,50.6,1.0,393.45,Debit Card,Completed,4.9,4.0
OLA-TRIP-00544,OLA-CUST-0058,OLA-DRV-0024,Ola Prime,2024-09-09 01:11:04,2024-09-09 01:18:04,Delhi,2.25,7.0,1.0,78.75,Ola Money,Completed,4.1,4.0
OLA-TRIP-00545,OLA-CUST-0199,OLA-DRV-0072,Ola Prime,2023-03-04 19:58:34,,Chennai,18.49,0.0,1.5,0.0,,Cancelled by Driver,,
OLA-TRIP-00546,OLA-CUST-0153,OLA-DRV-0024,Ola Prime,2024-06-23 19:47:03,2024-06-23 20:05:33,Delhi,5.73,18.5,1.0,130.95,UPI,Completed,4.2,4.0
OLA-TRIP-00547,OLA-CUST-0077,OLA-DRV-0031,Ola Mini,2025-11-05 06:02:38,2025-11-05 07:05:08,Kochi,19.53,62.5,1.0,244.83,Ola Money,Completed,3.7,4.9
OLA-TRIP-00548,OLA-CUST-0028,OLA-DRV-0100,Ola Bike,2023-01-31 05:26:44,2023-01-31 06:00:32,Kochi,11.26,33.8,1.0,82.56,Debit Card,Completed,4.8,4.8
OLA-TRIP-00549,OLA-CUST-0143,OLA-DRV-0045,Ola Prime,2024-03-08 15:21:11,2024-03-08 15:24:11,Hyderabad,1.16,3.0,1.0,62.4,Cash,Completed,3.4,4.8
OLA-TRIP-00550,OLA-CUST-0055,OLA-DRV-0002,Ola Share,2024-03-11 03:20:02,2024-03-11 03:34:08,Kolkata,3.29,14.1,1.0,38.03,Cash,Completed,3.3,4.9
OLA-TRIP-00551,OLA-CUST-0004,OLA-DRV-0004,Ola Mini,2023-07-18 10:24:36,,Mumbai,12.61,0.0,1.0,0.0,,Cancelled by Rider,,
OLA-TRIP-00552,OLA-CUST-0060,OLA-DRV-0093,Ola Prime,2024-10-21 08:25:05,2024-10-21 08:34:47,Jaipur,3.2,9.7,1.5,139.5,UPI,Completed,3.9,3.8
OLA-TRIP-00553,OLA-CUST-0101,OLA-DRV-0054,Ola Auto,2023-09-07 19:48:18,2023-09-07 21:02:12,Ahmedabad,20.79,73.9,1.2,248.53,Debit Card,Completed,3.4,4.7
OLA-TRIP-00554,OLA-CUST-0130,OLA-DRV-0024,Ola Prime,2023-09-03 08:33:18,,Delhi,11.61,0.0,1.0,0.0,,Cancelled by Rider,,
OLA-TRIP-00555,OLA-CUST-0123,OLA-DRV-0093,Ola Prime,2025-10-15 23:49:15,2025-10-16 00:42:09,Jaipur,16.56,52.9,1.0,293.4,Debit Card,Completed,3.2,4.0
OLA-TRIP-00556,OLA-CUST-0071,OLA-DRV-0080,Ola Auto,2025-11-27 09:20:13,2025-11-27 09:40:19,Bengaluru,7.3,20.1,2.0,171.4,Credit Card,Completed,4.9,4.1
OLA-TRIP-00557,OLA-CUST-0128,OLA-DRV-0054,Ola Auto,2024-08-09 15:21:23,2024-08-09 15:54:05,Ahmedabad,10.04,32.7,1.2,132.43,UPI,Completed,4.0,4.1
OLA-TRIP-00558,OLA-CUST-0088,OLA-DRV-0098,Ola Prime,2024-07-30 15:12:53,2024-07-30 16:15:53,Hyderabad,16.55,63.0,1.5,439.88,Cash,Completed,4.2,3.9
OLA-TRIP-00559,OLA-CUST-0171,OLA-DRV-0004,Ola Mini,2025-03-16 23:39:21,2025-03-17 01:25:21,Mumbai,24.28,106.0,1.0,297.08,Credit Card,Completed,4.0,3.7
OLA-TRIP-00560,OLA-CUST-0004,OLA-DRV-0095,Ola Mini,2023-08-28 12:56:11,2023-08-28 13:40:47,Mumbai,15.82,44.6,2.0,408.04,Cash,Completed,4.7,3.2
OLA-TRIP-00561,OLA-CUST-0196,OLA-DRV-0015,Ola Bike,2025-07-31 03:46:49,2025-07-31 04:25:43,Kolkata,10.37,38.9,1.0,77.22,Cash,Completed,4.7,3.3
OLA-TRIP-00562,OLA-CUST-0099,OLA-DRV-0043,Ola Bike,2024-10-04 05:28:19,2024-10-04 06:44:55,Bengaluru,21.55,76.6,1.0,144.3,Ola Money,Completed,4.6,3.4
OLA-TRIP-00563,OLA-CUST-0111,OLA-DRV-0077,Ola Mini,2025-06-07 00:50:22,2025-06-07 01:28:10,Hyderabad,13.91,37.8,1.0,183.01,Cash,Completed,3.6,3.6
OLA-TRIP-00564,OLA-CUST-0096,OLA-DRV-0027,Ola Auto,2025-09-29 16:02:55,2025-09-29 16:50:55,Chennai,10.81,48.0,1.0,117.29,UPI,Completed,3.5,4.5
OLA-TRIP-00565,OLA-CUST-0049,OLA-DRV-0085,Ola Prime SUV,2023-08-29 02:16:21,2023-08-29 04:04:51,Bengaluru,24.54,108.5,1.0,526.26,UPI,Completed,3.8,3.4
OLA-TRIP-00566,OLA-CUST-0171,OLA-DRV-0047,Ola Bike,2024-01-06 15:54:58,2024-01-06 17:13:04,Mumbai,24.77,78.1,1.5,245.43,Debit Card,Completed,3.0,3.3
OLA-TRIP-00567,OLA-CUST-0119,OLA-DRV-0024,Ola Prime,2024-06-21 14:16:01,2024-06-21 14:41:43,Delhi,9.43,25.7,1.0,186.45,Credit Card,Completed,3.0,3.5
OLA-TRIP-00568,OLA-CUST-0118,OLA-DRV-0079,Ola Bike,2023-04-08 20:49:00,2023-04-08 22:07:54,Ahmedabad,18.74,78.9,2.0,254.88,UPI,Completed,5.0,4.4
OLA-TRIP-00569,OLA-CUST-0124,OLA-DRV-0003,Ola Prime SUV,2024-11-26 18:01:05,2024-11-26 18:23:11,Pune,7.48,22.1,1.0,202.12,Debit Card,Completed,3.6,4.4
OLA-TRIP-00570,OLA-CUST-0109,OLA-DRV-0076,Ola Share,2023-10-14 17:11:12,2023-10-14 17:30:36,Delhi,5.92,19.4,2.0,112.88,UPI,Completed,3.4,3.2
OLA-TRIP-00571,OLA-CUST-0107,OLA-DRV-0025,Ola Prime,2024-11-22 14:55:41,2024-11-22 15:27:23,Ahmedabad,9.52,31.7,1.0,187.8,Cash,Completed,3.6,4.5
OLA-TRIP-00572,OLA-CUST-0192,OLA-DRV-0073,Ola Share,2023-05-26 13:33:34,2023-05-26 14:36:28,Ahmedabad,21.5,62.9,1.0,165.5,Credit Card,Completed,3.5,3.6
OLA-TRIP-00573,OLA-CUST-0120,OLA-DRV-0006,Ola Prime SUV,2023-03-11 11:50:06,2023-03-11 12:01:06,Mumbai,2.91,11.0,1.0,115.29,Debit Card,Completed,4.2,4.3
OLA-TRIP-00574,OLA-CUST-0175,OLA-DRV-0021,Ola Mini,2024-03-24 23:55:10,2024-03-25 00:20:46,Ahmedabad,8.13,25.6,1.0,119.43,UPI,Completed,3.4,3.0
OLA-TRIP-00575,OLA-CUST-0118,OLA-DRV-0025,Ola Prime,2024-09-04 06:47:43,,Ahmedabad,22.31,0.0,1.0,0.0,,Cancelled by Driver,,
OLA-TRIP-00576,OLA-CUST-0028,OLA-DRV-0030,Ola Share,2024-11-28 17:04:38,2024-11-28 17:31:44,Kochi,10.7,27.1,1.0,89.9,UPI,Completed,3.0,4.3
OLA-TRIP-00577,OLA-CUST-0185,OLA-DRV-0036,Ola Mini,2025-10-25 15:46:57,2025-10-25 15:53:09,Pune,1.48,6.2,1.0,46.28,Ola Money,Completed,4.6,4.3
OLA-TRIP-00578,OLA-CUST-0006,OLA-DRV-0063,Ola Prime,2023-01-28 06:27:03,2023-01-28 07:18:45,Pune,20.44,51.7,1.0,351.6,Cash,Completed,3.6,5.0
OLA-TRIP-00579,OLA-CUST-0176,OLA-DRV-0076,Ola Share,2024-06-12 17:13:02,2024-06-12 17:41:44,Delhi,7.74,28.7,1.5,103.77,Ola Money,Completed,3.7,4.3
OLA-TRIP-00580,OLA-CUST-0054,OLA-DRV-0081,Ola Share,2023-08-27 19:23:49,2023-08-27 20:05:43,Chennai,13.9,41.9,1.0,112.3,Ola Money,Completed,4.1,3.2
OLA-TRIP-00581,OLA-CUST-0127,OLA-DRV-0001,Ola Auto,2024-06-01 01:16:59,2024-06-01 02:29:05,Chennai,23.18,72.1,2.0,457.24,UPI,Completed,4.2,3.4
OLA-TRIP-00582,OLA-CUST-0063,OLA-DRV-0001,Ola Auto,2025-09-24 21:48:37,2025-09-24 22:41:31,Chennai,13.56,52.9,1.5,213.06,Credit Card,Completed,3.1,3.7
OLA-TRIP-00583,OLA-CUST-0146,OLA-DRV-0067,Ola Share,2023-02-20 06:46:09,2023-02-20 07:49:33,Delhi,16.4,63.4,1.0,129.8,Debit Card,Completed,4.5,4.7
OLA-TRIP-00584,OLA-CUST-0103,OLA-DRV-0011,Ola Bike,2024-05-11 06:58:54,2024-05-11 07:15:42,Mumbai,3.94,16.8,2.0,77.28,Cash,Completed,4.2,4.0
OLA-TRIP-00585,OLA-CUST-0191,OLA-DRV-0014,Ola Mini,2023-01-05 23:16:38,2023-01-05 23:23:56,Bengaluru,2.46,7.3,1.0,57.06,UPI,Completed,4.3,4.0
OLA-TRIP-00586,OLA-CUST-0044,OLA-DRV-0089,Ola Prime,2025-07-29 10:59:05,2025-07-29 11:02:35,Kochi,1.01,3.5,1.0,60.15,Debit Card,Completed,3.6,4.0
OLA-TRIP-00587,OLA-CUST-0078,OLA-DRV-0053,Ola Prime SUV,2024-07-09 09:33:14,2024-07-09 10:18:26,Bengaluru,12.12,45.2,1.2,348.34,Credit Card,Completed,4.2,3.5
OLA-TRIP-00588,OLA-CUST-0157,OLA-DRV-0058,Ola Share,2023-06-22 07:40:57,2023-06-22 08:43:45,Delhi,22.5,62.8,1.5,258.75,Ola Money,Completed,3.2,4.8
OLA-TRIP-00589,OLA-CUST-0184,OLA-DRV-0039,Ola Mini,2024-08-01 11:10:55,2024-08-01 12:07:55,Kolkata,20.29,57.0,1.0,253.19,Debit Card,Completed,3.2,3.1
OLA-TRIP-00590,OLA-CUST-0132,OLA-DRV-0022,Ola Share,2025-10-09 08:31:39,2025-10-09 09:03:21,Pune,9.03,31.7,1.0,78.21,Credit Card,Completed,3.6,4.8
OLA-TRIP-00591,OLA-CUST-0183,OLA-DRV-0056,Ola Mini,2023-03-17 15:47:55,2023-03-17 16:22:49,Chennai,7.88,34.9,1.0,116.68,Debit Card,Completed,3.0,4.5
OLA-TRIP-00592,OLA-CUST-0082,OLA-DRV-0059,Ola Prime,2023-03-09 05:43:01,2023-03-09 05:54:49,Pune,4.41,11.8,1.0,111.15,UPI,Completed,3.2,4.2
OLA-TRIP-00593,OLA-CUST-0189,OLA-DRV-0053,Ola Prime SUV,2023-03-23 05:42:22,2023-03-23 06:33:46,Bengaluru,11.77,51.4,1.2,340.36,UPI,Completed,5.0,3.5
OLA-TRIP-00594,OLA-CUST-0102,OLA-DRV-0036,Ola Mini,2025-03-16 03:34:27,2025-03-16 03:58:45,Pune,5.95,24.3,1.0,95.45,Debit Card,Completed,3.2,3.7
OLA-TRIP-00595,OLA-CUST-0160,OLA-DRV-0070,Ola Mini,2023-05-08 09:06:27,2023-05-08 10:18:15,Hyderabad,21.56,71.8,2.0,534.32,Credit Card,Completed,4.3,3.1
OLA-TRIP-00596,OLA-CUST-0112,OLA-DRV-0033,Ola Prime,2025-07-20 17:17:29,2025-07-20 17:49:53,Jaipur,9.84,32.4,1.0,192.6,UPI,Completed,4.6,3.5
OLA-TRIP-00597,OLA-CUST-0023,OLA-DRV-0064,Ola Prime,2023-03-18 15:05:06,2023-03-18 15:48:00,Ahmedabad,11.08,42.9,1.0,211.2,Ola Money,Completed,3.2,3.6
OLA-TRIP-00598,OLA-CUST-0175,OLA-DRV-0073,Ola Share,2023-02-23 15:21:23,2023-02-23 15:25:35,Ahmedabad,1.42,4.2,1.0,24.94,Ola Money,Completed,3.8,3.9
OLA-TRIP-00599,OLA-CUST-0037,OLA-DRV-0034,Ola Bike,2023-04-21 07:22:23,,Jaipur,10.87,0.0,1.0,0.0,,No Show,,
OLA-TRIP-00600,OLA-CUST-0077,OLA-DRV-0050,Ola Prime SUV,2024-10-20 07:56:12,2024-10-20 09:33:00,Kochi,22.09,96.8,1.0,479.71,Credit Card,Completed,4.4,4.8
OLA-TRIP-00601,OLA-CUST-0149,OLA-DRV-0066,Ola Bike,2024-09-18 16:33:20,2024-09-18 16:38:26,Chennai,1.34,5.1,1.0,23.04,Debit Card,Completed,4.5,3.2
OLA-TRIP-00602,OLA-CUST-0027,OLA-DRV-0019,Ola Bike,2025-01-03 04:56:59,,Hyderabad,6.96,0.0,1.5,0.0,,Cancelled by Rider,,
OLA-TRIP-00603,OLA-CUST-0142,OLA-DRV-0049,Ola Mini,2025-11-10 01:27:39,2025-11-10 03:08:27,Kochi,23.28,100.8,1.0,286.08,Cash,Completed,3.2,4.3
OLA-TRIP-00604,OLA-CUST-0087,OLA-DRV-0067,Ola Share,2025-02-16 08:06:26,,Delhi,9.34,0.0,1.0,0.0,,Cancelled by Rider,,
OLA-TRIP-00605,OLA-CUST-0012,OLA-DRV-0028,Ola Prime,2023-10-01 20:09:39,2023-10-01 20:35:33,Pune,5.95,25.9,1.0,134.25,Debit Card,Completed,3.3,3.5
OLA-TRIP-00606,OLA-CUST-0082,OLA-DRV-0042,Ola Mini,2024-05-22 09:33:27,2024-05-22 10:28:51,Pune,16.04,55.4,1.2,247.73,UPI,Completed,4.2,3.3
OLA-TRIP-00607,OLA-CUST-0091,OLA-DRV-0015,Ola Bike,2025-08-26 00:59:53,2025-08-26 01:34:41,Kolkata,13.55,34.8,1.0,96.3,Credit Card,Completed,4.2,4.8
OLA-TRIP-00608,OLA-CUST-0143,OLA-DRV-0070,Ola Mini,2024-03-13 09:56:09,2024-03-13 11:02:33,Hyderabad,14.92,66.4,1.2,232.94,UPI,Completed,3.7,3.8
OLA-TRIP-00609,OLA-CUST-0145,OLA-DRV-0075,Ola Prime,2024-05-20 06:45:30,2024-05-20 07:40:12,Delhi,12.93,54.7,1.0,238.95,UPI,Completed,3.2,3.0
OLA-TRIP-00610,OLA-CUST-0123,OLA-DRV-0093,Ola Prime,2023-04-14 22:16:15,2023-04-14 22:53:45,Jaipur,14.77,37.5,1.5,399.82,Debit Card,Completed,4.4,3.9
OLA-TRIP-00611,OLA-CUST-0092,OLA-DRV-0071,Ola Auto,2024-03-18 15:11:40,2024-03-18 16:16:16,Mumbai,15.5,64.6,1.2,191.4,UPI,Completed,4.2,3.9
OLA-TRIP-00612,OLA-CUST-0117,OLA-DRV-0081,Ola Share,2024-09-24 00:42:27,2024-09-24 01:15:39,Chennai,10.26,33.2,1.0,86.82,Credit Card,Completed,4.0,3.4
OLA-TRIP-00613,OLA-CUST-0085,OLA-DRV-0021,Ola Mini,2024-08-18 15:43:36,2024-08-18 16:10:54,Ahmedabad,10.44,27.3,1.5,217.26,Cash,Completed,4.9,4.0
OLA-TRIP-00614,OLA-CUST-0052,OLA-DRV-0073,Ola Share,2024-06-10 17:52:17,,Ahmedabad,4.06,0.0,1.0,0.0,,No Show,,
OLA-TRIP-00615,OLA-CUST-0154,OLA-DRV-0026,Ola Auto,2024-02-26 14:47:34,,Pune,2.17,0.0,1.0,0.0,,Cancelled by Rider,,
OLA-TRIP-00616,OLA-CUST-0179,OLA-DRV-0069,Ola Bike,2023-08-18 21:37:19,,Mumbai,11.23,0.0,1.0,0.0,,Cancelled by Rider,,
OLA-TRIP-00617,OLA-CUST-0077,OLA-DRV-0049,Ola Mini,2025-12-18 06:58:18,2025-12-18 07:16:42,Kochi,6.85,18.4,1.0,105.35,UPI,Completed,4.9,3.3
OLA-TRIP-00618,OLA-CUST-0158,OLA-DRV-0001,Ola Auto,2024-09-29 07:02:07,2024-09-29 07:25:43,Chennai,6.23,23.6,1.0,76.07,Cash,Completed,3.7,4.3
OLA-TRIP-00619,OLA-CUST-0119,OLA-DRV-0067,Ola Share,2023-05-10 13:30:09,2023-05-10 15:02:21,Delhi,24.48,92.2,1.0,186.36,Cash,Completed,3.3,3.8
OLA-TRIP-00620,OLA-CUST-0200,OLA-DRV-0085,Ola Prime SUV,2024-03-16 18:50:40,2024-03-16 20:26:34,Bengaluru,22.89,95.9,1.0,494.91,Ola Money,Completed,4.2,3.5
OLA-TRIP-00621,OLA-CUST-0175,OLA-DRV-0021,Ola Mini,2023-06-10 08:54:41,2023-06-10 09:58:11,Ahmedabad,22.82,63.5,1.0,281.02,UPI,Completed,4.5,4.2
OLA-TRIP-00622,OLA-CUST-0098,OLA-DRV-0098,Ola Prime,2024-11-27 22:03:27,2024-11-27 23:14:21,Hyderabad,24.53,70.9,1.0,412.95,Credit Card,Completed,4.0,4.4
OLA-TRIP-00623,OLA-CUST-0032,OLA-DRV-0041,Ola Prime,2024-08-24 03:43:03,2024-08-24 04:30:27,Kolkata,12.57,47.4,1.0,233.55,Debit Card,Completed,4.8,4.5
OLA-TRIP-00624,OLA-CUST-0156,OLA-DRV-0097,Ola Share,2025-12-02 23:24:17,2025-12-03 00:34:35,Jaipur,22.63,70.3,1.0,173.41,Ola Money,Completed,3.5,3.6
OLA-TRIP-00625,OLA-CUST-0118,OLA-DRV-0005,Ola Share,2024-01-16 15:49:06,2024-01-16 16:15:24,Ahmedabad,9.52,26.3,1.0,81.64,Ola Money,Completed,3.6,4.9
OLA-TRIP-00626,OLA-CUST-0151,OLA-DRV-0001,Ola Auto,2025-07-13 14:13:35,2025-07-13 14:44:05,Chennai,9.7,30.5,1.0,107.3,Cash,Completed,3.9,3.2
OLA-TRIP-00627,OLA-CUST-0121,OLA-DRV-0045,Ola Prime,2024-04-27 14:49:23,2024-04-27 15:15:23,Hyderabad,7.88,26.0,1.5,244.8,Cash,Completed,3.7,4.9
OLA-TRIP-00628,OLA-CUST-0022,OLA-DRV-0078,Ola Prime SUV,2025-04-02 14:16:51,2025-04-02 15:08:09,Delhi,14.67,51.3,1.2,406.48,Ola Money,Completed,4.2,4.2
OLA-TRIP-00629,OLA-CUST-0160,OLA-DRV-0082,Ola Share,2023-06-25 13:31:54,2023-06-25 14:29:48,Hyderabad,19.27,57.9,1.2,179.87,Ola Money,Completed,4.9,3.0
OLA-TRIP-00630,OLA-CUST-0054,OLA-DRV-0072,Ola Prime,2025-12-18 07:18:51,2025-12-18 08:46:27,Chennai,24.67,87.6,1.0,415.05,Ola Money,Completed,4.9,5.0
OLA-TRIP-00631,OLA-CUST-0175,OLA-DRV-0068,Ola Prime SUV,2023-05-21 04:12:52,2023-05-21 04:52:46,Ahmedabad,12.22,39.9,2.0,584.36,UPI,Completed,4.1,3.0
OLA-TRIP-00632,OLA-CUST-0018,OLA-DRV-0045,Ola Prime,2024-06-11 12:38:56,2024-06-11 13:39:20,Hyderabad,23.55,60.4,1.0,398.25,Debit Card,Completed,3.5,4.6
OLA-TRIP-00633,OLA-CUST-0140,OLA-DRV-0095,Ola Mini,2024-12-10 22:23:53,,Mumbai,10.0,0.0,1.0,0.0,,No Show,,
OLA-TRIP-00634,OLA-CUST-0025,OLA-DRV-0059,Ola Prime,2024-12-03 07:21:21,2024-12-03 08:14:39,Pune,12.34,53.3,1.5,345.15,Debit Card,Completed,4.0,3.6
OLA-TRIP-00635,OLA-CUST-0090,OLA-DRV-0022,Ola Share,2025-08-28 16:09:16,2025-08-28 16:34:10,Pune,6.24,24.9,1.0,58.68,UPI,Completed,4.6,3.5
OLA-TRIP-00636,OLA-CUST-0041,OLA-DRV-0066,Ola Bike,2024-04-07 06:58:34,2024-04-07 08:31:52,Chennai,21.25,93.3,1.2,171.0,Debit Card,Completed,4.5,3.4
OLA-TRIP-00637,OLA-CUST-0190,OLA-DRV-0024,Ola Prime,2024-05-16 19:35:01,2024-05-16 20:14:01,Delhi,8.84,39.0,1.2,213.12,UPI,Completed,3.5,4.8
OLA-TRIP-00638,OLA-CUST-0153,OLA-DRV-0061,Ola Bike,2025-11-15 19:54:34,2025-11-15 20:17:16,Delhi,7.09,22.7,1.5,86.31,Credit Card,Completed,3.8,4.3
OLA-TRIP-00639,OLA-CUST-0003,OLA-DRV-0070,Ola Mini,2025-01-28 19:23:59,,Hyderabad,4.46,0.0,1.0,0.0,,Cancelled by Driver,,
OLA-TRIP-00640,OLA-CUST-0094,OLA-DRV-0079,Ola Bike,2024-07-26 12:14:17,,Ahmedabad,13.74,0.0,1.0,0.0,,Cancelled by Rider,,
OLA-TRIP-00641,OLA-CUST-0084,OLA-DRV-0100,Ola Bike,2025-05-02 12:07:51,2025-05-02 13:15:03,Kochi,21.29,67.2,1.0,142.74,Credit Card,Completed,3.7,3.5
OLA-TRIP-00642,OLA-CUST-0012,OLA-DRV-0084,Ola Auto,2025-09-27 00:02:16,2025-09-27 00:58:16,Pune,14.43,56.0,1.0,149.87,Credit Card,Completed,3.5,4.8
OLA-TRIP-00643,OLA-CUST-0036,OLA-DRV-0050,Ola Prime SUV,2024-11-17 08:52:38,2024-11-17 09:05:14,Kochi,3.93,12.6,1.0,134.67,UPI,Completed,3.3,3.6
OLA-TRIP-00644,OLA-CUST-0002,OLA-DRV-0005,Ola Share,2024-09-05 13:53:56,2024-09-05 15:13:44,Ahmedabad,20.79,79.8,2.0,321.06,Credit Card,Completed,3.1,4.8
OLA-TRIP-00645,OLA-CUST-0130,OLA-DRV-0017,Ola Prime SUV,2024-08-28 11:53:14,2024-08-28 12:30:38,Delhi,11.39,37.4,1.5,414.62,Ola Money,Completed,4.1,4.4
OLA-TRIP-00646,OLA-CUST-0097,OLA-DRV-0083,Ola Mini,2024-04-21 03:42:12,2024-04-21 04:20:42,Pune,13.73,38.5,1.0,181.03,Credit Card,Completed,3.7,4.4
OLA-TRIP-00647,OLA-CUST-0189,OLA-DRV-0018,Ola Bike,2024-01-09 14:50:15,2024-01-09 15:53:39,Bengaluru,15.86,63.4,1.0,110.16,Credit Card,Completed,3.6,4.1
OLA-TRIP-00648,OLA-CUST-0170,OLA-DRV-0084,Ola Auto,2023-11-06 18:34:16,2023-11-06 18:59:34,Pune,6.13,25.3,1.2,90.2,Credit Card,Completed,3.6,4.2
OLA-TRIP-00649,OLA-CUST-0033,OLA-DRV-0046,Ola Share,2023-08-05 03:35:09,2023-08-05 04:07:15,Kolkata,7.52,32.1,1.0,67.64,Credit Card,Completed,4.6,4.7
OLA-TRIP-00650,OLA-CUST-0041,OLA-DRV-0029,Ola Bike,2025-10-04 06:54:24,2025-10-04 08:10:30,Chennai,24.4,76.1,1.0,161.4,UPI,Completed,3.9,4.0
OLA-TRIP-00651,OLA-CUST-0172,OLA-DRV-0082,Ola Share,2025-03-25 15:48:15,,Hyderabad,20.85,0.0,1.2,0.0,,Cancelled by Rider,,
OLA-TRIP-00652,OLA-CUST-0020,OLA-DRV-0010,Ola Prime,2024-08-09 19:17:19,2024-08-09 20:07:49,Hyderabad,12.53,50.5,1.0,232.95,Cash,Completed,4.4,3.5
OLA-TRIP-00653,OLA-CUST-0080,OLA-DRV-0098,Ola Prime,2023-11-15 19:03:15,2023-11-15 19:29:27,Hyderabad,10.19,26.2,1.2,237.42,Cash,Completed,4.2,4.6
OLA-TRIP-00654,OLA-CUST-0014,OLA-DRV-0043,Ola Bike,2025-08-01 11:25:45,2025-08-01 12:27:27,Bengaluru,15.97,61.7,1.0,110.82,Ola Money,Completed,3.4,4.1
OLA-TRIP-00655,OLA-CUST-0187,OLA-DRV-0091,Ola Mini,2023-09-17 22:15:43,2023-09-17 22:56:31,Mumbai,10.49,40.8,1.0,145.39,Debit Card,Completed,3.2,3.7
OLA-TRIP-00656,OLA-CUST-0160,OLA-DRV-0098,Ola Prime,2024-05-16 22:11:56,2024-05-16 22:47:56,Hyderabad,8.99,36.0,1.0,179.85,Credit Card,Completed,3.8,4.9
OLA-TRIP-00657,OLA-CUST-0023,OLA-DRV-0087,Ola Mini,2025-12-09 00:13:04,2025-12-09 00:32:52,Ahmedabad,4.64,19.8,1.0,81.04,UPI,Completed,4.8,4.7
OLA-TRIP-00658,OLA-CUST-0063,OLA-DRV-0081,Ola Share,2025-12-23 00:11:35,2025-12-23 00:44:35,Chennai,9.31,33.0,1.2,96.2,Debit Card,Completed,4.3,4.9
OLA-TRIP-00659,OLA-CUST-0195,OLA-DRV-0013,Ola Auto,2025-05-06 18:10:22,2025-05-06 18:24:04,Kolkata,4.67,13.7,1.0,62.03,Debit Card,Completed,4.2,3.9
OLA-TRIP-00660,OLA-CUST-0118,OLA-DRV-0087,Ola Mini,2023-05-07 18:23:37,2023-05-07 19:02:43,Ahmedabad,14.62,39.1,1.0,190.82,Debit Card,Completed,4.1,3.8
OLA-TRIP-00661,OLA-CUST-0022,OLA-DRV-0017,Ola Prime SUV,2023-04-05 08:52:46,,Delhi,20.54,0.0,1.0,0.0,,No Show,,
OLA-TRIP-00662,OLA-CUST-0132,OLA-DRV-0020,Ola Bike,2023-07-30 08:21:10,2023-07-30 09:37:04,Pune,21.87,75.9,1.0,146.22,UPI,Completed,3.5,3.2
OLA-TRIP-00663,OLA-CUST-0044,OLA-DRV-0089,Ola Prime,2024-08-03 16:36:36,,Kochi,13.29,0.0,1.2,0.0,,Cancelled by Rider,,
OLA-TRIP-00664,OLA-CUST-0004,OLA-DRV-0069,Ola Bike,2025-11-23 11:51:20,2025-11-23 12:25:44,Mumbai,7.65,34.4,1.5,91.35,Ola Money,Completed,4.3,4.2
OLA-TRIP-00665,OLA-CUST-0046,OLA-DRV-0041,Ola Prime,2025-02-13 08:55:57,2025-02-13 09:26:33,Kolkata,8.0,30.6,1.2,198.0,Ola Money,Completed,4.2,3.1
OLA-TRIP-00666,OLA-CUST-0038,OLA-DRV-0085,Ola Prime SUV,2025-03-04 05:09:55,2025-03-04 05:47:55,Bengaluru,9.11,38.0,1.5,349.63,Debit Card,Completed,3.6,4.9
OLA-TRIP-00667,OLA-CUST-0053,OLA-DRV-0064,Ola Prime,2025-03-28 05:53:44,2025-03-28 07:20:08,Ahmedabad,19.34,86.4,1.2,402.12,Cash,Completed,3.8,4.3
OLA-TRIP-00668,OLA-CUST-0013,OLA-DRV-0021,Ola Mini,2023-09-01 20:53:16,2023-09-01 21:52:34,Ahmedabad,19.94,59.3,1.5,374.01,Ola Money,Completed,4.5,4.6
OLA-TRIP-00669,OLA-CUST-0115,OLA-DRV-0064,Ola Prime,2023-07-05 19:12:36,2023-07-05 20:16:12,Ahmedabad,16.68,63.6,1.0,295.2,Debit Card,Completed,4.7,5.0
OLA-TRIP-00670,OLA-CUST-0130,OLA-DRV-0058,Ola Share,2025-12-13 08:20:35,2025-12-13 08:33:53,Delhi,4.22,13.3,1.5,66.81,Ola Money,Completed,3.4,4.0
OLA-TRIP-00671,OLA-CUST-0002,OLA-DRV-0087,Ola Mini,2023-05-10 08:25:14,2023-05-10 08:55:26,Ahmedabad,7.66,30.2,1.5,171.39,UPI,Completed,4.5,4.8
OLA-TRIP-00672,OLA-CUST-0012,OLA-DRV-0026,Ola Auto,2023-11-30 13:44:23,2023-11-30 14:55:35,Pune,20.04,71.2,1.0,200.36,Cash,Completed,3.1,4.3
OLA-TRIP-00673,OLA-CUST-0042,OLA-DRV-0032,Ola Auto,2024-12-17 01:28:01,2024-12-17 01:56:01,Jaipur,7.49,28.0,1.0,87.41,Ola Money,Completed,4.9,4.7
OLA-TRIP-00674,OLA-CUST-0056,OLA-DRV-0040,Ola Bike,2023-06-27 19:33:47,2023-06-27 20:06:53,Chennai,8.01,33.1,1.0,63.06,Ola Money,Completed,5.0,3.5
OLA-TRIP-00675,OLA-CUST-0169,OLA-DRV-0006,Ola Prime SUV,2024-05-06 15:15:25,2024-05-06 16:13:31,Mumbai,15.64,58.1,1.0,357.16,Ola Money,Completed,3.2,4.6
OLA-TRIP-00676,OLA-CUST-0140,OLA-DRV-0091,Ola Mini,2024-05-26 19:05:49,2024-05-26 19:32:55,Mumbai,6.35,27.1,1.0,99.85,Ola Money,Completed,3.4,4.6
OLA-TRIP-00677,OLA-CUST-0188,OLA-DRV-0036,Ola Mini,2024-02-22 18:38:52,2024-02-22 20:01:04,Pune,19.65,82.2,1.0,246.15,Credit Card,Completed,4.0,3.1
OLA-TRIP-00678,OLA-CUST-0155,OLA-DRV-0085,Ola Prime SUV,2025-05-03 19:45:49,2025-05-03 20:43:25,Bengaluru,16.84,57.6,1.0,379.96,Cash,Completed,4.2,4.2
OLA-TRIP-00679,OLA-CUST-0165,OLA-DRV-0080,Ola Auto,2025-02-26 14:27:13,2025-02-26 14:48:37,Bengaluru,8.51,21.4,1.0,96.59,Debit Card,Completed,4.0,3.5
OLA-TRIP-00680,OLA-CUST-0200,OLA-DRV-0018,Ola Bike,2024-01-20 23:32:45,2024-01-20 23:45:51,Bengaluru,4.44,13.1,1.2,49.97,Cash,Completed,3.8,3.8
OLA-TRIP-00681,OLA-CUST-0112,OLA-DRV-0093,Ola Prime,2023-06-13 12:40:15,2023-06-13 13:43:03,Jaipur,22.34,62.8,1.0,380.1,Credit Card,Completed,3.6,3.8
OLA-TRIP-00682,OLA-CUST-0134,OLA-DRV-0064,Ola Prime,2023-05-16 18:29:45,2023-05-16 19:13:45,Ahmedabad,17.32,44.0,1.0,304.8,Cash,Completed,3.5,3.8
OLA-TRIP-00683,OLA-CUST-0163,OLA-DRV-0006,Ola Prime SUV,2023-08-04 11:58:55,2023-08-04 13:25:49,Mumbai,19.53,86.9,1.0,431.07,Ola Money,Completed,4.2,3.5
OLA-TRIP-00684,OLA-CUST-0009,OLA-DRV-0096,Ola Prime SUV,2023-06-01 21:24:25,2023-06-01 21:42:25,Delhi,5.91,18.0,1.0,172.29,Ola Money,Completed,3.8,4.0
OLA-TRIP-00685,OLA-CUST-0040,OLA-DRV-0030,Ola Share,2023-08-19 08:41:38,2023-08-19 09:36:26,Kochi,14.4,54.8,1.5,173.7,Credit Card,Completed,4.8,3.8
OLA-TRIP-00686,OLA-CUST-0029,OLA-DRV-0078,Ola Prime SUV,2024-01-11 05:38:36,2024-01-11 06:06:54,Delhi,7.01,28.3,1.5,289.78,Ola Money,Completed,4.1,4.3
OLA-TRIP-00687,OLA-CUST-0094,OLA-DRV-0025,Ola Prime,2025-09-24 21:36:13,2025-09-24 22:21:07,Ahmedabad,10.43,44.9,2.0,402.9,UPI,Completed,4.9,3.9
OLA-TRIP-00688,OLA-CUST-0010,OLA-DRV-0077,Ola Mini,2024-10-06 20:29:12,2024-10-06 21:34:54,Hyderabad,15.22,65.7,1.0,197.42,Cash,Completed,3.1,3.1
OLA-TRIP-00689,OLA-CUST-0043,OLA-DRV-0085,Ola Prime SUV,2023-05-13 05:02:39,2023-05-13 05:56:45,Bengaluru,17.12,54.1,1.5,577.92,Debit Card,Completed,4.2,3.6
OLA-TRIP-00690,OLA-CUST-0073,OLA-DRV-0034,Ola Bike,2024-08-17 05:03:20,2024-08-17 06:00:50,Jaipur,16.42,57.5,1.0,113.52,Cash,Completed,3.7,4.5
OLA-TRIP-00691,OLA-CUST-0160,OLA-DRV-0019,Ola Bike,2023-10-28 01:11:05,2023-10-28 01:56:47,Hyderabad,14.99,45.7,1.0,104.94,Ola Money,Completed,3.6,4.7
OLA-TRIP-00692,OLA-CUST-0013,OLA-DRV-0005,Ola Share,2025-07-09 02:15:33,2025-07-09 03:20:27,Ahmedabad,15.07,64.9,1.2,144.59,UPI,Completed,3.3,3.8
OLA-TRIP-00693,OLA-CUST-0034,OLA-DRV-0094,Ola Bike,2024-05-23 22:09:48,2024-05-23 22:50:30,Delhi,9.61,40.7,1.0,72.66,Ola Money,Completed,4.9,3.1
OLA-TRIP-00694,OLA-CUST-0157,OLA-DRV-0024,Ola Prime,2023-12-16 07:02:25,,Delhi,23.2,0.0,1.0,0.0,,Cancelled by Driver,,
OLA-TRIP-00695,OLA-CUST-0048,OLA-DRV-0097,Ola Share,2023-08-23 02:09:04,,Jaipur,5.11,0.0,1.0,0.0,,Cancelled by Driver,,
OLA-TRIP-00696,OLA-CUST-0041,OLA-DRV-0029,Ola Bike,2025-02-20 23:56:44,2025-02-21 01:16:38,Chennai,19.26,79.9,1.0,130.56,Credit Card,Completed,4.7,3.3
OLA-TRIP-00697,OLA-CUST-0086,OLA-DRV-0038,Ola Prime,2024-12-27 21:57:34,2024-12-27 22:50:34,Kochi,12.15,53.0,1.0,227.25,Cash,Completed,3.6,3.9
OLA-TRIP-00698,OLA-CUST-0161,OLA-DRV-0052,Ola Share,2025-10-14 17:38:45,2025-10-14 19:01:33,Kochi,23.19,82.8,1.2,212.8,Debit Card,Completed,3.4,4.0
OLA-TRIP-00699,OLA-CUST-0179,OLA-DRV-0047,Ola Bike,2025-07-03 08:15:27,,Mumbai,11.78,0.0,1.2,0.0,,Cancelled by Driver,,
OLA-TRIP-00700,OLA-CUST-0006,OLA-DRV-0020,Ola Bike,2025-01-28 00:59:11,2025-01-28 02:47:47,Pune,24.2,108.6,1.2,192.24,Debit Card,Completed,4.4,4.6
OLA-TRIP-00701,OLA-CUST-0197,OLA-DRV-0063,Ola Prime,2023-01-06 02:10:17,2023-01-06 02:27:53,Pune,4.49,17.6,1.2,134.82,Debit Card,Completed,4.6,4.8
OLA-TRIP-00702,OLA-CUST-0103,OLA-DRV-0047,Ola Bike,2023-12-19 07:23:42,2023-12-19 07:27:18,Mumbai,1.03,3.6,1.0,21.18,UPI,Completed,3.2,4.3
OLA-TRIP-00703,OLA-CUST-0092,OLA-DRV-0047,Ola Bike,2024-08-21 21:53:59,2024-08-21 22:30:59,Mumbai,10.71,37.0,2.0,158.52,Cash,Completed,4.9,4.2
OLA-TRIP-00704,OLA-CUST-0072,OLA-DRV-0010,Ola Prime,2024-07-26 02:29:21,2024-07-26 03:06:03,Hyderabad,8.68,36.7,1.2,210.24,Ola Money,Completed,4.4,3.2
OLA-TRIP-00705,OLA-CUST-0099,OLA-DRV-0018,Ola Bike,2025-10-24 19:39:03,2025-10-24 19:57:15,Bengaluru,4.93,18.2,1.0,44.58,Debit Card,Completed,4.2,4.9
OLA-TRIP-00706,OLA-CUST-0023,OLA-DRV-0005,Ola Share,2023-05-18 06:20:30,,Ahmedabad,17.37,0.0,1.0,0.0,,Cancelled by Rider,,
OLA-TRIP-00707,OLA-CUST-0067,OLA-DRV-0094,Ola Bike,2025-03-25 11:54:49,2025-03-25 12:34:55,Delhi,9.89,40.1,1.0,74.34,Credit Card,Completed,5.0,4.9
OLA-TRIP-00708,OLA-CUST-0002,OLA-DRV-0064,Ola Prime,2024-02-27 12:57:49,2024-02-27 13:40:49,Ahmedabad,11.51,43.0,1.2,261.18,Ola Money,Completed,4.1,3.3
OLA-TRIP-00709,OLA-CUST-0006,OLA-DRV-0022,Ola Share,2024-04-29 15:46:44,2024-04-29 16:56:44,Pune,23.4,70.0,1.0,178.8,UPI,Completed,4.5,3.4
OLA-TRIP-00710,OLA-CUST-0109,OLA-DRV-0067,Ola Share,2023-09-03 15:19:02,,Delhi,13.56,0.0,1.0,0.0,,Cancelled by Rider,,
OLA-TRIP-00711,OLA-CUST-0083,OLA-DRV-0085,Ola Prime SUV,2023-03-01 06:15:59,2023-03-01 07:09:23,Bengaluru,19.85,53.4,1.0,437.15,Credit Card,Completed,4.8,3.8
OLA-TRIP-00712,OLA-CUST-0155,OLA-DRV-0043,Ola Bike,2023-03-06 10:34:50,2023-03-06 10:46:26,Bengaluru,2.73,11.6,1.0,31.38,Cash,Completed,3.2,4.5
OLA-TRIP-00713,OLA-CUST-0196,OLA-DRV-0039,Ola Mini,2024-03-08 22:11:06,2024-03-08 23:07:24,Kolkata,16.75,56.3,1.2,257.1,Credit Card,Completed,3.0,4.4
OLA-TRIP-00714,OLA-CUST-0022,OLA-DRV-0078,Ola Prime SUV,2023-04-02 19:09:00,2023-04-02 19:14:36,Delhi,1.84,5.6,1.0,94.96,Credit Card,Completed,3.3,4.6
OLA-TRIP-00715,OLA-CUST-0138,OLA-DRV-0066,Ola Bike,2025-09-24 21:44:09,2025-09-24 22:52:21,Chennai,20.71,68.2,1.0,139.26,Cash,Completed,4.7,4.9
OLA-TRIP-00716,OLA-CUST-0082,OLA-DRV-0083,Ola Mini,2024-05-12 10:38:25,2024-05-12 11:50:01,Pune,21.27,71.6,1.0,263.97,Debit Card,Completed,4.2,3.3
OLA-TRIP-00717,OLA-CUST-0116,OLA-DRV-0086,Ola Prime,2023-02-21 12:22:49,2023-02-21 12:55:43,Mumbai,12.15,32.9,1.0,227.25,Cash,Completed,4.7,4.7
OLA-TRIP-00718,OLA-CUST-0169,OLA-DRV-0086,Ola Prime,2024-04-14 05:20:35,,Mumbai,24.34,0.0,1.2,0.0,,No Show,,
OLA-TRIP-00719,OLA-CUST-0121,OLA-DRV-0082,Ola Share,2024-12-15 09:36:42,2024-12-15 10:44:24,Hyderabad,17.01,67.7,2.0,268.14,Debit Card,Completed,4.0,3.8
OLA-TRIP-00720,OLA-CUST-0145,OLA-DRV-0076,Ola Share,2025-11-26 00:47:58,2025-11-26 01:29:10,Delhi,10.43,41.2,1.0,88.01,Cash,Completed,3.3,5.0
OLA-TRIP-00721,OLA-CUST-0127,OLA-DRV-0072,Ola Prime,2024-04-05 20:20:44,2024-04-05 20:25:32,Chennai,1.7,4.8,1.0,70.5,Credit Card,Completed,5.0,4.1
OLA-TRIP-00722,OLA-CUST-0179,OLA-DRV-0011,Ola Bike,2025-07-21 07:57:05,2025-07-21 08:20:05,Mumbai,5.54,23.0,1.0,48.24,Cash,Completed,3.6,4.3
OLA-TRIP-00723,OLA-CUST-0191,OLA-DRV-0057,Ola Prime SUV,2025-06-10 14:09:47,2025-06-10 15:08:41,Bengaluru,18.67,58.9,1.0,414.73,Credit Card,Completed,3.2,4.0
OLA-TRIP-00724,OLA-CUST-0139,OLA-DRV-0061,Ola Bike,2023-01-19 13:38:56,2023-01-19 14:23:44,Delhi,17.12,44.8,1.0,117.72,Cash,Completed,3.1,4.4
OLA-TRIP-00725,OLA-CUST-0074,OLA-DRV-0001,Ola Auto,2023-10-01 19:40:58,2023-10-01 19:46:58,Chennai,1.87,6.0,1.0,36.83,UPI,Completed,3.5,3.1
OLA-TRIP-00726,OLA-CUST-0091,OLA-DRV-0002,Ola Share,2025-06-06 08:44:35,2025-06-06 09:24:41,Kolkata,10.76,40.1,1.2,108.38,UPI,Completed,3.7,3.5
OLA-TRIP-00727,OLA-CUST-0186,OLA-DRV-0018,Ola Bike,2024-08-26 05:24:32,,Bengaluru,14.67,0.0,1.0,0.0,,Cancelled by Driver,,
OLA-TRIP-00728,OLA-CUST-0097,OLA-DRV-0020,Ola Bike,2025-07-10 14:39:43,2025-07-10 15:47:01,Pune,16.84,67.3,1.0,116.04,Debit Card,Completed,4.9,3.0
OLA-TRIP-00729,OLA-CUST-0055,OLA-DRV-0055,Ola Prime SUV,2024-03-23 01:10:35,2024-03-23 01:54:35,Kolkata,15.82,44.0,1.0,360.58,Credit Card,Completed,3.7,3.0
OLA-TRIP-00730,OLA-CUST-0067,OLA-DRV-0061,Ola Bike,2023-12-22 13:12:10,2023-12-22 13:41:46,Delhi,9.67,29.6,1.2,87.62,Credit Card,Completed,3.9,4.4
OLA-TRIP-00731,OLA-CUST-0114,OLA-DRV-0033,Ola Prime,2025-05-15 08:47:23,2025-05-15 08:54:59,Jaipur,1.87,7.6,1.2,87.66,Ola Money,Completed,3.5,3.4
OLA-TRIP-00732,OLA-CUST-0159,OLA-DRV-0066,Ola Bike,2025-09-16 06:02:47,2025-09-16 06:44:35,Chennai,15.51,41.8,1.2,129.67,Cash,Completed,4.9,4.3
OLA-TRIP-00733,OLA-CUST-0151,OLA-DRV-0066,Ola Bike,2023-01-09 00:50:08,2023-01-09 01:52:26,Chennai,18.12,62.3,1.0,123.72,Ola Money,Completed,3.3,3.9
OLA-TRIP-00734,OLA-CUST-0011,OLA-DRV-0047,Ola Bike,2025-11-03 23:22:07,2025-11-04 00:46:13,Mumbai,23.09,84.1,1.0,153.54,Cash,Completed,4.8,3.3
OLA-TRIP-00735,OLA-CUST-0138,OLA-DRV-0066,Ola Bike,2025-01-14 10:54:29,2025-01-14 11:09:47,Chennai,3.78,15.3,1.0,37.68,Credit Card,Completed,4.1,3.8
OLA-TRIP-00736,OLA-CUST-0049,OLA-DRV-0085,Ola Prime SUV,2023-07-21 11:16:52,2023-07-21 12:06:52,Bengaluru,13.13,50.0,1.0,309.47,Ola Money,Completed,3.4,4.0
OLA-TRIP-00737,OLA-CUST-0172,OLA-DRV-0010,Ola Prime,2025-08-20 01:37:00,2025-08-20 02:02:36,Hyderabad,6.26,25.6,1.2,166.68,Debit Card,Completed,4.3,3.2
OLA-TRIP-00738,OLA-CUST-0130,OLA-DRV-0096,Ola Prime SUV,2024-03-20 03:52:00,2024-03-20 04:50:00,Delhi,21.47,58.0,1.0,467.93,UPI,Completed,3.6,3.2
OLA-TRIP-00739,OLA-CUST-0039,OLA-DRV-0046,Ola Share,2025-10-06 19:08:56,2025-10-06 19:21:20,Kolkata,2.78,12.4,1.0,34.46,Debit Card,Completed,3.7,3.4
OLA-TRIP-00740,OLA-CUST-0011,OLA-DRV-0091,Ola Mini,2023-01-07 09:58:39,2023-01-07 10:20:03,Mumbai,4.93,21.4,1.0,84.23,Ola Money,Completed,3.1,3.1
OLA-TRIP-00741,OLA-CUST-0151,OLA-DRV-0040,Ola Bike,2023-02-10 02:18:34,2023-02-10 03:26:40,Chennai,20.77,68.1,1.0,139.62,Cash,Completed,3.7,3.2
OLA-TRIP-00742,OLA-CUST-0125,OLA-DRV-0080,Ola Auto,2025-12-27 09:33:53,2025-12-27 10:14:23,Bengaluru,12.23,40.5,1.0,130.07,Debit Card,Completed,4.9,5.0
OLA-TRIP-00743,OLA-CUST-0110,OLA-DRV-0091,Ola Mini,2024-07-02 12:47:10,2024-07-02 13:58:28,Mumbai,17.57,71.3,2.0,446.54,Credit Card,Completed,3.5,3.8
OLA-TRIP-00744,OLA-CUST-0121,OLA-DRV-0077,Ola Mini,2025-04-25 04:08:49,2025-04-25 05:00:55,Hyderabad,20.55,52.1,1.0,256.05,UPI,Completed,3.9,4.4
OLA-TRIP-00745,OLA-CUST-0066,OLA-DRV-0052,Ola Share,2024-05-31 23:06:07,2024-05-31 23:22:55,Kochi,5.62,16.8,1.0,54.34,Credit Card,Completed,4.2,4.8
OLA-TRIP-00746,OLA-CUST-0082,OLA-DRV-0083,Ola Mini,2024-12-20 16:05:55,2024-12-20 16:51:49,Pune,11.48,45.9,1.5,234.42,Credit Card,Completed,4.1,4.0
OLA-TRIP-00747,OLA-CUST-0031,OLA-DRV-0082,Ola Share,2024-08-01 11:40:36,2024-08-01 11:54:18,Hyderabad,3.7,13.7,1.2,49.08,Ola Money,Completed,3.7,3.1
OLA-TRIP-00748,OLA-CUST-0001,OLA-DRV-0046,Ola Share,2025-06-16 11:16:25,2025-06-16 12:40:49,Kolkata,24.88,84.4,1.2,226.99,Cash,Completed,4.3,3.0
OLA-TRIP-00749,OLA-CUST-0197,OLA-DRV-0020,Ola Bike,2024-01-15 12:29:56,2024-01-15 13:30:32,Pune,21.62,60.6,1.0,144.72,Ola Money,Completed,4.6,4.2
OLA-TRIP-00750,OLA-CUST-0169,OLA-DRV-0071,Ola Auto,2025-05-18 13:18:15,2025-05-18 14:03:39,Mumbai,17.4,45.4,1.0,176.6,Cash,Completed,4.6,3.9
OLA-TRIP-00751,OLA-CUST-0074,OLA-DRV-0029,Ola Bike,2024-10-05 03:51:59,2024-10-05 04:57:05,Chennai,15.52,65.1,1.5,162.18,Cash,Completed,3.9,3.9
OLA-TRIP-00752,OLA-CUST-0043,OLA-DRV-0043,Ola Bike,2025-01-01 07:10:41,2025-01-01 08:31:11,Bengaluru,22.98,80.5,1.0,152.88,Credit Card,Completed,4.2,4.8
OLA-TRIP-00753,OLA-CUST-0105,OLA-DRV-0029,Ola Bike,2024-05-23 01:07:49,2024-05-23 02:04:13,Chennai,14.0,56.4,1.0,99.0,Ola Money,Completed,4.7,3.7
OLA-TRIP-00754,OLA-CUST-0057,OLA-DRV-0062,Ola Auto,2025-01-31 16:33:33,,Mumbai,10.69,0.0,1.0,0.0,,Cancelled by Rider,,
OLA-TRIP-00755,OLA-CUST-0147,OLA-DRV-0044,Ola Auto,2023-11-08 02:49:04,,Mumbai,20.37,0.0,2.0,0.0,,Cancelled by Driver,,
OLA-TRIP-00756,OLA-CUST-0124,OLA-DRV-0028,Ola Prime,2023-11-28 13:04:30,2023-11-28 13:53:36,Pune,14.59,49.1,1.0,263.85,UPI,Completed,4.4,4.3
OLA-TRIP-00757,OLA-CUST-0101,OLA-DRV-0005,Ola Share,2023-09-22 01:27:09,2023-09-22 02:24:27,Ahmedabad,18.0,57.3,1.0,141.0,Debit Card,Completed,3.4,3.2
OLA-TRIP-00758,OLA-CUST-0132,OLA-DRV-0084,Ola Auto,2024-11-09 16:44:00,,Pune,18.35,0.0,1.0,0.0,,Cancelled by Rider,,
OLA-TRIP-00759,OLA-CUST-0070,OLA-DRV-0082,Ola Share,2024-08-30 17:14:37,,Hyderabad,19.17,0.0,1.0,0.0,,Cancelled by Rider,,
OLA-TRIP-00760,OLA-CUST-0014,OLA-DRV-0080,Ola Auto,2024-04-05 10:54:45,2024-04-05 11:44:51,Bengaluru,14.87,50.1,1.2,184.6,Credit Card,Completed,3.5,4.2
OLA-TRIP-00761,OLA-CUST-0148,OLA-DRV-0008,Ola Auto,2024-11-24 14:52:29,2024-11-24 14:55:35,Mumbai,1.02,3.1,1.0,29.18,Ola Money,Completed,4.3,4.4
OLA-TRIP-00762,OLA-CUST-0119,OLA-DRV-0058,Ola Share,2025-04-11 02:35:01,2025-04-11 03:05:49,Delhi,8.12,30.8,1.0,71.84,Ola Money,Completed,3.7,4.2
OLA-TRIP-00763,OLA-CUST-0062,OLA-DRV-0088,Ola Auto,2025-05-14 12:35:08,2025-05-14 13:34:38,Kolkata,21.34,59.5,1.0,212.06,Ola Money,Completed,3.4,3.4
OLA-TRIP-00764,OLA-CUST-0034,OLA-DRV-0078,Ola Prime SUV,2024-11-21 05:53:13,2024-11-21 07:07:25,Delhi,17.05,74.2,1.0,383.95,Cash,Completed,4.6,3.6
OLA-TRIP-00765,OLA-CUST-0033,OLA-DRV-0037,Ola Prime,2025-03-30 09:40:34,,Kolkata,3.05,0.0,1.0,0.0,,No Show,,
OLA-TRIP-00766,OLA-CUST-0029,OLA-DRV-0067,Ola Share,2023-04-25 10:04:05,2023-04-25 11:06:41,Delhi,20.15,62.6,1.5,234.07,Debit Card,Completed,3.4,4.8
OLA-TRIP-00767,OLA-CUST-0095,OLA-DRV-0096,Ola Prime SUV,2025-03-05 16:23:15,2025-03-05 17:24:57,Delhi,24.52,61.7,2.0,1051.76,Credit Card,Completed,3.5,4.6
OLA-TRIP-00768,OLA-CUST-0106,OLA-DRV-0031,Ola Mini,2025-11-10 12:22:43,2025-11-10 12:49:07,Kochi,6.26,26.4,1.2,118.63,Ola Money,Completed,4.3,3.7
OLA-TRIP-00769,OLA-CUST-0174,OLA-DRV-0019,Ola Bike,2025-05-16 21:36:50,2025-05-16 22:48:02,Hyderabad,20.08,71.2,1.0,135.48,Credit Card,Completed,3.0,3.3
OLA-TRIP-00770,OLA-CUST-0022,OLA-DRV-0058,Ola Share,2024-01-06 05:39:17,2024-01-06 05:50:35,Delhi,3.78,11.3,1.5,62.19,Debit Card,Completed,3.6,4.6
OLA-TRIP-00771,OLA-CUST-0059,OLA-DRV-0050,Ola Prime SUV,2024-11-30 03:13:40,2024-11-30 04:08:52,Kochi,17.56,55.2,1.0,393.64,Ola Money,Completed,3.0,4.0
OLA-TRIP-00772,OLA-CUST-0118,OLA-DRV-0079,Ola Bike,2024-11-18 19:27:27,2024-11-18 19:44:51,Ahmedabad,4.57,17.4,1.2,50.9,Credit Card,Completed,3.4,3.8
OLA-TRIP-00773,OLA-CUST-0100,OLA-DRV-0021,Ola Mini,2024-08-20 11:03:57,,Ahmedabad,7.89,0.0,1.2,0.0,,Cancelled by Rider,,
OLA-TRIP-00774,OLA-CUST-0071,OLA-DRV-0057,Ola Prime SUV,2024-03-21 23:15:22,2024-03-22 00:43:22,Bengaluru,21.9,88.0,1.0,476.1,Debit Card,Completed,3.6,4.7
OLA-TRIP-00775,OLA-CUST-0050,OLA-DRV-0030,Ola Share,2023-07-11 03:04:19,2023-07-11 03:47:31,Kochi,9.62,43.2,1.0,82.34,Ola Money,Completed,4.1,5.0
OLA-TRIP-00776,OLA-CUST-0079,OLA-DRV-0010,Ola Prime,2023-07-29 18:03:55,2023-07-29 18:43:25,Hyderabad,11.8,39.5,1.0,222.0,Cash,Completed,4.4,4.4
OLA-TRIP-00777,OLA-CUST-0183,OLA-DRV-0040,Ola Bike,2023-09-30 02:55:22,2023-09-30 03:16:52,Chennai,7.9,21.5,2.0,124.8,Debit Card,Completed,4.5,4.0
OLA-TRIP-00778,OLA-CUST-0193,OLA-DRV-0045,Ola Prime,2025-08-07 07:50:46,2025-08-07 09:01:22,Hyderabad,18.39,70.6,1.2,385.02,Credit Card,Completed,4.2,4.1
OLA-TRIP-00779,OLA-CUST-0117,OLA-DRV-0016,Ola Bike,2025-11-04 02:07:02,2025-11-04 02:14:32,Chennai,2.04,7.5,1.0,27.24,Credit Card,Completed,4.3,3.2
OLA-TRIP-00780,OLA-CUST-0193,OLA-DRV-0045,Ola Prime,2025-04-02 01:42:58,2025-04-02 01:51:58,Hyderabad,3.39,9.0,2.0,191.7,Cash,Completed,3.8,4.1
OLA-TRIP-00781,OLA-CUST-0017,OLA-DRV-0024,Ola Prime,2025-11-07 18:01:10,2025-11-07 18:43:16,Delhi,16.78,42.1,1.0,296.7,UPI,Completed,3.2,3.9
OLA-TRIP-00782,OLA-CUST-0189,OLA-DRV-0080,Ola Auto,2025-12-22 21:40:04,2025-12-22 22:05:22,Bengaluru,6.9,25.3,1.0,82.1,Credit Card,Completed,4.7,3.6
OLA-TRIP-00783,OLA-CUST-0139,OLA-DRV-0096,Ola Prime SUV,2025-04-30 00:22:14,2025-04-30 00:31:08,Delhi,2.9,8.9,1.0,115.1,Cash,Completed,4.6,3.8
OLA-TRIP-00784,OLA-CUST-0108,OLA-DRV-0036,Ola Mini,2023-06-12 07:10:47,2023-06-12 08:15:53,Pune,14.61,65.1,1.0,190.71,UPI,Completed,3.0,4.4
OLA-TRIP-00785,OLA-CUST-0075,OLA-DRV-0047,Ola Bike,2024-06-08 01:57:54,2024-06-08 02:37:54,Mumbai,13.84,40.0,1.5,147.06,Cash,Completed,4.3,4.6
OLA-TRIP-00786,OLA-CUST-0123,OLA-DRV-0032,Ola Auto,2023-01-26 08:56:57,2023-01-26 10:41:15,Jaipur,24.81,104.3,1.2,291.95,Cash,Completed,4.9,3.5
OLA-TRIP-00787,OLA-CUST-0045,OLA-DRV-0083,Ola Mini,2024-09-11 07:28:51,,Pune,1.58,0.0,1.2,0.0,,Cancelled by Rider,,
OLA-TRIP-00788,OLA-CUST-0096,OLA-DRV-0016,Ola Bike,2023-11-28 02:23:29,2023-11-28 03:27:17,Chennai,14.68,63.8,1.5,154.62,Debit Card,Completed,3.5,5.0
OLA-TRIP-00789,OLA-CUST-0107,OLA-DRV-0005,Ola Share,2025-09-01 17:33:40,2025-09-01 19:15:58,Ahmedabad,23.83,102.3,1.0,181.81,Ola Money,Completed,3.5,4.6
OLA-TRIP-00790,OLA-CUST-0165,OLA-DRV-0053,Ola Prime SUV,2025-12-15 12:00:05,2025-12-15 12:12:17,Bengaluru,3.56,12.2,1.0,127.64,Debit Card,Completed,3.8,4.2
OLA-TRIP-00791,OLA-CUST-0047,OLA-DRV-0005,Ola Share,2023-04-09 18:34:28,2023-04-09 19:50:16,Ahmedabad,19.58,75.8,1.0,152.06,Ola Money,Completed,3.7,4.6
OLA-TRIP-00792,OLA-CUST-0148,OLA-DRV-0069,Ola Bike,2024-12-22 20:37:52,2024-12-22 21:08:34,Mumbai,8.46,30.7,1.0,65.76,UPI,Completed,3.2,3.1
OLA-TRIP-00793,OLA-CUST-0011,OLA-DRV-0011,Ola Bike,2024-03-29 20:26:00,2024-03-29 21:52:00,Mumbai,23.3,86.0,1.0,154.8,UPI,Completed,3.9,4.0
OLA-TRIP-00794,OLA-CUST-0044,OLA-DRV-0052,Ola Share,2023-04-29 22:41:29,,Kochi,1.4,0.0,2.0,0.0,,Cancelled by Rider,,
OLA-TRIP-00795,OLA-CUST-0033,OLA-DRV-0088,Ola Auto,2024-08-31 12:14:12,2024-08-31 12:51:06,Kolkata,10.6,36.9,1.2,138.48,Cash,Completed,3.1,4.1
OLA-TRIP-00796,OLA-CUST-0071,OLA-DRV-0053,Ola Prime SUV,2023-10-26 13:58:06,2023-10-26 14:47:36,Bengaluru,14.3,49.5,1.0,331.7,UPI,Completed,4.7,3.6
OLA-TRIP-00797,OLA-CUST-0121,OLA-DRV-0098,Ola Prime,2023-08-22 06:43:19,2023-08-22 07:20:37,Hyderabad,11.06,37.3,1.0,210.9,Cash,Completed,4.9,3.9
OLA-TRIP-00798,OLA-CUST-0003,OLA-DRV-0082,Ola Share,2025-09-03 13:22:50,2025-09-03 13:53:50,Hyderabad,7.27,31.0,2.0,131.78,Credit Card,Completed,4.0,3.2
OLA-TRIP-00799,OLA-CUST-0002,OLA-DRV-0079,Ola Bike,2023-09-08 05:15:04,2023-09-08 05:24:28,Ahmedabad,2.15,9.4,1.5,41.85,Ola Money,Completed,3.6,4.3
OLA-TRIP-00800,OLA-CUST-0058,OLA-DRV-0078,Ola Prime SUV,2024-01-12 03:15:16,2024-01-12 03:56:40,Delhi,10.78,41.4,2.0,529.64,UPI,Completed,4.8,4.9
OLA-TRIP-00801,OLA-CUST-0005,OLA-DRV-0035,Ola Prime SUV,2025-03-25 15:10:50,2025-03-25 15:31:38,Bengaluru,6.0,20.8,1.0,174.0,Credit Card,Completed,4.2,4.4
OLA-TRIP-00802,OLA-CUST-0123,OLA-DRV-0093,Ola Prime,2024-10-02 19:16:04,2024-10-02 19:55:46,Jaipur,14.74,39.7,1.5,399.15,Debit Card,Completed,4.3,4.8
OLA-TRIP-00803,OLA-CUST-0115,OLA-DRV-0025,Ola Prime,2024-03-17 20:19:03,2024-03-17 21:45:33,Ahmedabad,21.22,86.5,1.0,363.3,UPI,Completed,3.3,3.5
OLA-TRIP-00804,OLA-CUST-0100,OLA-DRV-0054,Ola Auto,2023-04-29 05:28:19,2023-04-29 06:01:19,Ahmedabad,9.2,33.0,1.2,123.36,Cash,Completed,3.1,4.4
OLA-TRIP-00805,OLA-CUST-0033,OLA-DRV-0048,Ola Auto,2024-04-06 01:49:55,2024-04-06 02:46:07,Kolkata,13.47,56.2,1.0,141.23,Ola Money,Completed,4.0,4.3
OLA-TRIP-00806,OLA-CUST-0072,OLA-DRV-0010,Ola Prime,2025-07-30 21:49:41,2025-07-30 22:53:17,Hyderabad,22.04,63.6,1.0,375.6,Credit Card,Completed,3.7,4.0
OLA-TRIP-00807,OLA-CUST-0046,OLA-DRV-0037,Ola Prime,2023-10-04 01:48:37,2023-10-04 02:44:07,Kolkata,18.08,55.5,1.2,379.44,Credit Card,Completed,3.6,4.4
OLA-TRIP-00808,OLA-CUST-0112,OLA-DRV-0097,Ola Share,2023-02-21 16:47:41,2023-02-21 17:27:05,Jaipur,9.72,39.4,1.0,83.04,Ola Money,Completed,4.3,3.2
OLA-TRIP-00809,OLA-CUST-0162,OLA-DRV-0050,Ola Prime SUV,2023-03-07 03:36:27,2023-03-07 05:02:51,Kochi,21.47,86.4,1.0,467.93,Debit Card,Completed,4.7,4.5
OLA-TRIP-00810,OLA-CUST-0020,OLA-DRV-0010,Ola Prime,2023-03-24 11:28:30,2023-03-24 12:08:18,Hyderabad,10.81,39.8,1.0,207.15,Debit Card,Completed,3.1,3.6
OLA-TRIP-00811,OLA-CUST-0034,OLA-DRV-0061,Ola Bike,2023-10-23 00:55:07,2023-10-23 01:12:07,Delhi,5.75,17.0,1.2,59.4,Credit Card,Completed,3.8,3.6
OLA-TRIP-00812,OLA-CUST-0179,OLA-DRV-0091,Ola Mini,2025-04-02 22:01:18,,Mumbai,5.44,0.0,1.5,0.0,,Cancelled by Driver,,
OLA-TRIP-00813,OLA-CUST-0059,OLA-DRV-0049,Ola Mini,2025-12-21 06:24:04,2025-12-21 07:18:58,Kochi,14.59,54.9,1.0,190.49,UPI,Completed,4.1,3.0
OLA-TRIP-00814,OLA-CUST-0044,OLA-DRV-0050,Ola Prime SUV,2024-07-29 20:36:29,2024-07-29 21:30:41,Kochi,14.75,54.2,1.0,340.25,Debit Card,Completed,3.6,3.1
OLA-TRIP-00815,OLA-CUST-0104,OLA-DRV-0025,Ola Prime,2025-09-23 16:34:00,2025-09-23 16:46:42,Ahmedabad,3.3,12.7,1.0,94.5,Cash,Completed,3.2,4.9
OLA-TRIP-00816,OLA-CUST-0194,OLA-DRV-0080,Ola Auto,2023-09-13 11:42:48,2023-09-13 12:30:30,Bengaluru,17.51,47.7,1.0,177.59,UPI,Completed,4.1,4.0
OLA-TRIP-00817,OLA-CUST-0025,OLA-DRV-0003,Ola Prime SUV,2025-02-04 00:23:04,2025-02-04 00:33:22,Pune,2.3,10.3,1.0,103.7,Debit Card,Completed,4.9,4.5
OLA-TRIP-00818,OLA-CUST-0049,OLA-DRV-0057,Ola Prime SUV,2023-09-06 14:18:01,2023-09-06 14:34:55,Bengaluru,5.88,16.9,1.0,171.72,Ola Money,Completed,3.4,4.0
OLA-TRIP-00819,OLA-CUST-0108,OLA-DRV-0007,Ola Prime,2023-12-31 03:40:26,2023-12-31 04:55:02,Pune,24.22,74.6,1.0,408.3,Ola Money,Completed,3.7,3.9
OLA-TRIP-00820,OLA-CUST-0011,OLA-DRV-0071,Ola Auto,2023-05-30 21:39:01,2023-05-30 21:50:19,Mumbai,4.48,11.3,1.5,90.48,Cash,Completed,4.1,4.0
OLA-TRIP-00821,OLA-CUST-0062,OLA-DRV-0009,Ola Prime,2025-07-15 17:21:51,2025-07-15 17:50:51,Kolkata,8.03,29.0,1.0,165.45,Cash,Completed,3.8,4.1
OLA-TRIP-00822,OLA-CUST-0115,OLA-DRV-0054,Ola Auto,2023-09-21 14:24:48,2023-09-21 15:58:18,Ahmedabad,23.13,93.5,1.0,228.17,Credit Card,Completed,3.6,3.2
OLA-TRIP-00823,OLA-CUST-0009,OLA-DRV-0078,Ola Prime SUV,2025-12-24 11:24:55,2025-12-24 11:57:07,Delhi,9.25,32.2,1.0,235.75,Debit Card,Completed,4.6,3.5
OLA-TRIP-00824,OLA-CUST-0182,OLA-DRV-0038,Ola Prime,2023-06-01 08:11:58,2023-06-01 08:35:58,Kochi,8.66,24.0,1.0,174.9,Cash,Completed,4.7,4.0
OLA-TRIP-00825,OLA-CUST-0150,OLA-DRV-0033,Ola Prime,2024-09-22 01:44:50,2024-09-22 03:20:20,Jaipur,23.77,95.5,1.0,401.55,Cash,Completed,4.7,3.7
OLA-TRIP-00826,OLA-CUST-0035,OLA-DRV-0001,Ola Auto,2024-05-25 17:26:59,2024-05-25 17:57:23,Chennai,9.13,30.4,1.0,102.17,Credit Card,Completed,3.8,3.8
OLA-TRIP-00827,OLA-CUST-0169,OLA-DRV-0091,Ola Mini,2024-04-10 09:02:21,2024-04-10 09:28:45,Mumbai,8.94,26.4,1.0,128.34,Debit Card,Completed,3.9,3.9
OLA-TRIP-00828,OLA-CUST-0195,OLA-DRV-0002,Ola Share,2023-10-03 15:04:17,2023-10-03 15:10:35,Kolkata,2.08,6.3,1.2,35.47,Debit Card,Completed,4.4,3.2
OLA-TRIP-00829,OLA-CUST-0066,OLA-DRV-0038,Ola Prime,2024-02-17 05:04:56,2024-02-17 06:03:26,Kochi,21.32,58.5,1.0,364.8,Cash,Completed,3.5,3.7
OLA-TRIP-00830,OLA-CUST-0156,OLA-DRV-0097,Ola Share,2024-07-20 10:59:47,2024-07-20 11:58:29,Jaipur,15.87,58.7,1.2,151.31,Ola Money,Completed,3.8,3.4
OLA-TRIP-00831,OLA-CUST-0154,OLA-DRV-0003,Ola Prime SUV,2023-03-30 05:22:29,2023-03-30 06:05:53,Pune,11.07,43.4,2.0,540.66,Cash,Completed,4.4,4.6
OLA-TRIP-00832,OLA-CUST-0197,OLA-DRV-0092,Ola Prime,2023-12-28 06:47:52,,Pune,9.76,0.0,1.0,0.0,,Cancelled by Rider,,
OLA-TRIP-00833,OLA-CUST-0006,OLA-DRV-0084,Ola Auto,2025-03-22 20:49:28,2025-03-22 21:39:58,Pune,16.35,50.5,1.0,167.15,UPI,Completed,4.9,3.4
OLA-TRIP-00834,OLA-CUST-0041,OLA-DRV-0056,Ola Mini,2023-11-28 18:57:08,2023-11-28 19:41:38,Chennai,14.81,44.5,1.0,192.91,Debit Card,Completed,4.6,4.1
OLA-TRIP-00835,OLA-CUST-0193,OLA-DRV-0070,Ola Mini,2025-08-13 02:48:44,2025-08-13 04:10:26,Hyderabad,22.95,81.7,1.0,282.45,Ola Money,Completed,4.9,3.2
OLA-TRIP-00836,OLA-CUST-0199,OLA-DRV-0001,Ola Auto,2024-05-03 16:38:20,2024-05-03 16:43:38,Chennai,1.33,5.3,1.0,31.97,Ola Money,Completed,3.2,4.9
OLA-TRIP-00837,OLA-CUST-0089,OLA-DRV-0036,Ola Mini,2025-01-08 10:23:29,,Pune,12.05,0.0,1.0,0.0,,No Show,,
OLA-TRIP-00838,OLA-CUST-0086,OLA-DRV-0052,Ola Share,2023-03-18 03:38:49,2023-03-18 04:25:01,Kochi,13.1,46.2,1.0,106.7,UPI,Completed,4.4,4.1
OLA-TRIP-00839,OLA-CUST-0136,OLA-DRV-0010,Ola Prime,2025-04-22 18:25:41,2025-04-22 19:38:05,Hyderabad,17.94,72.4,1.0,314.1,Debit Card,Completed,4.3,5.0
OLA-TRIP-00840,OLA-CUST-0177,OLA-DRV-0076,Ola Share,2024-04-16 15:52:04,2024-04-16 16:35:04,Delhi,16.73,43.0,1.2,158.53,Credit Card,Completed,3.7,4.6
OLA-TRIP-00841,OLA-CUST-0035,OLA-DRV-0081,Ola Share,2024-06-08 14:52:11,,Chennai,1.96,0.0,1.0,0.0,,Cancelled by Rider,,
OLA-TRIP-00842,OLA-CUST-0035,OLA-DRV-0066,Ola Bike,2023-10-22 22:18:48,,Chennai,13.57,0.0,1.2,0.0,,Cancelled by Driver,,
OLA-TRIP-00843,OLA-CUST-0114,OLA-DRV-0097,Ola Share,2025-04-11 06:35:50,2025-04-11 08:00:26,Jaipur,19.11,84.6,1.0,148.77,Cash,Completed,4.0,3.5
OLA-TRIP-00844,OLA-CUST-0122,OLA-DRV-0052,Ola Share,2025-06-14 09:09:46,2025-06-14 10:03:46,Kochi,13.62,54.0,1.2,132.41,Cash,Completed,4.2,4.4
OLA-TRIP-00845,OLA-CUST-0083,OLA-DRV-0085,Ola Prime SUV,2025-10-21 11:26:13,2025-10-21 12:31:31,Bengaluru,22.75,65.3,1.5,738.38,UPI,Completed,4.4,3.7
OLA-TRIP-00846,OLA-CUST-0127,OLA-DRV-0051,Ola Mini,2023-08-23 01:43:01,2023-08-23 03:10:19,Chennai,23.92,87.3,1.0,293.12,UPI,Completed,3.6,3.3
OLA-TRIP-00847,OLA-CUST-0117,OLA-DRV-0029,Ola Bike,2024-12-26 09:06:34,2024-12-26 10:15:58,Chennai,17.94,69.4,1.0,122.64,Ola Money,Completed,4.3,3.6
OLA-TRIP-00848,OLA-CUST-0115,OLA-DRV-0005,Ola Share,2023-02-27 05:10:32,2023-02-27 06:04:26,Ahmedabad,16.2,53.9,1.0,128.4,Ola Money,Completed,4.7,3.1
OLA-TRIP-00849,OLA-CUST-0189,OLA-DRV-0085,Ola Prime SUV,2025-04-28 03:59:13,2025-04-28 04:25:49,Bengaluru,7.04,26.6,1.0,193.76,UPI,Completed,3.0,4.7
OLA-TRIP-00850,OLA-CUST-0116,OLA-DRV-0095,Ola Mini,2024-07-04 03:36:04,2024-07-04 05:13:10,Mumbai,24.11,97.1,1.0,295.21,Cash,Completed,4.9,3.1
OLA-TRIP-00851,OLA-CUST-0054,OLA-DRV-0027,Ola Auto,2023-06-01 12:40:06,2023-06-01 14:12:42,Chennai,24.36,92.6,2.0,478.48,Cash,Completed,4.3,4.2
OLA-TRIP-00852,OLA-CUST-0125,OLA-DRV-0018,Ola Bike,2025-01-29 18:41:46,2025-01-29 19:19:16,Bengaluru,11.56,37.5,2.0,168.72,Debit Card,Completed,3.5,3.2
OLA-TRIP-00853,OLA-CUST-0155,OLA-DRV-0057,Ola Prime SUV,2025-09-06 17:39:13,2025-09-06 18:11:49,Bengaluru,9.1,32.6,1.0,232.9,UPI,Completed,4.2,4.6
OLA-TRIP-00854,OLA-CUST-0046,OLA-DRV-0055,Ola Prime SUV,2025-07-05 06:01:35,,Kolkata,6.78,0.0,1.0,0.0,,Cancelled by Rider,,
OLA-TRIP-00855,OLA-CUST-0057,OLA-DRV-0091,Ola Mini,2025-12-08 12:21:23,,Mumbai,5.14,0.0,1.5,0.0,,Cancelled by Driver,,
OLA-TRIP-00856,OLA-CUST-0007,OLA-DRV-0067,Ola Share,2025-11-30 07:27:46,2025-11-30 07:50:40,Delhi,7.75,22.9,1.0,69.25,Cash,Completed,3.8,3.6
OLA-TRIP-00857,OLA-CUST-0195,OLA-DRV-0055,Ola Prime SUV,2023-08-23 13:06:22,2023-08-23 13:36:04,Kolkata,8.84,29.7,1.0,227.96,UPI,Completed,3.4,4.3
OLA-TRIP-00858,OLA-CUST-0077,OLA-DRV-0031,Ola Mini,2024-10-25 05:28:36,2024-10-25 06:02:12,Kochi,7.74,33.6,2.0,230.28,Ola Money,Completed,4.9,3.3
OLA-TRIP-00859,OLA-CUST-0052,OLA-DRV-0073,Ola Share,2023-06-25 06:07:12,2023-06-25 06:33:12,Ahmedabad,9.64,26.0,1.0,82.48,UPI,Completed,3.9,3.3
OLA-TRIP-00860,OLA-CUST-0198,OLA-DRV-0009,Ola Prime,2023-11-11 15:41:19,2023-11-11 17:08:25,Kolkata,21.01,87.1,1.5,540.23,Debit Card,Completed,4.4,3.7
OLA-TRIP-00861,OLA-CUST-0196,OLA-DRV-0039,Ola Mini,2025-02-26 03:09:59,2025-02-26 03:59:59,Kolkata,13.22,50.0,1.0,175.42,UPI,Completed,3.9,4.5
OLA-TRIP-00862,OLA-CUST-0032,OLA-DRV-0015,Ola Bike,2025-09-03 11:31:30,2025-09-03 11:45:00,Kolkata,3.95,13.5,1.2,46.44,UPI,Completed,3.6,3.2
OLA-TRIP-00863,OLA-CUST-0171,OLA-DRV-0044,Ola Auto,2024-07-30 20:48:18,,Mumbai,21.63,0.0,1.0,0.0,,Cancelled by Driver,,
OLA-TRIP-00864,OLA-CUST-0197,OLA-DRV-0092,Ola Prime,2025-05-05 22:16:57,,Pune,3.74,0.0,1.5,0.0,,Cancelled by Driver,,
OLA-TRIP-00865,OLA-CUST-0013,OLA-DRV-0073,Ola Share,2023-02-20 04:33:03,2023-02-20 05:07:09,Ahmedabad,8.81,34.1,1.5,115.0,UPI,Completed,4.1,4.9
OLA-TRIP-00866,OLA-CUST-0102,OLA-DRV-0028,Ola Prime,2025-03-06 23:41:50,2025-03-07 00:04:08,Pune,6.53,22.3,1.2,171.54,Ola Money,Completed,4.5,3.5
OLA-TRIP-00867,OLA-CUST-0158,OLA-DRV-0066,Ola Bike,2024-04-03 15:57:06,,Chennai,24.65,0.0,1.0,0.0,,Cancelled by Driver,,
OLA-TRIP-00868,OLA-CUST-0063,OLA-DRV-0016,Ola Bike,2025-01-12 09:23:36,2025-01-12 10:29:54,Chennai,16.62,66.3,1.2,137.66,Credit Card,Completed,4.2,4.0
OLA-TRIP-00869,OLA-CUST-0178,OLA-DRV-0081,Ola Share,2023-10-17 23:06:02,2023-10-17 23:13:44,Chennai,2.08,7.7,1.0,29.56,UPI,Completed,3.8,3.9
OLA-TRIP-00870,OLA-CUST-0087,OLA-DRV-0075,Ola Prime,2024-03-12 18:49:48,2024-03-12 20:15:00,Delhi,20.9,85.2,1.2,430.2,Cash,Completed,4.3,3.4
OLA-TRIP-00871,OLA-CUST-0184,OLA-DRV-0009,Ola Prime,2025-06-27 10:31:19,2025-06-27 12:11:31,Kolkata,22.98,100.2,1.0,389.7,Debit Card,Completed,4.2,3.3
OLA-TRIP-00872,OLA-CUST-0116,OLA-DRV-0047,Ola Bike,2024-06-10 17:53:02,2024-06-10 18:50:56,Mumbai,18.81,57.9,1.0,127.86,Debit Card,Completed,3.0,3.9
OLA-TRIP-00873,OLA-CUST-0011,OLA-DRV-0011,Ola Bike,2023-02-14 10:43:30,2023-02-14 11:08:06,Mumbai,6.6,24.6,1.0,54.6,Debit Card,Completed,4.6,3.7
OLA-TRIP-00874,OLA-CUST-0162,OLA-DRV-0050,Ola Prime SUV,2025-05-03 20:04:33,2025-05-03 20:55:09,Kochi,13.34,50.6,1.0,313.46,Cash,Completed,3.4,4.0
OLA-TRIP-00875,OLA-CUST-0122,OLA-DRV-0038,Ola Prime,2023-01-20 13:58:12,,Kochi,12.03,0.0,1.0,0.0,,Cancelled by Rider,,
OLA-TRIP-00876,OLA-CUST-0088,OLA-DRV-0019,Ola Bike,2024-09-30 02:55:38,,Hyderabad,16.0,0.0,1.0,0.0,,Cancelled by Rider,,
OLA-TRIP-00877,OLA-CUST-0055,OLA-DRV-0009,Ola Prime,2024-01-30 13:55:48,,Kolkata,19.3,0.0,1.0,0.0,,No Show,,
OLA-TRIP-00878,OLA-CUST-0198,OLA-DRV-0015,Ola Bike,2025-05-12 22:39:15,2025-05-12 23:58:57,Kolkata,18.06,79.7,2.0,246.72,Credit Card,Completed,3.7,4.7
OLA-TRIP-00879,OLA-CUST-0196,OLA-DRV-0039,Ola Mini,2025-06-09 06:41:02,2025-06-09 07:08:56,Kolkata,7.49,27.9,1.0,112.39,Cash,Completed,3.1,3.8
OLA-TRIP-00880,OLA-CUST-0126,OLA-DRV-0011,Ola Bike,2024-09-30 07:48:57,2024-09-30 08:50:27,Mumbai,13.91,61.5,1.2,118.15,Debit Card,Completed,3.4,4.0
OLA-TRIP-00881,OLA-CUST-0030,OLA-DRV-0096,Ola Prime SUV,2025-04-15 18:36:27,2025-04-15 18:41:03,Delhi,1.49,4.6,2.0,176.62,Cash,Completed,3.3,3.1
OLA-TRIP-00882,OLA-CUST-0115,OLA-DRV-0005,Ola Share,2025-08-12 07:29:51,,Ahmedabad,2.53,0.0,1.2,0.0,,No Show,,
OLA-TRIP-00883,OLA-CUST-0145,OLA-DRV-0075,Ola Prime,2024-01-05 22:43:24,2024-01-06 00:01:24,Delhi,19.23,78.0,1.0,333.45,Cash,Completed,4.0,3.2
OLA-TRIP-00884,OLA-CUST-0151,OLA-DRV-0040,Ola Bike,2024-04-26 22:42:08,2024-04-26 23:54:08,Chennai,21.41,72.0,1.0,143.46,Credit Card,Completed,3.0,4.6
OLA-TRIP-00885,OLA-CUST-0170,OLA-DRV-0063,Ola Prime,2025-06-03 13:46:41,2025-06-03 14:48:59,Pune,15.05,62.3,1.0,270.75,Credit Card,Completed,5.0,3.6
OLA-TRIP-00886,OLA-CUST-0156,OLA-DRV-0034,Ola Bike,2023-08-26 09:49:37,2023-08-26 11:00:07,Jaipur,15.86,70.5,1.0,110.16,Debit Card,Completed,3.4,4.2
OLA-TRIP-00887,OLA-CUST-0116,OLA-DRV-0011,Ola Bike,2023-07-07 07:06:56,2023-07-07 07:18:02,Mumbai,2.9,11.1,1.0,32.4,Debit Card,Completed,3.8,4.7
OLA-TRIP-00888,OLA-CUST-0054,OLA-DRV-0051,Ola Mini,2024-08-07 16:01:27,2024-08-07 17:03:33,Chennai,16.74,62.1,1.0,214.14,Ola Money,Completed,5.0,3.6
OLA-TRIP-00889,OLA-CUST-0069,OLA-DRV-0085,Ola Prime SUV,2023-03-09 01:43:12,,Bengaluru,11.07,0.0,1.2,0.0,,Cancelled by Rider,,
OLA-TRIP-00890,OLA-CUST-0009,OLA-DRV-0076,Ola Share,2023-12-20 11:14:28,2023-12-20 11:54:52,Delhi,14.76,40.4,1.2,141.98,Credit Card,Completed,3.3,4.4
OLA-TRIP-00891,OLA-CUST-0072,OLA-DRV-0010,Ola Prime,2025-02-06 06:03:39,2025-02-06 07:04:21,Hyderabad,18.79,60.7,1.0,326.85,Credit Card,Completed,4.8,4.5
OLA-TRIP-00892,OLA-CUST-0165,OLA-DRV-0080,Ola Auto,2023-03-24 19:13:00,2023-03-24 19:52:30,Bengaluru,9.85,39.5,1.0,108.65,Ola Money,Completed,4.3,5.0
OLA-TRIP-00893,OLA-CUST-0041,OLA-DRV-0051,Ola Mini,2023-01-04 17:02:12,2023-01-04 18:52:54,Chennai,24.82,110.7,1.2,363.62,Cash,Completed,3.7,4.8
OLA-TRIP-00894,OLA-CUST-0079,OLA-DRV-0098,Ola Prime,2025-06-16 20:39:30,2025-06-16 21:11:12,Hyderabad,7.21,31.7,1.0,153.15,Credit Card,Completed,4.1,3.7
OLA-TRIP-00895,OLA-CUST-0094,OLA-DRV-0064,Ola Prime,2025-08-07 11:39:43,2025-08-07 11:55:13,Ahmedabad,4.43,15.5,1.0,111.45,Ola Money,Completed,3.3,4.1
OLA-TRIP-00896,OLA-CUST-0139,OLA-DRV-0067,Ola Share,2023-10-20 08:21:19,2023-10-20 08:33:19,Delhi,3.01,12.0,1.0,36.07,Ola Money,Completed,4.0,3.6
OLA-TRIP-00897,OLA-CUST-0092,OLA-DRV-0006,Ola Prime SUV,2025-08-05 11:31:57,,Mumbai,17.87,0.0,1.2,0.0,,Cancelled by Rider,,
OLA-TRIP-00898,OLA-CUST-0137,OLA-DRV-0025,Ola Prime,2025-03-29 23:35:25,2025-03-29 23:56:07,Ahmedabad,5.87,20.7,1.0,133.05,Debit Card,Completed,4.0,3.6
OLA-TRIP-00899,OLA-CUST-0095,OLA-DRV-0076,Ola Share,2025-09-11 03:54:11,,Delhi,21.75,0.0,1.2,0.0,,Cancelled by Rider,,
OLA-TRIP-00900,OLA-CUST-0184,OLA-DRV-0046,Ola Share,2023-02-23 13:01:38,2023-02-23 13:49:14,Kolkata,14.33,47.6,1.0,115.31,Ola Money,Completed,4.7,3.9
OLA-TRIP-00901,OLA-CUST-0079,OLA-DRV-0098,Ola Prime,2025-12-11 00:33:06,,Hyderabad,14.95,0.0,1.0,0.0,,Cancelled by Driver,,
OLA-TRIP-00902,OLA-CUST-0112,OLA-DRV-0074,Ola Bike,2025-11-10 04:56:18,2025-11-10 06:05:12,Jaipur,17.47,68.9,1.0,119.82,Cash,Completed,3.9,4.9
OLA-TRIP-00903,OLA-CUST-0010,OLA-DRV-0077,Ola Mini,2024-03-03 09:43:05,2024-03-03 10:31:17,Hyderabad,11.71,48.2,1.0,158.81,UPI,Completed,3.1,3.4
OLA-TRIP-00904,OLA-CUST-0121,OLA-DRV-0098,Ola Prime,2023-08-27 13:17:48,2023-08-27 13:45:12,Hyderabad,10.67,27.4,1.2,246.06,Ola Money,Completed,3.1,4.5
OLA-TRIP-00905,OLA-CUST-0013,OLA-DRV-0073,Ola Share,2025-12-03 13:39:11,2025-12-03 15:14:17,Ahmedabad,22.44,95.1,1.2,206.5,Debit Card,Completed,3.6,4.4
OLA-TRIP-00906,OLA-CUST-0041,OLA-DRV-0027,Ola Auto,2023-05-16 12:38:11,,Chennai,21.73,0.0,1.5,0.0,,Cancelled by Driver,,
OLA-TRIP-00907,OLA-CUST-0110,OLA-DRV-0091,Ola Mini,2024-10-09 12:58:45,2024-10-09 13:34:09,Mumbai,9.8,35.4,2.0,275.6,Cash,Completed,3.6,4.6
OLA-TRIP-00908,OLA-CUST-0092,OLA-DRV-0047,Ola Bike,2023-08-24 09:43:39,2023-08-24 10:07:15,Mumbai,7.73,23.6,1.0,61.38,UPI,Completed,3.1,4.1
OLA-TRIP-00909,OLA-CUST-0071,OLA-DRV-0057,Ola Prime SUV,2024-09-18 00:48:35,2024-09-18 01:13:53,Bengaluru,6.93,25.3,1.0,191.67,Cash,Completed,3.7,3.9
OLA-TRIP-00910,OLA-CUST-0139,OLA-DRV-0075,Ola Prime,2023-05-06 14:47:57,2023-05-06 15:57:09,Delhi,17.39,69.2,1.0,305.85,Debit Card,Completed,3.5,4.5
OLA-TRIP-00911,OLA-CUST-0018,OLA-DRV-0082,Ola Share,2025-11-03 05:13:32,2025-11-03 06:21:08,Hyderabad,19.93,67.6,1.0,154.51,Ola Money,Completed,3.7,3.3
OLA-TRIP-00912,OLA-CUST-0110,OLA-DRV-0047,Ola Bike,2025-12-30 11:36:39,2025-12-30 12:02:15,Mumbai,9.77,25.6,1.0,73.62,UPI,Completed,3.9,4.7
OLA-TRIP-00913,OLA-CUST-0034,OLA-DRV-0023,Ola Bike,2023-07-02 03:15:08,2023-07-02 03:47:44,Delhi,11.13,32.6,1.2,98.14,Ola Money,Completed,4.8,3.9
OLA-TRIP-00914,OLA-CUST-0016,OLA-DRV-0090,Ola Mini,2025-01-14 22:41:06,2025-01-14 23:35:36,Kochi,14.1,54.5,2.0,370.2,Ola Money,Completed,3.5,3.0
OLA-TRIP-00915,OLA-CUST-0068,OLA-DRV-0080,Ola Auto,2023-02-17 23:32:04,2023-02-18 00:03:40,Bengaluru,7.13,31.6,1.0,84.17,Credit Card,Completed,4.9,4.8
OLA-TRIP-00916,OLA-CUST-0087,OLA-DRV-0067,Ola Share,2023-04-25 17:24:56,2023-04-25 18:09:26,Delhi,16.38,44.5,1.0,129.66,Ola Money,Completed,4.1,4.4
OLA-TRIP-00917,OLA-CUST-0132,OLA-DRV-0028,Ola Prime,2025-07-06 18:57:29,2025-07-06 19:28:47,Pune,10.8,31.3,1.0,207.0,Cash,Completed,4.0,3.9
OLA-TRIP-00918,OLA-CUST-0150,OLA-DRV-0093,Ola Prime,2024-03-02 05:07:51,2024-03-02 05:35:15,Jaipur,10.49,27.4,1.0,202.35,Cash,Completed,4.9,4.6
OLA-TRIP-00919,OLA-CUST-0149,OLA-DRV-0051,Ola Mini,2024-07-07 07:53:01,2024-07-07 09:22:43,Chennai,20.15,89.7,1.0,251.65,Cash,Completed,3.8,3.2
OLA-TRIP-00920,OLA-CUST-0030,OLA-DRV-0058,Ola Share,2023-12-14 16:53:18,2023-12-14 18:03:00,Delhi,22.2,69.7,1.2,204.48,Cash,Completed,4.9,3.0
OLA-TRIP-00921,OLA-CUST-0044,OLA-DRV-0052,Ola Share,2024-10-16 05:15:43,2024-10-16 05:18:49,Kochi,1.04,3.1,1.0,22.28,UPI,Completed,3.6,3.9
OLA-TRIP-00922,OLA-CUST-0180,OLA-DRV-0075,Ola Prime,2024-10-13 09:11:18,2024-10-13 09:34:24,Delhi,7.2,23.1,1.0,153.0,Credit Card,Completed,3.4,3.9
OLA-TRIP-00923,OLA-CUST-0034,OLA-DRV-0024,Ola Prime,2025-02-22 10:56:27,,Delhi,16.83,0.0,1.0,0.0,,No Show,,
OLA-TRIP-00924,OLA-CUST-0030,OLA-DRV-0061,Ola Bike,2023-03-26 20:08:32,,Delhi,9.52,0.0,1.0,0.0,,Cancelled by Driver,,
OLA-TRIP-00925,OLA-CUST-0132,OLA-DRV-0083,Ola Mini,2024-05-18 00:43:06,2024-05-18 01:36:12,Pune,18.57,53.1,1.5,351.41,Cash,Completed,4.0,3.9
OLA-TRIP-00926,OLA-CUST-0121,OLA-DRV-0077,Ola Mini,2023-12-17 02:44:52,2023-12-17 03:50:16,Hyderabad,15.03,65.4,1.0,195.33,Debit Card,Completed,3.5,3.1
OLA-TRIP-00927,OLA-CUST-0188,OLA-DRV-0084,Ola Auto,2024-09-09 12:26:31,2024-09-09 13:28:07,Pune,18.17,61.6,1.5,275.3,Debit Card,Completed,4.0,3.1
OLA-TRIP-00928,OLA-CUST-0112,OLA-DRV-0097,Ola Share,2023-11-30 15:57:05,2023-11-30 16:07:59,Jaipur,2.55,10.9,1.0,32.85,Credit Card,Completed,3.6,3.7
OLA-TRIP-00929,OLA-CUST-0052,OLA-DRV-0073,Ola Share,2025-12-25 01:53:04,2025-12-25 02:53:46,Ahmedabad,17.38,60.7,1.5,204.99,Cash,Completed,3.6,3.4
OLA-TRIP-00930,OLA-CUST-0186,OLA-DRV-0043,Ola Bike,2023-08-08 01:35:20,2023-08-08 03:01:26,Bengaluru,20.89,86.1,1.5,210.51,Debit Card,Completed,4.9,4.2
OLA-TRIP-00931,OLA-CUST-0018,OLA-DRV-0070,Ola Mini,2024-02-26 21:07:10,2024-02-26 21:58:04,Hyderabad,17.26,50.9,2.0,439.72,Ola Money,Completed,3.8,3.5
OLA-TRIP-00932,OLA-CUST-0020,OLA-DRV-0070,Ola Mini,2023-01-13 22:23:57,2023-01-13 22:51:45,Hyderabad,9.16,27.8,1.0,130.76,UPI,Completed,4.7,4.7
OLA-TRIP-00933,OLA-CUST-0035,OLA-DRV-0040,Ola Bike,2023-04-26 13:58:07,2023-04-26 14:33:43,Chennai,8.1,35.6,1.5,95.4,UPI,Completed,4.2,4.9
OLA-TRIP-00934,OLA-CUST-0141,OLA-DRV-0033,Ola Prime,2024-03-01 17:24:38,,Jaipur,13.68,0.0,1.0,0.0,,No Show,,
OLA-TRIP-00935,OLA-CUST-0124,OLA-DRV-0003,Ola Prime SUV,2023-07-11 04:57:44,2023-07-11 05:36:14,Pune,14.37,38.5,1.0,333.03,Ola Money,Completed,3.2,3.2
OLA-TRIP-00936,OLA-CUST-0171,OLA-DRV-0044,Ola Auto,2023-12-16 06:59:51,2023-12-16 08:31:45,Mumbai,21.87,91.9,1.0,216.83,Ola Money,Completed,4.4,3.5
OLA-TRIP-00937,OLA-CUST-0127,OLA-DRV-0051,Ola Mini,2025-11-12 05:43:50,2025-11-12 05:59:08,Chennai,5.31,15.3,1.2,106.09,Ola Money,Completed,4.5,4.5
OLA-TRIP-00938,OLA-CUST-0016,OLA-DRV-0100,Ola Bike,2025-05-06 03:36:03,2025-05-06 03:40:15,Kochi,1.09,4.2,1.0,21.54,Cash,Completed,4.9,3.5
OLA-TRIP-00939,OLA-CUST-0147,OLA-DRV-0069,Ola Bike,2024-03-23 00:23:33,2024-03-23 01:47:51,Mumbai,21.36,84.3,1.5,214.74,Credit Card,Completed,4.3,4.0
OLA-TRIP-00940,OLA-CUST-0115,OLA-DRV-0005,Ola Share,2024-02-16 22:23:42,2024-02-16 22:33:12,Ahmedabad,2.74,9.5,1.0,34.18,Debit Card,Completed,3.2,3.2
OLA-TRIP-00941,OLA-CUST-0156,OLA-DRV-0034,Ola Bike,2025-10-26 05:35:02,2025-10-26 07:02:08,Jaipur,20.9,87.1,1.0,140.4,Ola Money,Completed,3.9,3.3
OLA-TRIP-00942,OLA-CUST-0173,OLA-DRV-0034,Ola Bike,2025-04-21 10:10:23,2025-04-21 10:54:35,Jaipur,14.3,44.2,1.2,120.96,Ola Money,Completed,4.3,3.2
OLA-TRIP-00943,OLA-CUST-0087,OLA-DRV-0075,Ola Prime,2024-12-16 20:41:30,,Delhi,11.93,0.0,1.2,0.0,,Cancelled by Rider,,
OLA-TRIP-00944,OLA-CUST-0124,OLA-DRV-0059,Ola Prime,2024-12-28 13:40:01,2024-12-28 14:37:01,Pune,16.7,57.0,1.0,295.5,Debit Card,Completed,4.8,3.6
OLA-TRIP-00945,OLA-CUST-0175,OLA-DRV-0073,Ola Share,2024-09-25 06:02:03,2024-09-25 06:24:09,Ahmedabad,6.55,22.1,1.0,60.85,UPI,Completed,3.7,3.3
OLA-TRIP-00946,OLA-CUST-0037,OLA-DRV-0032,Ola Auto,2023-02-10 03:48:12,2023-02-10 05:05:48,Jaipur,22.0,77.6,1.5,327.0,UPI,Completed,3.7,4.7
OLA-TRIP-00947,OLA-CUST-0041,OLA-DRV-0029,Ola Bike,2023-12-22 21:22:17,2023-12-22 21:56:59,Chennai,11.72,34.7,1.0,85.32,Cash,Completed,4.8,3.7
OLA-TRIP-00948,OLA-CUST-0035,OLA-DRV-0056,Ola Mini,2024-10-28 22:32:08,,Chennai,10.33,0.0,1.0,0.0,,Cancelled by Rider,,
OLA-TRIP-00949,OLA-CUST-0113,OLA-DRV-0084,Ola Auto,2025-05-29 23:33:50,,Pune,17.45,0.0,1.0,0.0,,Cancelled by Rider,,
OLA-TRIP-00950,OLA-CUST-0033,OLA-DRV-0046,Ola Share,2023-05-18 14:04:08,2023-05-18 14:31:50,Kolkata,7.69,27.7,1.0,68.83,Credit Card,Completed,3.6,4.1
OLA-TRIP-00951,OLA-CUST-0129,OLA-DRV-0008,Ola Auto,2023-02-24 10:18:52,2023-02-24 11:01:34,Mumbai,14.09,42.7,1.5,220.22,Credit Card,Completed,3.8,4.9
OLA-TRIP-00952,OLA-CUST-0155,OLA-DRV-0018,Ola Bike,2023-10-14 06:22:54,2023-10-14 06:43:00,Bengaluru,7.07,20.1,1.0,57.42,Credit Card,Completed,3.0,3.8
OLA-TRIP-00953,OLA-CUST-0096,OLA-DRV-0066,Ola Bike,2025-12-24 18:27:04,,Chennai,23.16,0.0,1.0,0.0,,Cancelled by Driver,,
OLA-TRIP-00954,OLA-CUST-0151,OLA-DRV-0072,Ola Prime,2024-05-26 01:49:44,,Chennai,17.38,0.0,1.0,0.0,,Cancelled by Rider,,
OLA-TRIP-00955,OLA-CUST-0063,OLA-DRV-0056,Ola Mini,2024-06-17 12:39:46,2024-06-17 13:37:10,Chennai,21.36,57.4,1.0,264.96,Cash,Completed,3.1,4.1
OLA-TRIP-00956,OLA-CUST-0045,OLA-DRV-0063,Ola Prime,2025-01-19 13:12:33,2025-01-19 13:46:27,Pune,8.18,33.9,1.0,167.7,Credit Card,Completed,3.5,4.2
OLA-TRIP-00957,OLA-CUST-0152,OLA-DRV-0023,Ola Bike,2025-06-02 17:35:38,2025-06-02 19:15:56,Delhi,23.51,100.3,1.2,187.27,Credit Card,Completed,3.6,3.9
OLA-TRIP-00958,OLA-CUST-0080,OLA-DRV-0010,Ola Prime,2024-01-01 22:47:07,2024-01-01 22:57:07,Hyderabad,2.4,10.0,1.0,81.0,Credit Card,Completed,3.3,4.0
OLA-TRIP-00959,OLA-CUST-0110,OLA-DRV-0086,Ola Prime,2023-01-10 08:59:17,2023-01-10 09:32:41,Mumbai,9.49,33.4,1.0,187.35,Credit Card,Completed,5.0,3.6
OLA-TRIP-00960,OLA-CUST-0150,OLA-DRV-0034,Ola Bike,2024-08-30 06:23:33,2024-08-30 07:18:27,Jaipur,21.5,54.9,1.0,144.0,Cash,Completed,4.4,5.0
OLA-TRIP-00961,OLA-CUST-0098,OLA-DRV-0070,Ola Mini,2025-08-20 09:46:14,2025-08-20 10:28:26,Hyderabad,16.33,42.2,1.0,209.63,Ola Money,Completed,4.8,3.4
OLA-TRIP-00962,OLA-CUST-0050,OLA-DRV-0038,Ola Prime,2024-01-04 17:38:53,2024-01-04 18:07:47,Kochi,8.83,28.9,1.0,177.45,Debit Card,Completed,3.1,3.1
OLA-TRIP-00963,OLA-CUST-0062,OLA-DRV-0039,Ola Mini,2025-05-24 13:03:24,2025-05-24 13:25:54,Kolkata,6.27,22.5,1.0,98.97,Ola Money,Completed,4.4,3.4
OLA-TRIP-00964,OLA-CUST-0175,OLA-DRV-0021,Ola Mini,2025-04-18 01:22:25,2025-04-18 01:33:49,Ahmedabad,2.64,11.4,1.5,88.56,Credit Card,Completed,3.1,3.6
OLA-TRIP-00965,OLA-CUST-0066,OLA-DRV-0031,Ola Mini,2023-08-29 21:41:28,2023-08-29 22:16:10,Kochi,11.57,34.7,1.0,157.27,Credit Card,Completed,3.4,4.1
OLA-TRIP-00966,OLA-CUST-0197,OLA-DRV-0022,Ola Share,2023-10-22 19:52:05,2023-10-22 20:38:11,Pune,15.69,46.1,1.0,124.83,Debit Card,Completed,4.4,4.0
OLA-TRIP-00967,OLA-CUST-0018,OLA-DRV-0070,Ola Mini,2024-02-25 22:58:40,2024-02-25 23:47:46,Hyderabad,11.97,49.1,1.2,194.0,Debit Card,Completed,3.9,3.5
OLA-TRIP-00968,OLA-CUST-0041,OLA-DRV-0040,Ola Bike,2023-11-10 02:19:33,2023-11-10 03:36:39,Chennai,23.54,77.1,1.0,156.24,Ola Money,Completed,3.7,3.4
OLA-TRIP-00969,OLA-CUST-0004,OLA-DRV-0047,Ola Bike,2024-03-30 12:49:30,2024-03-30 13:48:48,Mumbai,18.49,59.3,1.0,125.94,Credit Card,Completed,3.6,4.1
OLA-TRIP-00970,OLA-CUST-0154,OLA-DRV-0026,Ola Auto,2023-01-30 03:27:23,2023-01-30 04:22:17,Pune,19.37,54.9,1.0,194.33,UPI,Completed,3.1,4.7
OLA-TRIP-00971,OLA-CUST-0053,OLA-DRV-0021,Ola Mini,2025-06-29 19:42:15,,Ahmedabad,1.6,0.0,1.0,0.0,,Cancelled by Driver,,
OLA-TRIP-00972,OLA-CUST-0057,OLA-DRV-0047,Ola Bike,2025-04-04 07:06:03,2025-04-04 07:34:09,Mumbai,10.64,28.1,1.0,78.84,Debit Card,Completed,3.7,3.3
OLA-TRIP-00973,OLA-CUST-0099,OLA-DRV-0043,Ola Bike,2024-09-03 09:00:31,,Bengaluru,8.71,0.0,1.0,0.0,,Cancelled by Rider,,
OLA-TRIP-00974,OLA-CUST-0148,OLA-DRV-0071,Ola Auto,2024-11-14 01:35:08,,Mumbai,24.39,0.0,1.0,0.0,,Cancelled by Driver,,
OLA-TRIP-00975,OLA-CUST-0011,OLA-DRV-0095,Ola Mini,2025-04-11 04:05:37,2025-04-11 04:14:07,Mumbai,2.04,8.5,1.0,52.44,Ola Money,Completed,3.3,4.7
OLA-TRIP-00976,OLA-CUST-0197,OLA-DRV-0028,Ola Prime,2023-12-03 18:51:54,2023-12-03 19:20:48,Pune,7.05,28.9,1.2,180.9,Debit Card,Completed,3.7,3.8
OLA-TRIP-00977,OLA-CUST-0092,OLA-DRV-0044,Ola Auto,2024-01-27 14:34:49,2024-01-27 15:05:31,Mumbai,11.16,30.7,1.0,120.44,Ola Money,Completed,4.0,4.8
OLA-TRIP-00978,OLA-CUST-0163,OLA-DRV-0008,Ola Auto,2023-12-08 13:07:01,2023-12-08 13:28:49,Mumbai,7.89,21.8,1.0,91.01,Ola Money,Completed,3.1,4.4
OLA-TRIP-00979,OLA-CUST-0081,OLA-DRV-0033,Ola Prime,2023-08-14 08:47:15,2023-08-14 08:56:27,Jaipur,2.75,9.2,1.0,86.25,Credit Card,Completed,4.9,3.1
OLA-TRIP-00980,OLA-CUST-0174,OLA-DRV-0098,Ola Prime,2024-07-03 16:55:25,2024-07-03 18:03:55,Hyderabad,18.04,68.5,1.5,473.4,Ola Money,Completed,4.1,4.9
OLA-TRIP-00981,OLA-CUST-0186,OLA-DRV-0018,Ola Bike,2024-03-05 03:32:47,2024-03-05 03:37:11,Bengaluru,1.41,4.4,2.0,46.92,UPI,Completed,4.7,3.2
OLA-TRIP-00982,OLA-CUST-0022,OLA-DRV-0023,Ola Bike,2024-05-18 15:38:24,2024-05-18 15:56:42,Delhi,4.78,18.3,1.5,65.52,UPI,Completed,3.7,3.4
OLA-TRIP-00983,OLA-CUST-0188,OLA-DRV-0022,Ola Share,2024-10-31 19:15:30,2024-10-31 19:46:42,Pune,7.17,31.2,1.0,65.19,Credit Card,Completed,4.9,4.6
OLA-TRIP-00984,OLA-CUST-0160,OLA-DRV-0077,Ola Mini,2023-08-11 14:39:35,2023-08-11 15:46:47,Hyderabad,23.99,67.2,1.0,293.89,Credit Card,Completed,4.0,3.2
OLA-TRIP-00985,OLA-CUST-0014,OLA-DRV-0035,Ola Prime SUV,2023-11-28 07:34:04,2023-11-28 09:12:04,Bengaluru,23.42,98.0,1.2,605.98,Credit Card,Completed,4.9,4.6
OLA-TRIP-00986,OLA-CUST-0168,OLA-DRV-0001,Ola Auto,2025-02-09 15:20:59,2025-02-09 15:32:17,Chennai,2.68,11.3,1.0,44.12,Ola Money,Completed,3.6,3.9
OLA-TRIP-00987,OLA-CUST-0185,OLA-DRV-0028,Ola Prime,2024-07-04 17:41:49,2024-07-04 17:57:43,Pune,5.67,15.9,1.0,130.05,Cash,Completed,4.1,4.5
OLA-TRIP-00988,OLA-CUST-0115,OLA-DRV-0025,Ola Prime,2025-03-01 19:22:06,,Ahmedabad,5.46,0.0,1.0,0.0,,No Show,,
OLA-TRIP-00989,OLA-CUST-0171,OLA-DRV-0047,Ola Bike,2023-07-30 15:53:37,2023-07-30 16:33:25,Mumbai,14.17,39.8,1.0,100.02,UPI,Completed,3.3,3.5
OLA-TRIP-00990,OLA-CUST-0093,OLA-DRV-0072,Ola Prime,2025-06-30 02:23:45,2025-06-30 03:14:09,Chennai,16.08,50.4,1.2,343.44,Debit Card,Completed,3.0,3.2
OLA-TRIP-00991,OLA-CUST-0142,OLA-DRV-0060,Ola Auto,2023-06-26 20:53:55,2023-06-26 21:27:55,Kochi,12.47,34.0,1.0,132.23,Debit Card,Completed,4.7,4.8
OLA-TRIP-00992,OLA-CUST-0018,OLA-DRV-0077,Ola Mini,2024-06-21 09:28:34,2024-06-21 10:29:46,Hyderabad,14.55,61.2,1.5,285.08,Cash,Completed,3.5,4.7
OLA-TRIP-00993,OLA-CUST-0150,OLA-DRV-0074,Ola Bike,2024-04-24 18:20:00,2024-04-24 19:32:12,Jaipur,17.17,72.2,1.0,118.02,Ola Money,Completed,3.9,4.3
OLA-TRIP-00994,OLA-CUST-0015,OLA-DRV-0068,Ola Prime SUV,2023-06-15 09:29:50,2023-06-15 10:36:14,Ahmedabad,22.24,66.4,1.0,482.56,Ola Money,Completed,3.9,3.6
OLA-TRIP-00995,OLA-CUST-0014,OLA-DRV-0018,Ola Bike,2024-02-08 09:33:20,,Bengaluru,11.01,0.0,1.0,0.0,,Cancelled by Rider,,
OLA-TRIP-00996,OLA-CUST-0031,OLA-DRV-0077,Ola Mini,2025-07-20 06:48:19,,Hyderabad,11.91,0.0,1.2,0.0,,Cancelled by Driver,,
OLA-TRIP-00997,OLA-CUST-0147,OLA-DRV-0044,Ola Auto,2023-06-11 16:00:10,2023-06-11 17:25:16,Mumbai,19.61,85.1,1.5,294.74,Ola Money,Completed,4.7,4.3
OLA-TRIP-00998,OLA-CUST-0200,OLA-DRV-0035,Ola Prime SUV,2023-02-08 12:29:34,2023-02-08 12:39:28,Bengaluru,3.19,9.9,1.0,120.61,Credit Card,Completed,3.1,3.3
OLA-TRIP-00999,OLA-CUST-0043,OLA-DRV-0080,Ola Auto,2023-02-22 13:17:37,2023-02-22 13:52:43,Bengaluru,8.81,35.1,1.0,99.29,UPI,Completed,3.6,3.4
OLA-TRIP-01000,OLA-CUST-0010,OLA-DRV-0045,Ola Prime,2024-03-19 02:59:22,2024-03-19 03:03:40,Hyderabad,1.25,4.3,1.0,63.75,Debit Card,Completed,3.6,3.6
OLA-TRIP-01001,OLA-CUST-0004,OLA-DRV-0071,Ola Auto,2025-07-03 16:35:20,2025-07-03 16:44:50,Mumbai,3.26,9.5,1.0,49.34,Credit Card,Completed,4.5,3.1
OLA-TRIP-01002,OLA-CUST-0006,OLA-DRV-0036,Ola Mini,2025-03-14 15:42:19,2025-03-14 16:38:07,Pune,20.65,55.8,1.0,257.15,Cash,Completed,4.7,4.8
OLA-TRIP-01003,OLA-CUST-0130,OLA-DRV-0058,Ola Share,2024-09-01 08:13:32,2024-09-01 09:43:56,Delhi,20.39,90.4,1.2,189.28,Cash,Completed,3.2,4.7
OLA-TRIP-01004,OLA-CUST-0135,OLA-DRV-0057,Ola Prime SUV,2023-05-15 10:33:58,2023-05-15 11:38:52,Bengaluru,16.31,64.9,1.0,369.89,UPI,Completed,3.3,3.4
OLA-TRIP-01005,OLA-CUST-0041,OLA-DRV-0029,Ola Bike,2024-06-29 16:44:01,2024-06-29 17:04:49,Chennai,7.72,20.8,1.0,61.32,Debit Card,Completed,4.5,4.7
OLA-TRIP-01006,OLA-CUST-0149,OLA-DRV-0081,Ola Share,2024-02-10 07:54:30,2024-02-10 08:12:30,Chennai,6.36,18.0,1.2,71.42,Ola Money,Completed,3.6,4.3
OLA-TRIP-01007,OLA-CUST-0197,OLA-DRV-0083,Ola Mini,2023-06-16 02:57:01,,Pune,7.03,0.0,1.0,0.0,,Cancelled by Rider,,
OLA-TRIP-01008,OLA-CUST-0177,OLA-DRV-0024,Ola Prime,2023-06-09 17:07:35,2023-06-09 18:08:53,Delhi,21.33,61.3,1.2,437.94,UPI,Completed,4.1,3.1
OLA-TRIP-01009,OLA-CUST-0135,OLA-DRV-0035,Ola Prime SUV,2024-12-24 12:21:29,2024-12-24 12:28:59,Bengaluru,1.68,7.5,1.5,137.88,Debit Card,Completed,3.3,4.4
OLA-TRIP-01010,OLA-CUST-0195,OLA-DRV-0048,Ola Auto,2025-03-17 03:01:40,2025-03-17 03:20:10,Kolkata,4.18,18.5,1.0,57.62,Debit Card,Completed,3.8,4.4
OLA-TRIP-01011,OLA-CUST-0027,OLA-DRV-0082,Ola Share,2025-06-30 00:04:59,2025-06-30 00:20:47,Hyderabad,5.65,15.8,1.0,54.55,Debit Card,Completed,4.8,4.3
OLA-TRIP-01012,OLA-CUST-0045,OLA-DRV-0084,Ola Auto,2023-09-07 17:07:14,2023-09-07 17:45:32,Pune,14.04,38.3,1.0,146.36,Credit Card,Completed,4.0,3.2
OLA-TRIP-01013,OLA-CUST-0178,OLA-DRV-0040,Ola Bike,2023-04-20 08:53:00,2023-04-20 09:19:18,Chennai,6.04,26.3,1.0,51.24,Credit Card,Completed,3.8,3.9
OLA-TRIP-01014,OLA-CUST-0082,OLA-DRV-0028,Ola Prime,2025-06-15 21:25:41,2025-06-15 21:48:17,Pune,7.84,22.6,1.0,162.6,Debit Card,Completed,4.7,5.0
OLA-TRIP-01015,OLA-CUST-0135,OLA-DRV-0018,Ola Bike,2023-05-29 15:21:12,2023-05-29 16:31:48,Bengaluru,20.38,70.6,1.0,137.28,Cash,Completed,3.3,3.4
OLA-TRIP-01016,OLA-CUST-0150,OLA-DRV-0033,Ola Prime,2023-05-17 05:53:53,2023-05-17 06:58:41,Jaipur,22.69,64.8,1.2,462.42,Ola Money,Completed,4.5,4.7
OLA-TRIP-01017,OLA-CUST-0182,OLA-DRV-0099,Ola Auto,2024-12-12 03:14:39,2024-12-12 03:37:39,Kochi,6.82,23.0,1.2,97.66,UPI,Completed,4.6,3.0
OLA-TRIP-01018,OLA-CUST-0076,OLA-DRV-0070,Ola Mini,2024-02-27 03:58:15,2024-02-27 04:04:39,Hyderabad,1.59,6.4,1.0,47.49,Debit Card,Completed,4.1,4.2
OLA-TRIP-01019,OLA-CUST-0095,OLA-DRV-0058,Ola Share,2025-01-02 05:42:00,2025-01-02 07:14:30,Delhi,23.02,92.5,1.0,176.14,Ola Money,Completed,3.4,4.6
OLA-TRIP-01020,OLA-CUST-0148,OLA-DRV-0047,Ola Bike,2025-10-21 19:57:05,2025-10-21 20:01:47,Mumbai,1.53,4.7,1.2,29.02,Credit Card,Completed,3.8,4.8
OLA-TRIP-01021,OLA-CUST-0048,OLA-DRV-0033,Ola Prime,2024-12-12 23:23:56,2024-12-12 23:47:26,Jaipur,9.18,23.5,1.0,182.7,Debit Card,Completed,4.9,4.9
OLA-TRIP-01022,OLA-CUST-0096,OLA-DRV-0056,Ola Mini,2024-11-25 14:33:01,2024-11-25 14:52:13,Chennai,6.15,19.2,1.5,146.48,UPI,Completed,3.7,4.1
OLA-TRIP-01023,OLA-CUST-0035,OLA-DRV-0027,Ola Auto,2024-03-05 05:50:50,2024-03-05 06:42:38,Chennai,12.35,51.8,1.0,131.15,Ola Money,Completed,4.0,4.4
OLA-TRIP-01024,OLA-CUST-0004,OLA-DRV-0008,Ola Auto,2023-09-13 00:21:37,2023-09-13 01:06:19,Mumbai,16.32,44.7,1.2,200.26,Cash,Completed,4.3,3.7
OLA-TRIP-01025,OLA-CUST-0118,OLA-DRV-0079,Ola Bike,2024-03-27 08:20:15,2024-03-27 09:10:39,Ahmedabad,18.32,50.4,1.0,124.92,Debit Card,Completed,3.6,3.6
OLA-TRIP-01026,OLA-CUST-0166,OLA-DRV-0044,Ola Auto,2023-06-27 04:21:45,2023-06-27 05:29:09,Mumbai,20.83,67.4,1.2,248.96,UPI,Completed,3.0,4.0
OLA-TRIP-01027,OLA-CUST-0190,OLA-DRV-0075,Ola Prime,2025-05-25 05:35:56,,Delhi,13.23,0.0,1.5,0.0,,Cancelled by Driver,,
OLA-TRIP-01028,OLA-CUST-0027,OLA-DRV-0070,Ola Mini,2024-08-10 11:27:51,2024-08-10 11:40:15,Hyderabad,4.41,12.4,1.0,78.51,Debit Card,Completed,4.1,3.7
OLA-TRIP-01029,OLA-CUST-0061,OLA-DRV-0077,Ola Mini,2024-12-02 23:07:50,,Hyderabad,5.53,0.0,1.0,0.0,,Cancelled by Rider,,
OLA-TRIP-01030,OLA-CUST-0050,OLA-DRV-0031,Ola Mini,2025-10-11 23:44:39,2025-10-12 00:45:33,Kochi,23.09,60.9,1.0,283.99,Debit Card,Completed,3.5,4.4
OLA-TRIP-01031,OLA-CUST-0101,OLA-DRV-0025,Ola Prime,2025-02-20 16:49:49,2025-02-20 17:32:07,Ahmedabad,11.96,42.3,1.0,224.4,UPI,Completed,3.4,4.1
OLA-TRIP-01032,OLA-CUST-0147,OLA-DRV-0004,Ola Mini,2025-11-17 05:38:32,2025-11-17 06:17:26,Mumbai,10.9,38.9,1.0,149.9,UPI,Completed,4.9,4.3
OLA-TRIP-01033,OLA-CUST-0028,OLA-DRV-0099,Ola Auto,2024-02-20 03:32:47,2024-02-20 04:07:29,Kochi,12.31,34.7,1.0,130.79,Credit Card,Completed,3.5,3.8
OLA-TRIP-01034,OLA-CUST-0182,OLA-DRV-0089,Ola Prime,2025-02-15 20:03:59,2025-02-15 21:21:23,Kochi,18.37,77.4,1.0,320.55,Debit Card,Completed,3.6,4.8
OLA-TRIP-01035,OLA-CUST-0013,OLA-DRV-0068,Ola Prime SUV,2023-08-02 19:26:16,2023-08-02 20:21:22,Ahmedabad,21.19,55.1,1.0,462.61,Credit Card,Completed,4.4,4.2
OLA-TRIP-01036,OLA-CUST-0156,OLA-DRV-0074,Ola Bike,2024-11-03 03:21:41,2024-11-03 04:06:11,Jaipur,17.73,44.5,1.0,121.38,Ola Money,Completed,4.0,4.2
OLA-TRIP-01037,OLA-CUST-0094,OLA-DRV-0021,Ola Mini,2025-01-03 20:28:36,2025-01-03 21:03:18,Ahmedabad,8.25,34.7,1.0,120.75,Ola Money,Completed,4.3,4.0
OLA-TRIP-01038,OLA-CUST-0048,OLA-DRV-0033,Ola Prime,2023-09-27 07:38:00,2023-09-27 08:10:24,Jaipur,9.21,32.4,1.0,183.15,Debit Card,Completed,3.0,3.3
OLA-TRIP-01039,OLA-CUST-0037,OLA-DRV-0097,Ola Share,2025-08-19 23:21:13,2025-08-20 00:08:37,Jaipur,12.78,47.4,1.0,104.46,UPI,Completed,4.3,3.6
OLA-TRIP-01040,OLA-CUST-0134,OLA-DRV-0054,Ola Auto,2024-09-02 22:14:26,2024-09-02 23:35:26,Ahmedabad,18.79,81.0,1.0,189.11,Ola Money,Completed,4.1,3.6
OLA-TRIP-01041,OLA-CUST-0128,OLA-DRV-0068,Ola Prime SUV,2024-06-15 21:59:56,2024-06-15 23:00:14,Ahmedabad,19.64,60.3,1.0,433.16,UPI,Completed,3.9,3.3
OLA-TRIP-01042,OLA-CUST-0038,OLA-DRV-0035,Ola Prime SUV,2025-02-09 04:10:58,,Bengaluru,20.29,0.0,1.0,0.0,,Cancelled by Rider,,
OLA-TRIP-01043,OLA-CUST-0125,OLA-DRV-0080,Ola Auto,2025-09-19 19:12:51,,Bengaluru,22.03,0.0,1.0,0.0,,Cancelled by Driver,,
OLA-TRIP-01044,OLA-CUST-0143,OLA-DRV-0082,Ola Share,2025-02-08 06:40:51,2025-02-08 07:39:57,Hyderabad,14.93,59.1,1.0,119.51,Debit Card,Completed,4.5,4.0
OLA-TRIP-01045,OLA-CUST-0046,OLA-DRV-0037,Ola Prime,2023-09-30 20:17:28,2023-09-30 21:14:34,Kolkata,12.82,57.1,1.2,284.76,Ola Money,Completed,4.3,3.6
OLA-TRIP-01046,OLA-CUST-0128,OLA-DRV-0087,Ola Mini,2025-02-25 09:20:48,2025-02-25 10:20:18,Ahmedabad,15.57,59.5,1.2,241.52,Credit Card,Completed,4.6,4.4
OLA-TRIP-01047,OLA-CUST-0186,OLA-DRV-0085,Ola Prime SUV,2024-06-28 22:43:29,2024-06-28 23:02:53,Bengaluru,6.29,19.4,1.0,179.51,Debit Card,Completed,3.5,4.3
OLA-TRIP-01048,OLA-CUST-0026,OLA-DRV-0056,Ola Mini,2023-09-07 12:56:14,2023-09-07 13:30:32,Chennai,12.63,34.3,1.0,168.93,Credit Card,Completed,3.3,4.8
OLA-TRIP-01049,OLA-CUST-0022,OLA-DRV-0075,Ola Prime,2023-04-24 08:33:22,,Delhi,12.73,0.0,1.0,0.0,,Cancelled by Driver,,
OLA-TRIP-01050,OLA-CUST-0028,OLA-DRV-0050,Ola Prime SUV,2024-12-12 19:39:24,2024-12-12 20:08:12,Kochi,8.83,28.8,1.2,273.32,Ola Money,Completed,4.3,5.0
OLA-TRIP-01051,OLA-CUST-0109,OLA-DRV-0023,Ola Bike,2024-12-07 16:02:43,2024-12-07 16:29:07,Delhi,6.69,26.4,1.5,82.71,Credit Card,Completed,3.2,4.5
OLA-TRIP-01052,OLA-CUST-0185,OLA-DRV-0084,Ola Auto,2024-08-01 19:28:03,2024-08-01 20:55:27,Pune,21.35,87.4,1.0,212.15,Ola Money,Completed,3.5,3.3
OLA-TRIP-01053,OLA-CUST-0050,OLA-DRV-0038,Ola Prime,2024-06-22 19:12:29,2024-06-22 19:59:23,Kochi,18.73,46.9,1.0,325.95,Credit Card,Completed,4.4,3.8
OLA-TRIP-01054,OLA-CUST-0167,OLA-DRV-0092,Ola Prime,2025-12-28 22:42:37,2025-12-28 23:52:19,Pune,18.64,69.7,1.0,324.6,Ola Money,Completed,3.9,4.7
OLA-TRIP-01055,OLA-CUST-0076,OLA-DRV-0098,Ola Prime,2025-04-26 08:54:09,2025-04-26 09:02:57,Hyderabad,2.63,8.8,1.5,126.67,Cash,Completed,4.5,3.2
OLA-TRIP-01056,OLA-CUST-0024,OLA-DRV-0027,Ola Auto,2024-05-14 05:02:39,2024-05-14 06:05:09,Chennai,20.72,62.5,1.2,247.78,Ola Money,Completed,4.8,3.9
OLA-TRIP-01057,OLA-CUST-0089,OLA-DRV-0028,Ola Prime,2025-10-11 09:46:06,2025-10-11 11:15:12,Pune,21.58,89.1,1.0,368.7,Ola Money,Completed,4.8,4.5
OLA-TRIP-01058,OLA-CUST-0147,OLA-DRV-0006,Ola Prime SUV,2025-05-04 23:59:35,2025-05-05 01:17:59,Mumbai,24.73,78.4,1.0,529.87,Cash,Completed,4.7,4.6
OLA-TRIP-01059,OLA-CUST-0043,OLA-DRV-0085,Ola Prime SUV,2025-06-03 10:54:12,2025-06-03 11:06:30,Bengaluru,3.23,12.3,1.0,121.37,Credit Card,Completed,3.4,3.8
OLA-TRIP-01060,OLA-CUST-0139,OLA-DRV-0075,Ola Prime,2023-08-25 05:58:15,2023-08-25 06:50:57,Delhi,17.42,52.7,1.5,459.45,Debit Card,Completed,3.9,4.1
OLA-TRIP-01061,OLA-CUST-0063,OLA-DRV-0066,Ola Bike,2025-09-24 11:09:18,2025-09-24 11:36:48,Chennai,7.71,27.5,1.0,61.26,Cash,Completed,4.3,4.6
OLA-TRIP-01062,OLA-CUST-0008,OLA-DRV-0067,Ola Share,2024-04-29 09:09:55,2024-04-29 09:48:31,Delhi,11.08,38.6,1.0,92.56,Ola Money,Completed,3.6,4.6
OLA-TRIP-01063,OLA-CUST-0040,OLA-DRV-0099,Ola Auto,2024-12-10 04:40:03,2024-12-10 04:51:45,Kochi,3.84,11.7,1.0,54.56,UPI,Completed,4.3,4.3
OLA-TRIP-01064,OLA-CUST-0109,OLA-DRV-0023,Ola Bike,2023-08-29 21:31:23,2023-08-29 21:47:53,Delhi,5.26,16.5,1.5,69.84,UPI,Completed,3.5,4.6
OLA-TRIP-01065,OLA-CUST-0053,OLA-DRV-0005,Ola Share,2025-07-04 14:59:52,,Ahmedabad,8.27,0.0,1.2,0.0,,Cancelled by Rider,,
OLA-TRIP-01066,OLA-CUST-0064,OLA-DRV-0095,Ola Mini,2025-01-14 08:52:41,2025-01-14 09:55:41,Mumbai,14.81,63.0,1.0,192.91,Debit Card,Completed,4.2,3.3
OLA-TRIP-01067,OLA-CUST-0044,OLA-DRV-0049,Ola Mini,2024-12-04 23:27:29,2024-12-05 00:35:05,Kochi,15.35,67.6,1.0,198.85,Cash,Completed,3.6,4.2
OLA-TRIP-01068,OLA-CUST-0035,OLA-DRV-0001,Ola Auto,2025-03-07 05:19:11,2025-03-07 06:24:41,Chennai,18.4,65.5,1.0,185.6,Cash,Completed,4.4,3.5
OLA-TRIP-01069,OLA-CUST-0003,OLA-DRV-0070,Ola Mini,2023-12-24 18:53:11,2023-12-24 19:17:23,Hyderabad,8.36,24.2,1.0,121.96,Cash,Completed,3.6,3.8
OLA-TRIP-01070,OLA-CUST-0101,OLA-DRV-0021,Ola Mini,2024-03-02 18:13:02,,Ahmedabad,18.88,0.0,1.0,0.0,,Cancelled by Rider,,
OLA-TRIP-01071,OLA-CUST-0012,OLA-DRV-0042,Ola Mini,2023-05-23 12:55:19,,Pune,17.21,0.0,1.0,0.0,,Cancelled by Driver,,
OLA-TRIP-01072,OLA-CUST-0184,OLA-DRV-0048,Ola Auto,2025-04-05 16:59:14,,Kolkata,8.72,0.0,1.0,0.0,,Cancelled by Driver,,
OLA-TRIP-01073,OLA-CUST-0133,OLA-DRV-0073,Ola Share,2025-04-16 02:34:59,2025-04-16 03:30:53,Ahmedabad,14.79,55.9,2.0,237.06,Cash,Completed,3.4,4.8
OLA-TRIP-01074,OLA-CUST-0101,OLA-DRV-0079,Ola Bike,2025-10-12 22:00:34,2025-10-12 23:41:58,Ahmedabad,22.82,101.4,1.0,151.92,UPI,Completed,3.9,3.8
OLA-TRIP-01075,OLA-CUST-0188,OLA-DRV-0026,Ola Auto,2025-06-20 05:10:34,2025-06-20 06:09:28,Pune,22.26,58.9,1.0,220.34,Credit Card,Completed,4.1,3.7
OLA-TRIP-01076,OLA-CUST-0143,OLA-DRV-0077,Ola Mini,2025-07-24 11:08:43,2025-07-24 11:59:19,Hyderabad,19.86,50.6,1.0,248.46,Ola Money,Completed,3.1,3.7
OLA-TRIP-01077,OLA-CUST-0107,OLA-DRV-0025,Ola Prime,2023-05-11 01:53:36,,Ahmedabad,4.41,0.0,1.0,0.0,,Cancelled by Rider,,
OLA-TRIP-01078,OLA-CUST-0033,OLA-DRV-0039,Ola Mini,2025-10-30 16:14:24,2025-10-30 17:25:42,Kolkata,22.21,71.3,2.0,548.62,Credit Card,Completed,3.7,3.4
OLA-TRIP-01079,OLA-CUST-0176,OLA-DRV-0061,Ola Bike,2023-02-12 03:55:52,2023-02-12 04:14:58,Delhi,7.12,19.1,1.2,69.26,Ola Money,Completed,4.3,4.8
OLA-TRIP-01080,OLA-CUST-0151,OLA-DRV-0066,Ola Bike,2024-11-21 04:59:00,2024-11-21 05:49:00,Chennai,16.41,50.0,1.5,170.19,Cash,Completed,4.8,3.1
OLA-TRIP-01081,OLA-CUST-0121,OLA-DRV-0019,Ola Bike,2024-05-05 11:11:43,2024-05-05 12:23:55,Hyderabad,18.02,72.2,1.0,123.12,Ola Money,Completed,3.7,3.2
OLA-TRIP-01082,OLA-CUST-0028,OLA-DRV-0100,Ola Bike,2023-08-24 14:21:25,2023-08-24 15:09:25,Kochi,11.52,48.0,1.0,84.12,Cash,Completed,4.2,5.0
OLA-TRIP-01083,OLA-CUST-0049,OLA-DRV-0018,Ola Bike,2025-08-28 06:19:03,2025-08-28 08:05:33,Bengaluru,24.86,106.5,1.0,164.16,UPI,Completed,4.0,3.3
OLA-TRIP-01084,OLA-CUST-0035,OLA-DRV-0040,Ola Bike,2023-07-03 17:26:28,2023-07-03 18:29:52,Chennai,20.73,63.4,1.0,139.38,Cash,Completed,4.2,4.6
OLA-TRIP-01085,OLA-CUST-0123,OLA-DRV-0034,Ola Bike,2023-04-29 12:10:52,2023-04-29 12:41:46,Jaipur,9.2,30.9,1.0,70.2,Credit Card,Completed,3.0,4.7
OLA-TRIP-01086,OLA-CUST-0050,OLA-DRV-0089,Ola Prime,2024-08-03 22:31:48,2024-08-03 22:45:48,Kochi,4.39,14.0,1.0,110.85,Debit Card,Completed,4.2,5.0
OLA-TRIP-01087,OLA-CUST-0093,OLA-DRV-0066,Ola Bike,2023-02-28 09:59:50,2023-02-28 10:43:20,Chennai,9.85,43.5,1.2,88.92,Ola Money,Completed,4.3,4.8
OLA-TRIP-01088,OLA-CUST-0180,OLA-DRV-0058,Ola Share,2023-06-19 01:11:09,2023-06-19 02:12:39,Delhi,19.22,61.5,1.0,149.54,Ola Money,Completed,3.3,4.7
OLA-TRIP-01089,OLA-CUST-0036,OLA-DRV-0089,Ola Prime,2023-07-04 10:14:47,2023-07-04 11:26:47,Kochi,16.44,72.0,1.2,349.92,Credit Card,Completed,3.6,3.4
OLA-TRIP-01090,OLA-CUST-0131,OLA-DRV-0008,Ola Auto,2024-02-03 00:35:37,2024-02-03 01:58:49,Mumbai,21.98,83.2,1.0,217.82,Cash,Completed,3.9,4.6
OLA-TRIP-01091,OLA-CUST-0081,OLA-DRV-0074,Ola Bike,2024-03-13 22:28:00,2024-03-14 00:05:48,Jaipur,22.29,97.8,1.0,148.74,Ola Money,Completed,4.9,3.7
OLA-TRIP-01092,OLA-CUST-0024,OLA-DRV-0040,Ola Bike,2025-01-02 01:11:28,2025-01-02 02:19:52,Chennai,23.53,68.4,1.0,156.18,Debit Card,Completed,4.9,3.2
OLA-TRIP-01093,OLA-CUST-0107,OLA-DRV-0073,Ola Share,2023-01-18 07:08:44,2023-01-18 08:09:38,Ahmedabad,24.17,60.9,1.0,184.19,UPI,Completed,4.0,3.1
OLA-TRIP-01094,OLA-CUST-0146,OLA-DRV-0023,Ola Bike,2024-07-31 15:51:16,2024-07-31 16:58:10,Delhi,21.87,66.9,1.2,175.46,UPI,Completed,3.3,3.9
OLA-TRIP-01095,OLA-CUST-0138,OLA-DRV-0040,Ola Bike,2025-11-26 01:26:22,2025-11-26 01:55:28,Chennai,8.84,29.1,1.0,68.04,Credit Card,Completed,3.9,4.2
OLA-TRIP-01096,OLA-CUST-0110,OLA-DRV-0044,Ola Auto,2025-06-03 07:07:52,2025-06-03 07:20:58,Mumbai,4.32,13.1,1.2,70.66,Credit Card,Completed,3.3,4.4
OLA-TRIP-01097,OLA-CUST-0187,OLA-DRV-0091,Ola Mini,2024-06-22 20:18:46,2024-06-22 20:45:46,Mumbai,9.68,27.0,2.0,272.96,Cash,Completed,3.7,4.9
OLA-TRIP-01098,OLA-CUST-0053,OLA-DRV-0005,Ola Share,2024-08-12 22:57:21,2024-08-13 00:24:09,Ahmedabad,21.51,86.8,1.0,165.57,Credit Card,Completed,3.3,3.4
OLA-TRIP-01099,OLA-CUST-0195,OLA-DRV-0065,Ola Prime,2023-01-16 22:01:03,2023-01-16 22:19:57,Kolkata,6.1,18.9,1.5,204.75,Cash,Completed,4.3,4.5
OLA-TRIP-01100,OLA-CUST-0172,OLA-DRV-0098,Ola Prime,2025-11-09 01:33:45,2025-11-09 01:40:57,Hyderabad,2.07,7.2,1.5,114.07,Ola Money,Completed,4.1,4.7
OLA-TRIP-01101,OLA-CUST-0089,OLA-DRV-0020,Ola Bike,2025-12-04 03:54:50,2025-12-04 03:58:14,Pune,1.18,3.4,1.0,22.08,Credit Card,Completed,4.8,4.5
OLA-TRIP-01102,OLA-CUST-0026,OLA-DRV-0001,Ola Auto,2025-10-16 19:28:02,2025-10-16 20:47:50,Chennai,20.85,79.8,2.0,415.3,Credit Card,Completed,3.9,4.5
OLA-TRIP-01103,OLA-CUST-0113,OLA-DRV-0042,Ola Mini,2025-01-28 02:51:22,2025-01-28 03:40:16,Pune,13.79,48.9,1.0,181.69,Ola Money,Completed,3.5,4.4
OLA-TRIP-01104,OLA-CUST-0175,OLA-DRV-0079,Ola Bike,2025-11-25 12:39:23,2025-11-25 14:16:17,Ahmedabad,24.16,96.9,1.0,159.96,Credit Card,Completed,3.8,3.8
OLA-TRIP-01105,OLA-CUST-0182,OLA-DRV-0031,Ola Mini,2025-06-12 00:38:37,,Kochi,20.95,0.0,1.0,0.0,,Cancelled by Driver,,
OLA-TRIP-01106,OLA-CUST-0173,OLA-DRV-0032,Ola Auto,2024-06-08 13:29:32,,Jaipur,24.62,0.0,1.0,0.0,,No Show,,
OLA-TRIP-01107,OLA-CUST-0145,OLA-DRV-0094,Ola Bike,2023-05-27 17:14:17,2023-05-27 18:40:29,Delhi,22.13,86.2,1.5,221.67,Ola Money,Completed,4.8,3.1
OLA-TRIP-01108,OLA-CUST-0064,OLA-DRV-0008,Ola Auto,2023-01-02 10:55:07,2023-01-02 11:39:31,Mumbai,12.37,44.4,1.0,131.33,Ola Money,Completed,4.4,3.2
OLA-TRIP-01109,OLA-CUST-0129,OLA-DRV-0006,Ola Prime SUV,2023-04-28 07:08:43,2023-04-28 07:14:19,Mumbai,2.09,5.6,1.0,99.71,Debit Card,Completed,5.0,3.8
OLA-TRIP-01110,OLA-CUST-0189,OLA-DRV-0018,Ola Bike,2024-10-15 23:07:19,2024-10-15 23:30:01,Bengaluru,7.15,22.7,1.2,69.48,Ola Money,Completed,4.0,3.6
OLA-TRIP-01111,OLA-CUST-0035,OLA-DRV-0001,Ola Auto,2023-02-24 23:32:03,2023-02-25 00:04:33,Chennai,11.86,32.5,1.0,126.74,Ola Money,Completed,4.0,3.9
OLA-TRIP-01112,OLA-CUST-0157,OLA-DRV-0017,Ola Prime SUV,2025-02-02 11:59:54,2025-02-02 12:07:30,Delhi,2.84,7.6,1.2,136.75,UPI,Completed,3.5,3.3
OLA-TRIP-01113,OLA-CUST-0134,OLA-DRV-0079,Ola Bike,2025-06-21 12:18:40,2025-06-21 13:16:52,Ahmedabad,14.33,58.2,1.0,100.98,Ola Money,Completed,4.2,3.0
OLA-TRIP-01114,OLA-CUST-0096,OLA-DRV-0056,Ola Mini,2025-06-01 04:27:24,2025-06-01 04:53:42,Chennai,6.08,26.3,1.0,96.88,UPI,Completed,4.1,5.0
OLA-TRIP-01115,OLA-CUST-0158,OLA-DRV-0072,Ola Prime,2025-07-03 10:13:18,2025-07-03 11:41:18,Chennai,22.86,88.0,1.0,387.9,Ola Money,Completed,3.3,3.4
OLA-TRIP-01116,OLA-CUST-0173,OLA-DRV-0074,Ola Bike,2025-07-21 05:13:55,2025-07-21 05:57:19,Jaipur,11.88,43.4,1.0,86.28,Cash,Completed,4.6,3.4
OLA-TRIP-01117,OLA-CUST-0129,OLA-DRV-0011,Ola Bike,2023-05-11 16:06:02,2023-05-11 16:33:50,Mumbai,6.67,27.8,1.0,55.02,Cash,Completed,4.8,4.6
OLA-TRIP-01118,OLA-CUST-0079,OLA-DRV-0019,Ola Bike,2023-04-13 08:57:12,2023-04-13 09:07:24,Hyderabad,3.88,10.2,1.0,38.28,Ola Money,Completed,3.8,5.0
OLA-TRIP-01119,OLA-CUST-0069,OLA-DRV-0085,Ola Prime SUV,2025-10-01 21:50:02,2025-10-01 22:51:44,Bengaluru,16.61,61.7,1.0,375.59,Ola Money,Completed,3.3,4.2
OLA-TRIP-01120,OLA-CUST-0134,OLA-DRV-0079,Ola Bike,2024-11-11 10:50:27,2024-11-11 10:56:51,Ahmedabad,1.72,6.4,1.0,25.32,Debit Card,Completed,4.9,4.9
OLA-TRIP-01121,OLA-CUST-0025,OLA-DRV-0007,Ola Prime,2023-05-14 08:03:02,2023-05-14 08:11:02,Pune,1.81,8.0,1.0,72.15,Cash,Completed,4.4,3.4
OLA-TRIP-01122,OLA-CUST-0040,OLA-DRV-0099,Ola Auto,2024-03-31 22:42:36,,Kochi,8.94,0.0,1.0,0.0,,Cancelled by Driver,,
OLA-TRIP-01123,OLA-CUST-0157,OLA-DRV-0096,Ola Prime SUV,2025-01-06 07:06:25,2025-01-06 07:34:01,Delhi,8.29,27.6,1.0,217.51,Debit Card,Completed,3.8,4.6
OLA-TRIP-01124,OLA-CUST-0139,OLA-DRV-0017,Ola Prime SUV,2023-04-24 16:46:31,2023-04-24 17:48:19,Delhi,18.6,61.8,1.0,413.4,UPI,Completed,4.3,4.8
OLA-TRIP-01125,OLA-CUST-0068,OLA-DRV-0018,Ola Bike,2024-10-02 10:26:16,2024-10-02 10:54:46,Bengaluru,6.74,28.5,1.2,66.53,Ola Money,Completed,3.1,4.4
OLA-TRIP-01126,OLA-CUST-0072,OLA-DRV-0019,Ola Bike,2024-07-30 15:01:30,2024-07-30 15:04:42,Hyderabad,1.04,3.2,1.0,21.24,Credit Card,Completed,3.3,4.5
OLA-TRIP-01127,OLA-CUST-0174,OLA-DRV-0070,Ola Mini,2023-10-19 17:24:34,2023-10-19 18:53:04,Hyderabad,21.04,88.5,1.0,261.44,Cash,Completed,3.1,4.9
OLA-TRIP-01128,OLA-CUST-0179,OLA-DRV-0071,Ola Auto,2023-03-12 17:06:31,2023-03-12 17:39:37,Mumbai,12.02,33.1,1.0,128.18,Ola Money,Completed,3.1,4.9
OLA-TRIP-01129,OLA-CUST-0062,OLA-DRV-0055,Ola Prime SUV,2025-06-18 20:32:37,2025-06-18 20:37:07,Kolkata,1.22,4.5,1.0,83.18,Credit Card,Completed,3.6,4.9
OLA-TRIP-01130,OLA-CUST-0004,OLA-DRV-0095,Ola Mini,2025-08-26 22:17:43,2025-08-26 23:15:49,Mumbai,21.27,58.1,2.0,527.94,UPI,Completed,4.9,3.1
OLA-TRIP-01131,OLA-CUST-0134,OLA-DRV-0005,Ola Share,2024-08-18 05:20:22,2024-08-18 05:53:34,Ahmedabad,8.8,33.2,1.0,76.6,UPI,Completed,4.1,4.1
OLA-TRIP-01132,OLA-CUST-0007,OLA-DRV-0067,Ola Share,2024-04-25 18:51:44,,Delhi,6.11,0.0,1.0,0.0,,Cancelled by Driver,,
OLA-TRIP-01133,OLA-CUST-0028,OLA-DRV-0038,Ola Prime,2025-12-04 15:06:43,2025-12-04 15:25:49,Kochi,4.66,19.1,1.0,114.9,UPI,Completed,3.3,4.1
OLA-TRIP-01134,OLA-CUST-0176,OLA-DRV-0078,Ola Prime SUV,2025-06-21 02:40:15,2025-06-21 03:49:15,Delhi,15.9,69.0,1.0,362.1,Credit Card,Completed,3.3,4.5
OLA-TRIP-01135,OLA-CUST-0186,OLA-DRV-0043,Ola Bike,2023-09-10 17:31:23,2023-09-10 18:05:11,Bengaluru,11.68,33.8,1.0,85.08,Ola Money,Completed,4.3,4.1
OLA-TRIP-01136,OLA-CUST-0183,OLA-DRV-0066,Ola Bike,2023-12-21 12:43:39,,Chennai,4.52,0.0,1.2,0.0,,No Show,,
OLA-TRIP-01137,OLA-CUST-0039,OLA-DRV-0041,Ola Prime,2025-02-19 12:12:29,2025-02-19 12:25:29,Kolkata,5.13,13.0,1.0,121.95,UPI,Completed,3.8,4.8
OLA-TRIP-01138,OLA-CUST-0016,OLA-DRV-0090,Ola Mini,2025-05-14 16:46:19,2025-05-14 17:19:01,Kochi,9.49,32.7,1.0,134.39,Cash,Completed,3.4,4.0
OLA-TRIP-01139,OLA-CUST-0018,OLA-DRV-0045,Ola Prime,2023-03-05 04:29:50,2023-03-05 04:38:44,Hyderabad,2.04,8.9,1.0,75.6,Ola Money,Completed,5.0,4.3
OLA-TRIP-01140,OLA-CUST-0102,OLA-DRV-0083,Ola Mini,2023-07-15 07:24:09,2023-07-15 08:31:03,Pune,18.34,66.9,1.0,231.74,Cash,Completed,5.0,4.1
OLA-TRIP-01141,OLA-CUST-0110,OLA-DRV-0086,Ola Prime,2025-09-24 21:25:23,2025-09-24 22:30:41,Mumbai,17.11,65.3,1.2,361.98,Ola Money,Completed,3.3,4.0
OLA-TRIP-01142,OLA-CUST-0172,OLA-DRV-0045,Ola Prime,2024-08-05 23:23:26,2024-08-05 23:54:08,Hyderabad,11.06,30.7,1.0,210.9,Ola Money,Completed,5.0,4.2
OLA-TRIP-01143,OLA-CUST-0101,OLA-DRV-0064,Ola Prime,2025-08-01 08:04:08,,Ahmedabad,13.98,0.0,1.0,0.0,,Cancelled by Driver,,
OLA-TRIP-01144,OLA-CUST-0193,OLA-DRV-0077,Ola Mini,2025-01-13 04:01:14,2025-01-13 04:37:26,Hyderabad,9.26,36.2,1.5,197.79,Credit Card,Completed,4.7,4.4
OLA-TRIP-01145,OLA-CUST-0163,OLA-DRV-0069,Ola Bike,2023-12-24 11:57:07,2023-12-24 12:33:13,Mumbai,14.25,36.1,1.0,100.5,UPI,Completed,3.9,4.7
OLA-TRIP-01146,OLA-CUST-0019,OLA-DRV-0055,Ola Prime SUV,2025-06-24 04:40:27,2025-06-24 05:32:27,Kolkata,17.82,52.0,1.0,398.58,UPI,Completed,4.0,3.9
OLA-TRIP-01147,OLA-CUST-0008,OLA-DRV-0061,Ola Bike,2024-01-13 10:38:01,2024-01-13 11:36:25,Delhi,21.95,58.4,1.0,146.7,Credit Card,Completed,4.8,4.6
OLA-TRIP-01148,OLA-CUST-0020,OLA-DRV-0045,Ola Prime,2024-09-07 07:11:39,2024-09-07 07:17:39,Hyderabad,1.67,6.0,1.0,70.05,UPI,Completed,3.7,4.8
OLA-TRIP-01149,OLA-CUST-0008,OLA-DRV-0096,Ola Prime SUV,2023-10-19 17:38:41,2023-10-19 18:22:53,Delhi,14.76,44.2,1.0,340.44,UPI,Completed,3.7,3.1
OLA-TRIP-01150,OLA-CUST-0027,OLA-DRV-0070,Ola Mini,2025-11-12 09:58:11,2025-11-12 11:21:35,Hyderabad,21.04,83.4,1.0,261.44,UPI,Completed,3.6,3.7
OLA-TRIP-01151,OLA-CUST-0121,OLA-DRV-0077,Ola Mini,2024-04-19 09:46:43,2024-04-19 11:14:07,Hyderabad,20.41,87.4,1.5,381.76,UPI,Completed,3.4,4.2
OLA-TRIP-01152,OLA-CUST-0138,OLA-DRV-0072,Ola Prime,2023-08-10 07:16:30,2023-08-10 07:55:06,Chennai,11.45,38.6,1.0,216.75,Debit Card,Completed,3.9,4.4
OLA-TRIP-01153,OLA-CUST-0107,OLA-DRV-0025,Ola Prime,2023-06-04 15:14:16,2023-06-04 16:15:52,Ahmedabad,15.24,61.6,1.5,410.4,Debit Card,Completed,3.7,3.4
OLA-TRIP-01154,OLA-CUST-0136,OLA-DRV-0098,Ola Prime,2024-08-29 16:27:18,2024-08-29 17:54:12,Hyderabad,21.37,86.9,2.0,731.1,Debit Card,Completed,3.9,4.5
OLA-TRIP-01155,OLA-CUST-0133,OLA-DRV-0025,Ola Prime,2024-11-09 07:19:01,2024-11-09 08:04:31,Ahmedabad,11.56,45.5,1.0,218.4,Ola Money,Completed,3.5,4.2
OLA-TRIP-01156,OLA-CUST-0104,OLA-DRV-0021,Ola Mini,2025-08-04 23:12:34,2025-08-04 23:54:28,Ahmedabad,14.36,41.9,2.0,375.92,Cash,Completed,4.3,3.2
OLA-TRIP-01157,OLA-CUST-0192,OLA-DRV-0079,Ola Bike,2025-11-21 10:28:11,2025-11-21 11:11:41,Ahmedabad,14.63,43.5,2.0,205.56,Credit Card,Completed,3.9,3.4
OLA-TRIP-01158,OLA-CUST-0013,OLA-DRV-0021,Ola Mini,2024-11-17 15:11:05,,Ahmedabad,21.56,0.0,1.2,0.0,,Cancelled by Rider,,
OLA-TRIP-01159,OLA-CUST-0074,OLA-DRV-0016,Ola Bike,2024-11-12 16:51:59,2024-11-12 18:15:35,Chennai,20.1,83.6,1.0,135.6,UPI,Completed,4.1,3.4
OLA-TRIP-01160,OLA-CUST-0134,OLA-DRV-0021,Ola Mini,2023-11-19 07:06:55,,Ahmedabad,11.32,0.0,1.5,0.0,,Cancelled by Driver,,
OLA-TRIP-01161,OLA-CUST-0115,OLA-DRV-0054,Ola Auto,2023-05-17 05:08:39,,Ahmedabad,8.96,0.0,1.2,0.0,,Cancelled by Rider,,
OLA-TRIP-01162,OLA-CUST-0088,OLA-DRV-0010,Ola Prime,2025-07-06 20:30:55,2025-07-06 21:21:49,Hyderabad,13.25,50.9,1.0,243.75,Cash,Completed,3.0,3.2
OLA-TRIP-01163,OLA-CUST-0001,OLA-DRV-0002,Ola Share,2024-03-13 22:22:04,2024-03-13 22:53:10,Kolkata,9.87,31.1,1.2,100.91,Cash,Completed,4.0,3.8
OLA-TRIP-01164,OLA-CUST-0015,OLA-DRV-0073,Ola Share,2025-10-28 02:58:18,2025-10-28 03:31:42,Ahmedabad,13.18,33.4,1.0,107.26,UPI,Completed,4.8,3.2
OLA-TRIP-01165,OLA-CUST-0155,OLA-DRV-0012,Ola Prime SUV,2023-10-30 03:58:46,2023-10-30 04:30:04,Bengaluru,8.16,31.3,1.0,215.04,Ola Money,Completed,4.6,3.5
OLA-TRIP-01166,OLA-CUST-0165,OLA-DRV-0085,Ola Prime SUV,2025-06-09 10:03:13,2025-06-09 10:18:43,Bengaluru,3.6,15.5,1.0,128.4,Ola Money,Completed,4.7,4.0
OLA-TRIP-01167,OLA-CUST-0032,OLA-DRV-0055,Ola Prime SUV,2023-07-06 04:52:44,2023-07-06 05:21:50,Kolkata,11.52,29.1,1.0,278.88,Debit Card,Completed,4.4,3.8
OLA-TRIP-01168,OLA-CUST-0092,OLA-DRV-0071,Ola Auto,2024-12-16 18:34:32,2024-12-16 19:17:20,Mumbai,11.12,42.8,1.2,144.1,Cash,Completed,3.6,3.8
OLA-TRIP-01169,OLA-CUST-0049,OLA-DRV-0043,Ola Bike,2024-12-11 05:36:15,2024-12-11 06:50:51,Bengaluru,16.69,74.6,1.0,115.14,Debit Card,Completed,4.0,3.8
OLA-TRIP-01170,OLA-CUST-0074,OLA-DRV-0066,Ola Bike,2023-04-04 16:18:29,2023-04-04 17:25:29,Chennai,18.11,67.0,1.0,123.66,Credit Card,Completed,4.2,4.2
OLA-TRIP-01171,OLA-CUST-0040,OLA-DRV-0031,Ola Mini,2023-07-29 16:28:35,2023-07-29 17:20:35,Kochi,20.21,52.0,1.2,302.77,Ola Money,Completed,3.8,4.9
OLA-TRIP-01172,OLA-CUST-0089,OLA-DRV-0036,Ola Mini,2023-12-04 10:06:29,2023-12-04 10:51:47,Pune,17.3,45.3,1.0,220.3,Ola Money,Completed,3.3,4.1
OLA-TRIP-01173,OLA-CUST-0016,OLA-DRV-0089,Ola Prime,2023-09-26 00:32:42,2023-09-26 01:31:30,Kochi,13.38,58.8,1.0,245.7,Ola Money,Completed,4.6,4.1
OLA-TRIP-01174,OLA-CUST-0119,OLA-DRV-0075,Ola Prime,2023-10-31 04:46:05,2023-10-31 06:18:05,Delhi,21.88,92.0,1.5,559.8,Credit Card,Completed,4.1,4.8
OLA-TRIP-01175,OLA-CUST-0169,OLA-DRV-0071,Ola Auto,2025-07-13 20:00:28,2025-07-13 20:11:40,Mumbai,3.25,11.2,1.0,49.25,Debit Card,Completed,5.0,3.9
OLA-TRIP-01176,OLA-CUST-0074,OLA-DRV-0051,Ola Mini,2025-07-02 00:43:44,,Chennai,16.03,0.0,1.0,0.0,,Cancelled by Rider,,
OLA-TRIP-01177,OLA-CUST-0033,OLA-DRV-0015,Ola Bike,2025-07-24 13:04:03,2025-07-24 14:04:27,Kolkata,21.8,60.4,1.0,145.8,Ola Money,Completed,3.1,3.1
OLA-TRIP-01178,OLA-CUST-0192,OLA-DRV-0005,Ola Share,2025-12-18 06:58:04,,Ahmedabad,24.36,0.0,1.0,0.0,,Cancelled by Rider,,
OLA-TRIP-01179,OLA-CUST-0050,OLA-DRV-0099,Ola Auto,2023-12-18 12:02:21,2023-12-18 12:17:33,Kochi,4.77,15.2,1.0,62.93,Ola Money,Completed,4.2,3.0
OLA-TRIP-01180,OLA-CUST-0049,OLA-DRV-0012,Ola Prime SUV,2024-09-21 11:18:52,2024-09-21 12:29:34,Bengaluru,20.64,70.7,1.2,542.59,Credit Card,Completed,3.2,4.4
OLA-TRIP-01181,OLA-CUST-0112,OLA-DRV-0034,Ola Bike,2025-04-03 14:27:33,2025-04-03 15:40:27,Jaipur,17.69,72.9,1.0,121.14,UPI,Completed,3.1,4.3
OLA-TRIP-01182,OLA-CUST-0113,OLA-DRV-0036,Ola Mini,2025-04-20 01:36:11,2025-04-20 02:06:59,Pune,11.4,30.8,1.0,155.4,Debit Card,Completed,3.1,3.5
OLA-TRIP-01183,OLA-CUST-0104,OLA-DRV-0054,Ola Auto,2023-04-13 14:55:57,2023-04-13 15:02:27,Ahmedabad,1.79,6.5,1.0,36.11,Cash,Completed,3.7,3.6
OLA-TRIP-01184,OLA-CUST-0149,OLA-DRV-0001,Ola Auto,2024-04-22 11:00:22,,Chennai,4.92,0.0,1.0,0.0,,Cancelled by Driver,,
OLA-TRIP-01185,OLA-CUST-0183,OLA-DRV-0056,Ola Mini,2024-11-22 17:48:50,,Chennai,12.95,0.0,1.0,0.0,,Cancelled by Rider,,
OLA-TRIP-01186,OLA-CUST-0141,OLA-DRV-0074,Ola Bike,2024-08-31 11:49:43,,Jaipur,11.64,0.0,1.2,0.0,,Cancelled by Rider,,
OLA-TRIP-01187,OLA-CUST-0094,OLA-DRV-0079,Ola Bike,2025-11-28 09:29:25,2025-11-28 10:05:25,Ahmedabad,12.39,36.0,1.2,107.21,UPI,Completed,4.5,4.7
OLA-TRIP-01188,OLA-CUST-0090,OLA-DRV-0084,Ola Auto,2025-11-22 23:45:54,,Pune,11.65,0.0,1.2,0.0,,Cancelled by Rider,,
OLA-TRIP-01189,OLA-CUST-0081,OLA-DRV-0033,Ola Prime,2023-04-12 07:24:58,2023-04-12 08:20:04,Jaipur,19.66,55.1,1.0,339.9,Credit Card,Completed,4.4,4.2
OLA-TRIP-01190,OLA-CUST-0182,OLA-DRV-0060,Ola Auto,2025-11-10 08:41:01,2025-11-10 09:40:55,Kochi,20.72,59.9,1.0,206.48,Credit Card,Completed,3.3,3.7
OLA-TRIP-01191,OLA-CUST-0149,OLA-DRV-0040,Ola Bike,2025-03-25 15:29:35,2025-03-25 15:44:35,Chennai,5.15,15.0,1.0,45.9,Cash,Completed,4.1,4.6
OLA-TRIP-01192,OLA-CUST-0068,OLA-DRV-0085,Ola Prime SUV,2024-02-01 03:54:57,2024-02-01 04:35:39,Bengaluru,9.41,40.7,1.0,238.79,Debit Card,Completed,4.1,4.8
OLA-TRIP-01193,OLA-CUST-0192,OLA-DRV-0068,Ola Prime SUV,2024-10-01 22:03:36,2024-10-01 22:24:24,Ahmedabad,5.84,20.8,1.5,256.44,Cash,Completed,3.8,3.4
OLA-TRIP-01194,OLA-CUST-0004,OLA-DRV-0091,Ola Mini,2024-07-19 06:28:59,,Mumbai,2.66,0.0,1.0,0.0,,Cancelled by Rider,,
OLA-TRIP-01195,OLA-CUST-0110,OLA-DRV-0062,Ola Auto,2023-02-23 13:07:39,2023-02-23 14:05:39,Mumbai,13.91,58.0,1.0,145.19,Debit Card,Completed,4.1,4.7
OLA-TRIP-01196,OLA-CUST-0111,OLA-DRV-0098,Ola Prime,2023-05-16 14:09:13,2023-05-16 15:10:19,Hyderabad,17.19,61.1,1.0,302.85,Cash,Completed,4.3,4.6
OLA-TRIP-01197,OLA-CUST-0174,OLA-DRV-0098,Ola Prime,2025-09-06 17:25:13,2025-09-06 18:59:07,Hyderabad,22.49,93.9,1.0,382.35,Ola Money,Completed,3.2,4.2
OLA-TRIP-01198,OLA-CUST-0167,OLA-DRV-0063,Ola Prime,2023-08-15 12:21:16,2023-08-15 13:22:34,Pune,16.23,61.3,1.0,288.45,Cash,Completed,4.9,4.9
OLA-TRIP-01199,OLA-CUST-0182,OLA-DRV-0100,Ola Bike,2025-07-09 04:08:51,2025-07-09 05:24:15,Kochi,17.8,75.4,1.2,146.16,Credit Card,Completed,4.3,4.4
OLA-TRIP-01200,OLA-CUST-0184,OLA-DRV-0046,Ola Share,2024-10-04 15:49:03,2024-10-04 16:00:51,Kolkata,4.38,11.8,1.0,45.66,Credit Card,Completed,3.1,4.6
OLA-TRIP-01201,OLA-CUST-0012,OLA-DRV-0020,Ola Bike,2023-04-27 05:45:28,2023-04-27 06:05:40,Pune,6.0,20.2,1.0,51.0,Credit Card,Completed,3.2,3.2
OLA-TRIP-01202,OLA-CUST-0098,OLA-DRV-0098,Ola Prime,2024-08-23 03:31:26,2024-08-23 03:47:26,Hyderabad,4.12,16.0,1.0,106.8,Debit Card,Completed,4.1,3.5
OLA-TRIP-01203,OLA-CUST-0153,OLA-DRV-0061,Ola Bike,2024-04-08 20:23:14,,Delhi,13.42,0.0,1.0,0.0,,Cancelled by Driver,,
OLA-TRIP-01204,OLA-CUST-0123,OLA-DRV-0033,Ola Prime,2023-01-10 10:27:02,,Jaipur,14.41,0.0,1.2,0.0,,Cancelled by Driver,,
OLA-TRIP-01205,OLA-CUST-0060,OLA-DRV-0034,Ola Bike,2025-07-14 06:56:16,2025-07-14 08:09:10,Jaipur,18.22,72.9,1.0,124.32,Cash,Completed,3.5,4.9
OLA-TRIP-01206,OLA-CUST-0160,OLA-DRV-0077,Ola Mini,2025-02-19 01:25:50,2025-02-19 02:07:14,Hyderabad,11.91,41.4,2.0,322.02,UPI,Completed,3.9,4.0
OLA-TRIP-01207,OLA-CUST-0178,OLA-DRV-0066,Ola Bike,2024-04-15 13:27:12,2024-04-15 15:14:12,Chennai,24.54,107.0,1.2,194.69,Ola Money,Completed,3.5,4.5
OLA-TRIP-01208,OLA-CUST-0108,OLA-DRV-0042,Ola Mini,2025-09-14 03:27:06,2025-09-14 03:42:06,Pune,4.94,15.0,1.0,84.34,Debit Card,Completed,3.1,4.9
OLA-TRIP-01209,OLA-CUST-0014,OLA-DRV-0057,Ola Prime SUV,2025-12-23 04:08:24,2025-12-23 05:29:24,Bengaluru,24.22,81.0,1.0,520.18,UPI,Completed,4.2,3.3
OLA-TRIP-01210,OLA-CUST-0104,OLA-DRV-0068,Ola Prime SUV,2023-10-03 02:11:04,2023-10-03 03:23:28,Ahmedabad,23.22,72.4,1.0,501.18,Credit Card,Completed,3.3,3.4
OLA-TRIP-01211,OLA-CUST-0115,OLA-DRV-0021,Ola Mini,2023-04-28 15:58:37,2023-04-28 16:56:19,Ahmedabad,16.45,57.7,1.2,253.14,Debit Card,Completed,3.9,4.8
OLA-TRIP-01212,OLA-CUST-0165,OLA-DRV-0012,Ola Prime SUV,2023-10-17 01:01:20,2023-10-17 02:05:56,Bengaluru,24.99,64.6,1.0,534.81,Ola Money,Completed,3.3,4.8
OLA-TRIP-01213,OLA-CUST-0008,OLA-DRV-0024,Ola Prime,2025-01-30 01:12:19,,Delhi,2.67,0.0,1.2,0.0,,Cancelled by Rider,,
OLA-TRIP-01214,OLA-CUST-0153,OLA-DRV-0078,Ola Prime SUV,2024-01-25 22:11:28,2024-01-25 22:54:58,Delhi,11.9,43.5,1.0,286.1,UPI,Completed,3.2,3.3
OLA-TRIP-01215,OLA-CUST-0137,OLA-DRV-0087,Ola Mini,2024-04-20 07:47:10,2024-04-20 08:54:46,Ahmedabad,18.06,67.6,1.2,274.39,UPI,Completed,4.1,5.0
OLA-TRIP-01216,OLA-CUST-0036,OLA-DRV-0100,Ola Bike,2024-10-03 05:41:11,,Kochi,24.32,0.0,1.2,0.0,,Cancelled by Driver,,
OLA-TRIP-01217,OLA-CUST-0198,OLA-DRV-0039,Ola Mini,2023-06-11 08:41:29,2023-06-11 08:59:41,Kolkata,6.6,18.2,1.0,102.6,Credit Card,Completed,4.3,4.1
OLA-TRIP-01218,OLA-CUST-0137,OLA-DRV-0064,Ola Prime,2023-12-11 17:37:27,2023-12-11 18:28:33,Ahmedabad,13.68,51.1,1.0,250.2,Ola Money,Completed,3.6,4.1
OLA-TRIP-01219,OLA-CUST-0013,OLA-DRV-0005,Ola Share,2024-09-22 19:21:38,2024-09-22 20:08:20,Ahmedabad,17.38,46.7,1.5,204.99,Cash,Completed,3.5,3.8
OLA-TRIP-01220,OLA-CUST-0013,OLA-DRV-0025,Ola Prime,2025-06-09 06:39:02,2025-06-09 07:07:50,Ahmedabad,9.37,28.8,1.0,185.55,Debit Card,Completed,4.9,3.8
OLA-TRIP-01221,OLA-CUST-0161,OLA-DRV-0090,Ola Mini,2024-06-05 03:19:22,2024-06-05 05:03:22,Kochi,24.83,104.0,1.0,303.13,UPI,Completed,4.6,4.9
OLA-TRIP-01222,OLA-CUST-0149,OLA-DRV-0016,Ola Bike,2025-06-04 21:35:54,2025-06-04 23:00:06,Chennai,24.72,84.2,1.0,163.32,Ola Money,Completed,4.8,3.4
OLA-TRIP-01223,OLA-CUST-0087,OLA-DRV-0076,Ola Share,2025-07-08 11:02:08,2025-07-08 11:14:26,Delhi,4.88,12.3,1.0,49.16,Debit Card,Completed,4.5,4.2
OLA-TRIP-01224,OLA-CUST-0029,OLA-DRV-0096,Ola Prime SUV,2024-12-04 09:54:54,,Delhi,8.19,0.0,1.0,0.0,,Cancelled by Rider,,
OLA-TRIP-01225,OLA-CUST-0054,OLA-DRV-0072,Ola Prime,2024-07-24 14:16:19,2024-07-24 14:49:31,Chennai,7.46,33.2,1.0,156.9,Ola Money,Completed,4.9,4.2
OLA-TRIP-01226,OLA-CUST-0181,OLA-DRV-0019,Ola Bike,2025-11-23 22:47:44,,Hyderabad,11.96,0.0,1.0,0.0,,No Show,,
OLA-TRIP-01227,OLA-CUST-0105,OLA-DRV-0027,Ola Auto,2024-07-08 20:44:29,2024-07-08 21:01:23,Chennai,5.86,16.9,1.0,72.74,Debit Card,Completed,4.4,4.6
OLA-TRIP-01228,OLA-CUST-0126,OLA-DRV-0008,Ola Auto,2023-03-21 23:12:24,,Mumbai,24.94,0.0,1.5,0.0,,Cancelled by Rider,,
OLA-TRIP-01229,OLA-CUST-0127,OLA-DRV-0072,Ola Prime,2024-07-19 13:19:03,,Chennai,13.09,0.0,1.5,0.0,,No Show,,
OLA-TRIP-01230,OLA-CUST-0059,OLA-DRV-0031,Ola Mini,2024-02-27 22:09:34,,Kochi,15.88,0.0,1.2,0.0,,No Show,,
OLA-TRIP-01231,OLA-CUST-0125,OLA-DRV-0014,Ola Mini,2024-01-04 20:58:17,2024-01-04 22:32:29,Bengaluru,24.3,94.2,1.0,297.3,Ola Money,Completed,4.2,3.8
OLA-TRIP-01232,OLA-CUST-0111,OLA-DRV-0077,Ola Mini,2024-01-27 07:51:47,2024-01-27 08:34:41,Hyderabad,9.92,42.9,1.0,139.12,Credit Card,Completed,4.4,3.4
OLA-TRIP-01233,OLA-CUST-0151,OLA-DRV-0029,Ola Bike,2024-09-14 05:52:24,2024-09-14 06:30:24,Chennai,10.69,38.0,1.5,118.71,Credit Card,Completed,4.2,3.8
OLA-TRIP-01234,OLA-CUST-0041,OLA-DRV-0051,Ola Mini,2023-12-05 01:34:29,2023-12-05 02:40:23,Chennai,21.56,65.9,1.0,267.16,Ola Money,Completed,3.3,4.7
OLA-TRIP-01235,OLA-CUST-0142,OLA-DRV-0100,Ola Bike,2023-05-27 12:33:17,2023-05-27 14:17:41,Kochi,24.93,104.4,1.0,164.58,UPI,Completed,4.3,3.2
OLA-TRIP-01236,OLA-CUST-0190,OLA-DRV-0023,Ola Bike,2023-10-14 20:25:22,2023-10-14 21:03:46,Delhi,9.08,38.4,1.0,69.48,Cash,Completed,5.0,4.4
OLA-TRIP-01237,OLA-CUST-0120,OLA-DRV-0004,Ola Mini,2024-08-14 18:38:03,2024-08-14 19:35:33,Mumbai,15.04,57.5,1.0,195.44,Cash,Completed,3.4,4.2
OLA-TRIP-01238,OLA-CUST-0079,OLA-DRV-0010,Ola Prime,2025-10-20 23:12:04,2025-10-20 23:59:34,Hyderabad,17.09,47.5,1.0,301.35,Debit Card,Completed,3.8,4.9
OLA-TRIP-01239,OLA-CUST-0182,OLA-DRV-0090,Ola Mini,2025-07-02 00:34:42,2025-07-02 01:29:18,Kochi,15.5,54.6,1.0,200.5,Cash,Completed,3.7,4.8
OLA-TRIP-01240,OLA-CUST-0191,OLA-DRV-0035,Ola Prime SUV,2025-05-21 12:18:08,,Bengaluru,24.49,0.0,1.2,0.0,,Cancelled by Rider,,
OLA-TRIP-01241,OLA-CUST-0173,OLA-DRV-0033,Ola Prime,2024-08-23 14:58:10,,Jaipur,13.9,0.0,1.0,0.0,,Cancelled by Driver,,
OLA-TRIP-01242,OLA-CUST-0062,OLA-DRV-0039,Ola Mini,2025-10-23 09:32:16,2025-10-23 10:11:34,Kolkata,14.35,39.3,1.5,281.77,Ola Money,Completed,4.6,4.3
OLA-TRIP-01243,OLA-CUST-0157,OLA-DRV-0023,Ola Bike,2025-12-17 19:03:35,2025-12-17 19:35:53,Delhi,11.37,32.3,1.0,83.22,Credit Card,Completed,4.2,4.9
OLA-TRIP-01244,OLA-CUST-0115,OLA-DRV-0025,Ola Prime,2024-05-12 15:26:49,2024-05-12 16:31:25,Ahmedabad,22.12,64.6,1.2,452.16,Ola Money,Completed,4.9,3.1
OLA-TRIP-01245,OLA-CUST-0164,OLA-DRV-0097,Ola Share,2023-04-21 07:37:41,,Jaipur,9.48,0.0,1.0,0.0,,Cancelled by Rider,,
OLA-TRIP-01246,OLA-CUST-0173,OLA-DRV-0032,Ola Auto,2025-03-10 15:16:03,,Jaipur,2.77,0.0,2.0,0.0,,Cancelled by Driver,,
OLA-TRIP-01247,OLA-CUST-0043,OLA-DRV-0035,Ola Prime SUV,2025-11-12 03:59:24,2025-11-12 04:06:36,Bengaluru,2.59,7.2,1.2,131.05,Cash,Completed,4.4,4.7
OLA-TRIP-01248,OLA-CUST-0195,OLA-DRV-0039,Ola Mini,2024-11-23 17:47:34,2024-11-23 18:45:34,Kolkata,17.23,58.0,1.0,219.53,Cash,Completed,4.6,3.0
OLA-TRIP-01249,OLA-CUST-0117,OLA-DRV-0016,Ola Bike,2025-05-14 13:26:28,2025-05-14 14:07:34,Chennai,10.93,41.1,1.0,80.58,Debit Card,Completed,3.7,4.8
OLA-TRIP-01250,OLA-CUST-0111,OLA-DRV-0077,Ola Mini,2024-08-24 23:30:53,2024-08-24 23:36:53,Hyderabad,2.34,6.0,1.5,83.61,Debit Card,Completed,3.6,4.1
OLA-TRIP-01251,OLA-CUST-0011,OLA-DRV-0004,Ola Mini,2025-01-07 16:46:23,2025-01-07 18:29:05,Mumbai,24.5,102.7,1.0,299.5,Debit Card,Completed,4.6,4.6
OLA-TRIP-01252,OLA-CUST-0153,OLA-DRV-0061,Ola Bike,2025-10-12 14:44:13,2025-10-12 15:41:49,Delhi,18.29,57.6,1.0,124.74,Credit Card,Completed,3.5,4.7
OLA-TRIP-01253,OLA-CUST-0199,OLA-DRV-0056,Ola Mini,2023-08-03 20:56:01,2023-08-03 21:12:49,Chennai,3.98,16.8,1.0,73.78,Cash,Completed,4.6,3.9
OLA-TRIP-01254,OLA-CUST-0085,OLA-DRV-0068,Ola Prime SUV,2023-08-10 02:45:39,2023-08-10 03:26:09,Ahmedabad,9.85,40.5,2.0,494.3,Credit Card,Completed,4.8,3.2
OLA-TRIP-01255,OLA-CUST-0063,OLA-DRV-0051,Ola Mini,2025-05-18 09:00:24,,Chennai,16.64,0.0,1.0,0.0,,Cancelled by Driver,,
OLA-TRIP-01256,OLA-CUST-0138,OLA-DRV-0040,Ola Bike,2025-09-01 01:04:23,2025-09-01 01:45:41,Chennai,14.39,41.3,2.0,202.68,Cash,Completed,3.6,3.3
OLA-TRIP-01257,OLA-CUST-0098,OLA-DRV-0098,Ola Prime,2024-05-08 22:44:47,2024-05-08 23:48:47,Hyderabad,17.06,64.0,1.2,361.08,UPI,Completed,3.7,4.9
OLA-TRIP-01258,OLA-CUST-0044,OLA-DRV-0049,Ola Mini,2024-11-23 04:47:52,2024-11-23 05:45:16,Kochi,14.8,57.4,1.0,192.8,Cash,Completed,4.6,3.5
OLA-TRIP-01259,OLA-CUST-0050,OLA-DRV-0050,Ola Prime SUV,2025-08-29 18:50:22,2025-08-29 19:45:22,Kochi,15.05,55.0,1.0,345.95,Debit Card,Completed,5.0,4.2
OLA-TRIP-01260,OLA-CUST-0148,OLA-DRV-0047,Ola Bike,2024-11-06 10:20:02,2024-11-06 10:35:02,Mumbai,5.74,15.0,1.0,49.44,Ola Money,Completed,3.2,4.9
OLA-TRIP-01261,OLA-CUST-0032,OLA-DRV-0013,Ola Auto,2025-01-09 15:09:50,2025-01-09 16:11:26,Kolkata,14.44,61.6,2.0,299.92,Credit Card,Completed,5.0,4.3
OLA-TRIP-01262,OLA-CUST-0087,OLA-DRV-0096,Ola Prime SUV,2023-06-30 16:52:15,2023-06-30 17:18:21,Delhi,7.23,26.1,1.0,197.37,Cash,Completed,3.2,4.9
OLA-TRIP-01263,OLA-CUST-0002,OLA-DRV-0005,Ola Share,2023-03-28 16:31:00,2023-03-28 17:11:54,Ahmedabad,9.19,40.9,1.2,95.2,Ola Money,Completed,3.4,4.8
OLA-TRIP-01264,OLA-CUST-0109,OLA-DRV-0058,Ola Share,2023-01-22 10:46:10,2023-01-22 10:52:28,Delhi,1.55,6.3,1.0,25.85,UPI,Completed,3.1,3.2
OLA-TRIP-01265,OLA-CUST-0149,OLA-DRV-0001,Ola Auto,2024-07-06 10:47:31,2024-07-06 11:10:01,Chennai,6.25,22.5,1.0,76.25,Cash,Completed,3.5,4.0
OLA-TRIP-01266,OLA-CUST-0055,OLA-DRV-0037,Ola Prime,2024-06-01 10:01:49,,Kolkata,1.98,0.0,1.0,0.0,,No Show,,
OLA-TRIP-01267,OLA-CUST-0197,OLA-DRV-0084,Ola Auto,2023-07-31 22:38:24,,Pune,17.83,0.0,1.0,0.0,,Cancelled by Rider,,
OLA-TRIP-01268,OLA-CUST-0055,OLA-DRV-0002,Ola Share,2025-02-26 07:03:26,2025-02-26 08:29:20,Kolkata,22.96,85.9,1.2,210.86,Credit Card,Completed,4.7,4.2
OLA-TRIP-01269,OLA-CUST-0160,OLA-DRV-0098,Ola Prime,2025-08-24 21:47:43,2025-08-24 21:51:37,Hyderabad,1.22,3.9,1.0,63.3,Debit Card,Completed,4.1,3.8
OLA-TRIP-01270,OLA-CUST-0153,OLA-DRV-0094,Ola Bike,2024-09-05 10:29:43,2024-09-05 10:42:37,Delhi,4.19,12.9,1.0,40.14,UPI,Completed,3.1,4.7
OLA-TRIP-01271,OLA-CUST-0115,OLA-DRV-0087,Ola Mini,2025-10-23 10:09:11,2025-10-23 10:26:47,Ahmedabad,5.9,17.6,1.2,113.88,Debit Card,Completed,4.8,3.2
OLA-TRIP-01272,OLA-CUST-0151,OLA-DRV-0001,Ola Auto,2025-10-24 19:25:59,2025-10-24 20:33:53,Chennai,19.51,67.9,1.0,195.59,Credit Card,Completed,4.6,4.2
OLA-TRIP-01273,OLA-CUST-0123,OLA-DRV-0097,Ola Share,2025-04-22 03:35:54,2025-04-22 04:05:06,Jaipur,8.78,29.2,1.2,91.75,Debit Card,Completed,4.2,3.2
OLA-TRIP-01274,OLA-CUST-0121,OLA-DRV-0045,Ola Prime,2024-12-20 05:26:34,2024-12-20 06:02:04,Hyderabad,13.18,35.5,1.0,242.7,Ola Money,Completed,4.8,3.6
OLA-TRIP-01275,OLA-CUST-0146,OLA-DRV-0017,Ola Prime SUV,2023-06-16 20:38:26,2023-06-16 21:06:50,Delhi,6.34,28.4,1.0,180.46,Debit Card,Completed,4.7,3.5
OLA-TRIP-01276,OLA-CUST-0161,OLA-DRV-0031,Ola Mini,2023-02-16 11:32:14,2023-02-16 12:12:56,Kochi,13.35,40.7,2.0,353.7,Debit Card,Completed,5.0,3.6
OLA-TRIP-01277,OLA-CUST-0168,OLA-DRV-0056,Ola Mini,2023-05-09 05:25:20,2023-05-09 06:31:20,Chennai,23.12,66.0,1.0,284.32,UPI,Completed,4.7,4.6
OLA-TRIP-01278,OLA-CUST-0108,OLA-DRV-0092,Ola Prime,2024-02-06 01:46:31,,Pune,6.5,0.0,1.0,0.0,,No Show,,
OLA-TRIP-01279,OLA-CUST-0128,OLA-DRV-0068,Ola Prime SUV,2024-07-07 19:05:39,2024-07-07 20:13:27,Ahmedabad,15.47,67.8,1.0,353.93,Credit Card,Completed,4.5,3.9
OLA-TRIP-01280,OLA-CUST-0164,OLA-DRV-0032,Ola Auto,2023-08-18 21:57:01,2023-08-18 22:55:07,Jaipur,20.34,58.1,1.5,304.59,UPI,Completed,3.6,4.4
OLA-TRIP-01281,OLA-CUST-0185,OLA-DRV-0028,Ola Prime,2025-11-23 05:42:32,2025-11-23 05:45:50,Pune,1.33,3.3,1.0,64.95,Credit Card,Completed,4.0,3.4
OLA-TRIP-01282,OLA-CUST-0065,OLA-DRV-0003,Ola Prime SUV,2024-09-24 19:33:33,,Pune,17.32,0.0,1.0,0.0,,Cancelled by Driver,,
OLA-TRIP-01283,OLA-CUST-0074,OLA-DRV-0040,Ola Bike,2025-09-20 05:19:33,2025-09-20 05:28:57,Chennai,3.17,9.4,1.0,34.02,Credit Card,Completed,3.4,3.2
OLA-TRIP-01284,OLA-CUST-0096,OLA-DRV-0056,Ola Mini,2024-09-11 15:36:39,2024-09-11 15:54:39,Chennai,5.01,18.0,1.0,85.11,Debit Card,Completed,3.2,4.7
OLA-TRIP-01285,OLA-CUST-0009,OLA-DRV-0096,Ola Prime SUV,2023-06-20 21:21:14,2023-06-20 22:01:14,Delhi,10.66,40.0,1.5,393.81,Cash,Completed,4.2,4.1
OLA-TRIP-01286,OLA-CUST-0041,OLA-DRV-0027,Ola Auto,2024-01-18 22:11:24,2024-01-18 23:40:00,Chennai,21.27,88.6,1.2,253.72,Ola Money,Completed,4.9,3.7
OLA-TRIP-01287,OLA-CUST-0101,OLA-DRV-0073,Ola Share,2023-03-06 09:23:04,2023-03-06 10:14:40,Ahmedabad,15.84,51.6,1.0,125.88,UPI,Completed,3.0,4.3
OLA-TRIP-01288,OLA-CUST-0012,OLA-DRV-0063,Ola Prime,2024-12-10 18:10:32,2024-12-10 18:42:38,Pune,7.17,32.1,1.5,228.83,Cash,Completed,4.2,3.0
OLA-TRIP-01289,OLA-CUST-0008,OLA-DRV-0058,Ola Share,2025-01-19 15:33:22,2025-01-19 16:44:16,Delhi,24.31,70.9,1.0,185.17,Credit Card,Completed,4.5,3.1
OLA-TRIP-01290,OLA-CUST-0074,OLA-DRV-0072,Ola Prime,2025-10-31 06:15:41,,Chennai,12.26,0.0,1.0,0.0,,Cancelled by Driver,,
OLA-TRIP-01291,OLA-CUST-0126,OLA-DRV-0069,Ola Bike,2024-02-03 08:42:11,2024-02-03 10:01:23,Mumbai,18.1,79.2,1.0,123.6,Credit Card,Completed,4.0,3.9
OLA-TRIP-01292,OLA-CUST-0154,OLA-DRV-0028,Ola Prime,2023-04-11 23:07:52,2023-04-12 00:21:52,Pune,17.75,74.0,1.0,311.25,Credit Card,Completed,4.8,4.7
OLA-TRIP-01293,OLA-CUST-0028,OLA-DRV-0060,Ola Auto,2023-04-01 03:52:10,2023-04-01 04:59:34,Kochi,15.15,67.4,1.5,234.52,Debit Card,Completed,4.0,3.4
OLA-TRIP-01294,OLA-CUST-0174,OLA-DRV-0098,Ola Prime,2024-01-08 02:47:44,2024-01-08 03:34:08,Hyderabad,13.26,46.4,1.0,243.9,Credit Card,Completed,3.1,3.0
OLA-TRIP-01295,OLA-CUST-0031,OLA-DRV-0010,Ola Prime,2024-07-30 06:36:41,2024-07-30 07:29:53,Hyderabad,21.21,53.2,1.0,363.15,Cash,Completed,4.4,3.8
OLA-TRIP-01296,OLA-CUST-0180,OLA-DRV-0076,Ola Share,2024-07-14 21:13:07,,Delhi,6.42,0.0,1.0,0.0,,No Show,,
OLA-TRIP-01297,OLA-CUST-0057,OLA-DRV-0086,Ola Prime,2025-07-30 07:52:06,2025-07-30 09:21:12,Mumbai,20.99,89.1,1.2,431.82,Credit Card,Completed,4.4,4.3
OLA-TRIP-01298,OLA-CUST-0094,OLA-DRV-0025,Ola Prime,2024-04-20 23:55:32,2024-04-21 01:22:26,Ahmedabad,20.02,86.9,1.0,345.3,Debit Card,Completed,4.6,3.2
OLA-TRIP-01299,OLA-CUST-0031,OLA-DRV-0082,Ola Share,2025-03-14 16:31:55,,Hyderabad,16.7,0.0,1.0,0.0,,No Show,,
OLA-TRIP-01300,OLA-CUST-0192,OLA-DRV-0025,Ola Prime,2024-04-17 04:43:34,,Ahmedabad,7.3,0.0,1.0,0.0,,Cancelled by Rider,,
OLA-TRIP-01301,OLA-CUST-0163,OLA-DRV-0004,Ola Mini,2025-06-04 12:13:41,2025-06-04 13:02:53,Mumbai,18.27,49.2,1.2,277.16,UPI,Completed,4.1,3.2
OLA-TRIP-01302,OLA-CUST-0052,OLA-DRV-0054,Ola Auto,2023-08-21 12:36:17,2023-08-21 12:49:53,Ahmedabad,5.31,13.6,1.2,81.35,UPI,Completed,3.1,4.0
OLA-TRIP-01303,OLA-CUST-0144,OLA-DRV-0065,Ola Prime,2023-07-19 09:16:16,2023-07-19 10:03:04,Kolkata,11.1,46.8,1.0,211.5,Cash,Completed,3.8,4.9
OLA-TRIP-01304,OLA-CUST-0015,OLA-DRV-0025,Ola Prime,2025-02-28 10:54:02,2025-02-28 11:58:44,Ahmedabad,21.83,64.7,1.2,446.94,Ola Money,Completed,5.0,4.7
OLA-TRIP-01305,OLA-CUST-0016,OLA-DRV-0038,Ola Prime,2025-07-01 13:33:51,2025-07-01 14:00:03,Kochi,9.57,26.2,2.0,377.1,Credit Card,Completed,4.3,3.8
OLA-TRIP-01306,OLA-CUST-0076,OLA-DRV-0077,Ola Mini,2023-10-05 14:40:44,2023-10-05 15:24:26,Hyderabad,11.26,43.7,1.0,153.86,Debit Card,Completed,4.2,3.3
OLA-TRIP-01307,OLA-CUST-0015,OLA-DRV-0021,Ola Mini,2024-03-04 07:36:14,2024-03-04 08:36:14,Ahmedabad,13.74,60.0,1.0,181.14,Cash,Completed,3.8,4.1
OLA-TRIP-01308,OLA-CUST-0160,OLA-DRV-0045,Ola Prime,2025-04-24 09:39:33,2025-04-24 10:46:09,Hyderabad,16.54,66.6,1.0,293.1,Credit Card,Completed,4.9,3.0
OLA-TRIP-01309,OLA-CUST-0042,OLA-DRV-0093,Ola Prime,2023-11-07 01:01:47,2023-11-07 01:19:47,Jaipur,5.67,18.0,1.0,130.05,Debit Card,Completed,3.9,3.7
OLA-TRIP-01310,OLA-CUST-0077,OLA-DRV-0031,Ola Mini,2024-01-18 19:11:06,2024-01-18 19:53:54,Kochi,13.65,42.8,1.0,180.15,Cash,Completed,3.6,4.1
OLA-TRIP-01311,OLA-CUST-0136,OLA-DRV-0070,Ola Mini,2025-06-27 13:14:03,2025-06-27 14:52:45,Hyderabad,22.1,98.7,1.0,273.1,Credit Card,Completed,4.8,3.4
OLA-TRIP-01312,OLA-CUST-0171,OLA-DRV-0069,Ola Bike,2025-01-25 11:09:38,2025-01-25 11:34:44,Mumbai,8.25,25.1,1.2,77.4,UPI,Completed,3.3,4.6
OLA-TRIP-01313,OLA-CUST-0078,OLA-DRV-0035,Ola Prime SUV,2023-07-03 12:19:59,2023-07-03 12:47:35,Bengaluru,8.4,27.6,1.0,219.6,Credit Card,Completed,3.8,3.9
OLA-TRIP-01314,OLA-CUST-0200,OLA-DRV-0080,Ola Auto,2023-03-09 21:32:01,2023-03-09 22:24:01,Bengaluru,18.64,52.0,1.0,187.76,Credit Card,Completed,3.7,4.8
OLA-TRIP-01315,OLA-CUST-0025,OLA-DRV-0063,Ola Prime,2023-08-07 02:43:43,,Pune,14.29,0.0,1.0,0.0,,Cancelled by Rider,,
OLA-TRIP-01316,OLA-CUST-0022,OLA-DRV-0096,Ola Prime SUV,2025-05-11 06:48:26,2025-05-11 07:33:32,Delhi,15.16,45.1,1.0,348.04,UPI,Completed,4.9,4.2
OLA-TRIP-01317,OLA-CUST-0087,OLA-DRV-0023,Ola Bike,2025-10-26 06:30:14,2025-10-26 06:42:32,Delhi,3.48,12.3,1.0,35.88,Ola Money,Completed,3.6,4.7
OLA-TRIP-01318,OLA-CUST-0127,OLA-DRV-0072,Ola Prime,2025-10-28 09:19:26,2025-10-28 10:35:20,Chennai,19.51,75.9,1.0,337.65,Debit Card,Completed,4.8,4.8
OLA-TRIP-01319,OLA-CUST-0025,OLA-DRV-0059,Ola Prime,2024-09-28 09:21:13,2024-09-28 09:48:25,Pune,9.53,27.2,1.0,187.95,UPI,Completed,4.5,3.7
OLA-TRIP-01320,OLA-CUST-0032,OLA-DRV-0088,Ola Auto,2024-05-17 01:57:47,2024-05-17 02:12:59,Kolkata,4.29,15.2,1.5,87.91,Ola Money,Completed,4.9,4.3
OLA-TRIP-01321,OLA-CUST-0140,OLA-DRV-0004,Ola Mini,2024-01-03 03:08:08,2024-01-03 04:14:44,Mumbai,21.98,66.6,1.0,271.78,Cash,Completed,3.3,3.7
OLA-TRIP-01322,OLA-CUST-0136,OLA-DRV-0077,Ola Mini,2025-01-14 05:55:51,,Hyderabad,16.16,0.0,1.0,0.0,,Cancelled by Rider,,
OLA-TRIP-01323,OLA-CUST-0055,OLA-DRV-0041,Ola Prime,2025-08-27 00:12:02,2025-08-27 01:11:14,Kolkata,15.7,59.2,1.0,280.5,Cash,Completed,4.5,4.7
OLA-TRIP-01324,OLA-CUST-0174,OLA-DRV-0082,Ola Share,2025-04-06 04:51:27,2025-04-06 05:55:45,Hyderabad,23.04,64.3,1.5,264.42,Ola Money,Completed,4.3,3.1
OLA-TRIP-01325,OLA-CUST-0043,OLA-DRV-0014,Ola Mini,2024-08-18 14:50:40,2024-08-18 15:53:52,Bengaluru,16.67,63.2,1.0,213.37,UPI,Completed,4.3,4.8
OLA-TRIP-01326,OLA-CUST-0003,OLA-DRV-0070,Ola Mini,2024-04-21 13:31:19,2024-04-21 13:56:49,Hyderabad,6.23,25.5,1.2,118.24,Ola Money,Completed,3.8,3.1
OLA-TRIP-01327,OLA-CUST-0123,OLA-DRV-0074,Ola Bike,2023-04-06 05:27:04,2023-04-06 06:03:52,Jaipur,8.41,36.8,1.0,65.46,Credit Card,Completed,3.9,3.2
OLA-TRIP-01328,OLA-CUST-0058,OLA-DRV-0017,Ola Prime SUV,2024-11-09 04:41:20,2024-11-09 04:47:44,Delhi,2.53,6.4,1.0,108.07,Ola Money,Completed,4.2,3.0
OLA-TRIP-01329,OLA-CUST-0140,OLA-DRV-0006,Ola Prime SUV,2024-07-16 08:59:08,2024-07-16 09:37:02,Mumbai,14.1,37.9,1.0,327.9,UPI,Completed,4.6,3.1
OLA-TRIP-01330,OLA-CUST-0065,OLA-DRV-0026,Ola Auto,2025-10-21 18:51:27,2025-10-21 20:36:39,Pune,24.47,105.2,1.5,360.34,Debit Card,Completed,3.5,3.0
OLA-TRIP-01331,OLA-CUST-0081,OLA-DRV-0097,Ola Share,2023-12-11 09:19:56,2023-12-11 10:00:56,Jaipur,15.24,41.0,1.0,121.68,Cash,Completed,3.3,4.8
OLA-TRIP-01332,OLA-CUST-0151,OLA-DRV-0066,Ola Bike,2023-02-07 18:20:40,2023-02-07 18:58:52,Chennai,15.15,38.2,1.0,105.9,Ola Money,Completed,3.1,3.0
OLA-TRIP-01333,OLA-CUST-0133,OLA-DRV-0025,Ola Prime,2025-07-14 08:49:11,2025-07-14 09:45:59,Ahmedabad,15.25,56.8,1.0,273.75,Credit Card,Completed,3.9,3.5
OLA-TRIP-01334,OLA-CUST-0171,OLA-DRV-0062,Ola Auto,2025-06-25 23:58:16,2025-06-26 00:42:52,Mumbai,13.11,44.6,1.2,165.59,Cash,Completed,3.5,3.6
OLA-TRIP-01335,OLA-CUST-0067,OLA-DRV-0094,Ola Bike,2024-05-19 22:59:28,2024-05-19 23:45:16,Delhi,15.03,45.8,1.0,105.18,Ola Money,Completed,4.3,3.9
OLA-TRIP-01336,OLA-CUST-0111,OLA-DRV-0077,Ola Mini,2024-06-13 00:31:21,2024-06-13 01:06:09,Hyderabad,7.95,34.8,1.0,117.45,Credit Card,Completed,3.6,3.2
OLA-TRIP-01337,OLA-CUST-0016,OLA-DRV-0049,Ola Mini,2025-01-07 11:10:25,2025-01-07 12:24:01,Kochi,20.16,73.6,2.0,503.52,Cash,Completed,4.8,4.7
OLA-TRIP-01338,OLA-CUST-0197,OLA-DRV-0022,Ola Share,2024-04-05 10:42:08,2024-04-05 10:55:44,Pune,4.0,13.6,1.0,43.0,Credit Card,Completed,4.9,3.1
OLA-TRIP-01339,OLA-CUST-0043,OLA-DRV-0080,Ola Auto,2023-04-24 21:07:15,2023-04-24 21:46:21,Bengaluru,10.35,39.1,1.0,113.15,Cash,Completed,4.6,4.7
OLA-TRIP-01340,OLA-CUST-0147,OLA-DRV-0069,Ola Bike,2025-03-05 17:07:19,2025-03-05 17:45:43,Mumbai,12.55,38.4,1.5,135.45,Cash,Completed,3.8,4.6
OLA-TRIP-01341,OLA-CUST-0057,OLA-DRV-0062,Ola Auto,2025-12-12 01:41:30,2025-12-12 02:30:12,Mumbai,13.62,48.7,1.2,171.1,Debit Card,Completed,3.3,3.5
OLA-TRIP-01342,OLA-CUST-0102,OLA-DRV-0092,Ola Prime,2023-12-12 18:43:09,2023-12-12 19:01:27,Pune,6.71,18.3,1.0,145.65,Cash,Completed,4.3,3.5
OLA-TRIP-01343,OLA-CUST-0157,OLA-DRV-0024,Ola Prime,2025-10-09 15:14:52,2025-10-09 16:33:52,Delhi,21.06,79.0,1.0,360.9,Credit Card,Completed,3.0,4.0
OLA-TRIP-01344,OLA-CUST-0057,OLA-DRV-0008,Ola Auto,2025-02-05 19:19:50,2025-02-05 20:16:50,Mumbai,21.62,57.0,1.0,214.58,UPI,Completed,3.7,4.5
OLA-TRIP-01345,OLA-CUST-0182,OLA-DRV-0089,Ola Prime,2024-02-01 11:37:44,2024-02-01 12:35:02,Kochi,17.0,57.3,1.0,300.0,Credit Card,Completed,3.9,4.5
OLA-TRIP-01346,OLA-CUST-0042,OLA-DRV-0034,Ola Bike,2025-05-02 05:46:29,2025-05-02 06:26:35,Jaipur,11.52,40.1,1.0,84.12,Cash,Completed,4.5,4.4
OLA-TRIP-01347,OLA-CUST-0071,OLA-DRV-0018,Ola Bike,2023-11-29 05:22:18,2023-11-29 06:29:06,Bengaluru,17.34,66.8,1.2,142.85,UPI,Completed,3.8,4.0
OLA-TRIP-01348,OLA-CUST-0013,OLA-DRV-0087,Ola Mini,2025-08-22 00:51:11,2025-08-22 01:51:11,Ahmedabad,13.76,60.0,1.0,181.36,Ola Money,Completed,4.3,4.2
OLA-TRIP-01349,OLA-CUST-0179,OLA-DRV-0095,Ola Mini,2025-09-15 13:15:58,2025-09-15 13:40:28,Mumbai,5.61,24.5,1.0,91.71,UPI,Completed,4.3,3.5
OLA-TRIP-01350,OLA-CUST-0185,OLA-DRV-0059,Ola Prime,2023-12-19 00:02:27,2023-12-19 01:01:33,Pune,16.49,59.1,1.0,292.35,UPI,Completed,4.8,4.9
OLA-TRIP-01351,OLA-CUST-0113,OLA-DRV-0026,Ola Auto,2025-10-15 08:50:51,,Pune,21.93,0.0,1.0,0.0,,Cancelled by Rider,,
OLA-TRIP-01352,OLA-CUST-0053,OLA-DRV-0068,Ola Prime SUV,2023-07-13 09:22:11,2023-07-13 10:14:59,Ahmedabad,16.4,52.8,1.5,557.4,Cash,Completed,4.6,3.3
OLA-TRIP-01353,OLA-CUST-0088,OLA-DRV-0045,Ola Prime,2023-04-24 08:17:48,2023-04-24 08:51:36,Hyderabad,10.26,33.8,1.0,198.9,UPI,Completed,3.0,4.5
OLA-TRIP-01354,OLA-CUST-0199,OLA-DRV-0016,Ola Bike,2024-10-25 12:57:20,2024-10-25 14:00:38,Chennai,15.92,63.3,1.0,110.52,Credit Card,Completed,4.6,4.9
OLA-TRIP-01355,OLA-CUST-0066,OLA-DRV-0089,Ola Prime,2023-01-13 04:53:52,2023-01-13 05:26:04,Kochi,8.33,32.2,1.0,169.95,Ola Money,Completed,3.1,3.0
OLA-TRIP-01356,OLA-CUST-0044,OLA-DRV-0089,Ola Prime,2023-11-06 01:23:48,2023-11-06 01:53:48,Kochi,8.85,30.0,1.2,213.3,UPI,Completed,4.6,3.4
OLA-TRIP-01357,OLA-CUST-0122,OLA-DRV-0060,Ola Auto,2023-01-23 02:52:51,2023-01-23 03:30:39,Kochi,9.9,37.8,1.0,109.1,UPI,Completed,4.1,3.7
OLA-TRIP-01358,OLA-CUST-0121,OLA-DRV-0070,Ola Mini,2025-08-13 16:05:40,2025-08-13 16:27:34,Hyderabad,7.84,21.9,1.0,116.24,UPI,Completed,3.5,4.3
OLA-TRIP-01359,OLA-CUST-0049,OLA-DRV-0043,Ola Bike,2024-08-29 14:49:40,,Bengaluru,2.96,0.0,1.0,0.0,,No Show,,
OLA-TRIP-01360,OLA-CUST-0191,OLA-DRV-0057,Ola Prime SUV,2023-07-08 03:23:42,2023-07-08 04:06:06,Bengaluru,13.24,42.4,1.5,467.34,Cash,Completed,4.1,3.5
OLA-TRIP-01361,OLA-CUST-0101,OLA-DRV-0021,Ola Mini,2023-06-01 04:01:44,,Ahmedabad,12.31,0.0,1.0,0.0,,Cancelled by Rider,,
OLA-TRIP-01362,OLA-CUST-0198,OLA-DRV-0037,Ola Prime,2025-09-12 20:06:41,2025-09-12 20:18:11,Kolkata,3.82,11.5,1.0,102.3,Debit Card,Completed,4.5,3.8
OLA-TRIP-01363,OLA-CUST-0022,OLA-DRV-0094,Ola Bike,2023-02-12 23:03:39,,Delhi,24.48,0.0,1.2,0.0,,Cancelled by Rider,,
OLA-TRIP-01364,OLA-CUST-0064,OLA-DRV-0091,Ola Mini,2025-03-31 05:46:00,2025-03-31 06:13:42,Mumbai,7.56,27.7,1.0,113.16,UPI,Completed,3.3,4.7
OLA-TRIP-01365,OLA-CUST-0063,OLA-DRV-0056,Ola Mini,2023-08-25 16:30:59,2023-08-25 17:35:11,Chennai,15.28,64.2,1.0,198.08,Cash,Completed,3.1,4.6
OLA-TRIP-01366,OLA-CUST-0112,OLA-DRV-0097,Ola Share,2023-10-04 03:45:30,2023-10-04 04:36:36,Jaipur,16.41,51.1,1.0,129.87,Cash,Completed,4.0,3.0
OLA-TRIP-01367,OLA-CUST-0074,OLA-DRV-0056,Ola Mini,2023-02-04 13:02:21,2023-02-04 13:08:09,Chennai,2.15,5.8,1.0,53.65,UPI,Completed,4.4,4.1
OLA-TRIP-01368,OLA-CUST-0172,OLA-DRV-0070,Ola Mini,2024-12-24 18:43:20,2024-12-24 19:43:02,Hyderabad,22.09,59.7,2.0,545.98,Credit Card,Completed,3.4,3.1
OLA-TRIP-01369,OLA-CUST-0193,OLA-DRV-0082,Ola Share,2024-02-01 08:46:14,2024-02-01 09:45:38,Hyderabad,18.53,59.4,2.0,289.42,Credit Card,Completed,3.4,4.6
OLA-TRIP-01370,OLA-CUST-0017,OLA-DRV-0067,Ola Share,2024-08-05 01:01:42,2024-08-05 02:20:06,Delhi,20.9,78.4,1.0,161.3,Ola Money,Completed,4.9,4.0
OLA-TRIP-01371,OLA-CUST-0062,OLA-DRV-0048,Ola Auto,2023-09-11 00:16:41,2023-09-11 00:19:59,Kolkata,1.29,3.3,1.0,31.61,UPI,Completed,3.8,4.5
OLA-TRIP-01372,OLA-CUST-0124,OLA-DRV-0036,Ola Mini,2024-01-31 00:08:50,2024-01-31 00:12:32,Pune,1.12,3.7,1.0,42.32,Cash,Completed,4.9,3.9
OLA-TRIP-01373,OLA-CUST-0197,OLA-DRV-0036,Ola Mini,2023-11-06 04:32:18,,Pune,12.26,0.0,1.2,0.0,,No Show,,
OLA-TRIP-01374,OLA-CUST-0078,OLA-DRV-0035,Ola Prime SUV,2024-12-25 05:39:41,2024-12-25 05:50:53,Bengaluru,2.9,11.2,1.2,138.12,Debit Card,Completed,4.9,4.4
OLA-TRIP-01375,OLA-CUST-0010,OLA-DRV-0010,Ola Prime,2025-09-04 19:28:08,2025-09-04 20:00:50,Hyderabad,12.71,32.7,1.0,235.65,Cash,Completed,3.9,4.0
OLA-TRIP-01376,OLA-CUST-0064,OLA-DRV-0044,Ola Auto,2025-05-16 02:52:11,2025-05-16 03:13:17,Mumbai,4.94,21.1,1.0,64.46,UPI,Completed,4.7,3.9
OLA-TRIP-01377,OLA-CUST-0017,OLA-DRV-0076,Ola Share,2025-01-27 02:39:06,2025-01-27 02:55:18,Delhi,6.01,16.2,1.0,57.07,Credit Card,Completed,3.9,4.4
OLA-TRIP-01378,OLA-CUST-0033,OLA-DRV-0041,Ola Prime,2023-11-29 00:57:57,2023-11-29 01:09:09,Kolkata,2.48,11.2,1.5,123.3,Ola Money,Completed,3.7,3.7
OLA-TRIP-01379,OLA-CUST-0055,OLA-DRV-0055,Ola Prime SUV,2023-12-23 20:53:23,,Kolkata,20.87,0.0,1.0,0.0,,Cancelled by Driver,,
OLA-TRIP-01380,OLA-CUST-0095,OLA-DRV-0094,Ola Bike,2025-09-15 02:06:14,2025-09-15 03:05:20,Delhi,21.01,59.1,1.0,141.06,Credit Card,Completed,3.8,3.2
OLA-TRIP-01381,OLA-CUST-0173,OLA-DRV-0034,Ola Bike,2025-01-04 00:50:39,2025-01-04 02:23:09,Jaipur,20.86,92.5,1.5,210.24,UPI,Completed,4.8,3.8
OLA-TRIP-01382,OLA-CUST-0034,OLA-DRV-0023,Ola Bike,2024-12-04 17:40:48,2024-12-04 17:51:12,Delhi,3.05,10.4,1.0,33.3,Debit Card,Completed,3.1,4.1
OLA-TRIP-01383,OLA-CUST-0116,OLA-DRV-0069,Ola Bike,2024-01-15 23:29:50,,Mumbai,6.21,0.0,1.0,0.0,,Cancelled by Rider,,
OLA-TRIP-01384,OLA-CUST-0151,OLA-DRV-0001,Ola Auto,2024-04-08 00:23:34,2024-04-08 01:18:40,Chennai,17.09,55.1,1.0,173.81,Debit Card,Completed,4.8,3.3
OLA-TRIP-01385,OLA-CUST-0117,OLA-DRV-0029,Ola Bike,2024-04-08 04:28:10,2024-04-08 05:21:52,Chennai,18.65,53.7,1.0,126.9,UPI,Completed,4.0,4.7
OLA-TRIP-01386,OLA-CUST-0002,OLA-DRV-0064,Ola Prime,2024-04-14 21:52:07,2024-04-14 22:23:01,Ahmedabad,8.49,30.9,1.2,206.82,Credit Card,Completed,3.2,4.4
OLA-TRIP-01387,OLA-CUST-0036,OLA-DRV-0089,Ola Prime,2025-01-04 11:49:18,2025-01-04 12:33:24,Kochi,11.03,44.1,1.0,210.45,Ola Money,Completed,4.5,4.6
OLA-TRIP-01388,OLA-CUST-0157,OLA-DRV-0058,Ola Share,2025-10-19 14:42:16,2025-10-19 15:55:34,Delhi,22.07,73.3,1.2,203.39,Debit Card,Completed,5.0,4.2
OLA-TRIP-01389,OLA-CUST-0107,OLA-DRV-0073,Ola Share,2023-10-08 16:13:18,2023-10-08 17:12:18,Ahmedabad,13.87,59.0,1.0,112.09,Ola Money,Completed,3.6,4.4
OLA-TRIP-01390,OLA-CUST-0047,OLA-DRV-0064,Ola Prime,2023-06-21 14:09:44,2023-06-21 15:13:26,Ahmedabad,14.65,63.7,1.2,317.7,UPI,Completed,4.9,4.1
OLA-TRIP-01391,OLA-CUST-0054,OLA-DRV-0029,Ola Bike,2023-11-02 04:04:06,2023-11-02 04:56:00,Chennai,19.99,51.9,1.5,202.41,Ola Money,Completed,4.2,3.4
OLA-TRIP-01392,OLA-CUST-0197,OLA-DRV-0003,Ola Prime SUV,2025-07-19 18:51:21,2025-07-19 20:11:57,Pune,22.01,80.6,1.0,478.19,Debit Card,Completed,3.1,4.1
OLA-TRIP-01393,OLA-CUST-0052,OLA-DRV-0054,Ola Auto,2023-08-26 10:01:37,2023-08-26 10:19:43,Ahmedabad,6.4,18.1,1.2,93.12,Cash,Completed,4.3,4.5
OLA-TRIP-01394,OLA-CUST-0090,OLA-DRV-0063,Ola Prime,2025-06-12 07:43:00,2025-06-12 08:04:24,Pune,5.74,21.4,1.2,157.32,Credit Card,Completed,3.8,4.3
OLA-TRIP-01395,OLA-CUST-0072,OLA-DRV-0077,Ola Mini,2023-08-19 11:59:55,2023-08-19 12:21:43,Hyderabad,6.3,21.8,1.2,119.16,Debit Card,Completed,3.4,4.5
OLA-TRIP-01396,OLA-CUST-0082,OLA-DRV-0084,Ola Auto,2025-06-18 21:44:23,2025-06-18 22:20:59,Pune,14.36,36.6,1.0,149.24,Ola Money,Completed,3.4,4.0
OLA-TRIP-01397,OLA-CUST-0119,OLA-DRV-0017,Ola Prime SUV,2025-04-30 14:03:34,2025-04-30 14:41:46,Delhi,10.17,38.2,1.2,303.88,Cash,Completed,4.6,3.6
OLA-TRIP-01398,OLA-CUST-0178,OLA-DRV-0056,Ola Mini,2024-06-30 13:18:58,2024-06-30 13:37:40,Chennai,5.84,18.7,1.2,113.09,Debit Card,Completed,4.0,4.4
OLA-TRIP-01399,OLA-CUST-0084,OLA-DRV-0090,Ola Mini,2025-11-10 19:22:29,2025-11-10 20:10:41,Kochi,14.99,48.2,1.0,194.89,Ola Money,Completed,3.1,3.1
OLA-TRIP-01400,OLA-CUST-0067,OLA-DRV-0023,Ola Bike,2023-03-14 12:59:15,,Delhi,13.16,0.0,1.0,0.0,,Cancelled by Driver,,
OLA-TRIP-01401,OLA-CUST-0053,OLA-DRV-0087,Ola Mini,2025-04-19 09:01:52,2025-04-19 09:15:40,Ahmedabad,4.84,13.8,1.0,83.24,UPI,Completed,4.6,3.8
OLA-TRIP-01402,OLA-CUST-0151,OLA-DRV-0066,Ola Bike,2024-05-08 11:30:29,,Chennai,12.39,0.0,1.0,0.0,,Cancelled by Rider,,
OLA-TRIP-01403,OLA-CUST-0087,OLA-DRV-0023,Ola Bike,2024-04-10 14:09:24,2024-04-10 14:24:12,Delhi,4.16,14.8,1.0,39.96,Cash,Completed,4.5,3.5
OLA-TRIP-01404,OLA-CUST-0183,OLA-DRV-0056,Ola Mini,2024-09-21 16:32:27,2024-09-21 17:24:15,Chennai,17.73,51.8,1.0,225.03,Credit Card,Completed,4.9,4.2
OLA-TRIP-01405,OLA-CUST-0198,OLA-DRV-0013,Ola Auto,2025-03-03 15:25:47,,Kolkata,20.45,0.0,1.0,0.0,,No Show,,
OLA-TRIP-01406,OLA-CUST-0159,OLA-DRV-0027,Ola Auto,2024-07-13 19:12:11,2024-07-13 19:38:23,Chennai,7.68,26.2,1.2,106.94,Cash,Completed,3.2,4.1
OLA-TRIP-01407,OLA-CUST-0160,OLA-DRV-0098,Ola Prime,2025-07-24 19:37:48,2025-07-24 20:11:24,Hyderabad,12.68,33.6,1.0,235.2,Cash,Completed,4.5,4.8
OLA-TRIP-01408,OLA-CUST-0196,OLA-DRV-0055,Ola Prime SUV,2024-09-01 12:59:31,2024-09-01 13:54:49,Kolkata,17.2,55.3,1.0,386.8,Cash,Completed,4.6,4.7
OLA-TRIP-01409,OLA-CUST-0014,OLA-DRV-0014,Ola Mini,2024-09-14 20:55:13,2024-09-14 21:33:37,Bengaluru,10.15,38.4,1.0,141.65,Cash,Completed,3.6,4.3
OLA-TRIP-01410,OLA-CUST-0126,OLA-DRV-0095,Ola Mini,2023-01-31 10:47:54,2023-01-31 11:18:12,Mumbai,7.7,30.3,1.0,114.7,Debit Card,Completed,3.9,4.9
OLA-TRIP-01411,OLA-CUST-0025,OLA-DRV-0063,Ola Prime,2024-03-03 21:03:13,2024-03-03 21:48:07,Pune,11.6,44.9,1.0,219.0,Cash,Completed,3.5,4.5
OLA-TRIP-01412,OLA-CUST-0031,OLA-DRV-0070,Ola Mini,2023-12-25 20:17:12,2023-12-25 20:57:06,Hyderabad,9.83,39.9,1.0,138.13,Cash,Completed,3.7,4.5
OLA-TRIP-01413,OLA-CUST-0021,OLA-DRV-0026,Ola Auto,2024-02-28 15:13:38,2024-02-28 16:26:20,Pune,22.43,72.7,1.0,221.87,UPI,Completed,3.4,3.9
OLA-TRIP-01414,OLA-CUST-0142,OLA-DRV-0052,Ola Share,2023-09-19 18:08:09,2023-09-19 18:32:21,Kochi,9.08,24.2,1.0,78.56,Credit Card,Completed,4.3,4.0
OLA-TRIP-01415,OLA-CUST-0072,OLA-DRV-0019,Ola Bike,2025-11-13 05:26:33,,Hyderabad,10.64,0.0,1.2,0.0,,Cancelled by Driver,,
OLA-TRIP-01416,OLA-CUST-0031,OLA-DRV-0077,Ola Mini,2023-09-17 07:26:07,2023-09-17 08:10:43,Hyderabad,12.72,44.6,1.0,169.92,Credit Card,Completed,4.5,4.9
OLA-TRIP-01417,OLA-CUST-0148,OLA-DRV-0062,Ola Auto,2025-12-26 10:57:26,2025-12-26 11:10:26,Mumbai,2.93,13.0,1.0,46.37,Ola Money,Completed,4.6,3.8
OLA-TRIP-01418,OLA-CUST-0178,OLA-DRV-0056,Ola Mini,2025-04-02 02:01:22,2025-04-02 03:16:58,Chennai,23.46,75.6,1.0,288.06,Cash,Completed,4.3,4.0
OLA-TRIP-01419,OLA-CUST-0136,OLA-DRV-0045,Ola Prime,2024-06-06 15:02:41,2024-06-06 15:57:29,Hyderabad,15.11,54.8,1.0,271.65,Debit Card,Completed,4.3,3.2
OLA-TRIP-01420,OLA-CUST-0041,OLA-DRV-0001,Ola Auto,2024-10-31 00:44:02,2024-10-31 01:54:38,Chennai,24.01,70.6,1.0,236.09,UPI,Completed,4.8,3.5
OLA-TRIP-01421,OLA-CUST-0045,OLA-DRV-0022,Ola Share,2025-11-15 18:28:44,2025-11-15 19:04:38,Pune,9.26,35.9,1.0,79.82,Cash,Completed,3.1,4.3
OLA-TRIP-01422,OLA-CUST-0199,OLA-DRV-0072,Ola Prime,2024-02-28 06:49:30,,Chennai,5.95,0.0,1.2,0.0,,Cancelled by Driver,,
OLA-TRIP-01423,OLA-CUST-0058,OLA-DRV-0023,Ola Bike,2023-01-20 22:50:01,2023-01-20 23:57:01,Delhi,15.19,67.0,1.5,159.21,Debit Card,Completed,3.2,4.3
OLA-TRIP-01424,OLA-CUST-0166,OLA-DRV-0011,Ola Bike,2025-11-18 22:56:42,2025-11-19 00:08:06,Mumbai,16.66,71.4,1.0,114.96,UPI,Completed,5.0,4.8
OLA-TRIP-01425,OLA-CUST-0091,OLA-DRV-0013,Ola Auto,2025-01-27 09:51:43,2025-01-27 10:06:01,Kolkata,3.26,14.3,1.0,49.34,UPI,Completed,4.9,4.1
OLA-TRIP-01426,OLA-CUST-0014,OLA-DRV-0035,Ola Prime SUV,2024-10-05 06:22:32,,Bengaluru,10.03,0.0,1.0,0.0,,Cancelled by Rider,,
OLA-TRIP-01427,OLA-CUST-0123,OLA-DRV-0033,Ola Prime,2024-12-15 19:19:52,,Jaipur,17.81,0.0,1.0,0.0,,Cancelled by Driver,,
OLA-TRIP-01428,OLA-CUST-0164,OLA-DRV-0097,Ola Share,2023-11-12 23:09:39,2023-11-13 00:17:33,Jaipur,15.87,67.9,1.0,126.09,Debit Card,Completed,3.8,3.7
OLA-TRIP-01429,OLA-CUST-0060,OLA-DRV-0034,Ola Bike,2024-09-12 01:18:47,2024-09-12 01:26:11,Jaipur,1.72,7.4,1.2,30.38,Cash,Completed,3.1,4.4
OLA-TRIP-01430,OLA-CUST-0141,OLA-DRV-0093,Ola Prime,2023-05-22 04:50:29,2023-05-22 05:11:41,Jaipur,7.39,21.2,1.0,155.85,Debit Card,Completed,3.1,3.2
OLA-TRIP-01431,OLA-CUST-0161,OLA-DRV-0049,Ola Mini,2024-07-12 17:29:24,,Kochi,24.54,0.0,1.5,0.0,,Cancelled by Driver,,
OLA-TRIP-01432,OLA-CUST-0189,OLA-DRV-0018,Ola Bike,2025-12-29 19:57:28,2025-12-29 20:26:46,Bengaluru,10.56,29.3,1.0,78.36,Debit Card,Completed,3.9,3.9
OLA-TRIP-01433,OLA-CUST-0013,OLA-DRV-0054,Ola Auto,2025-08-27 02:38:36,2025-08-27 03:38:12,Ahmedabad,17.62,59.6,1.0,178.58,Debit Card,Completed,4.1,4.5
OLA-TRIP-01434,OLA-CUST-0005,OLA-DRV-0043,Ola Bike,2023-07-08 20:49:11,,Bengaluru,3.34,0.0,1.0,0.0,,Cancelled by Rider,,
OLA-TRIP-01435,OLA-CUST-0031,OLA-DRV-0070,Ola Mini,2024-11-29 09:55:27,2024-11-29 11:00:45,Hyderabad,24.3,65.3,1.0,297.3,Cash,Completed,4.3,4.5
OLA-TRIP-01436,OLA-CUST-0064,OLA-DRV-0069,Ola Bike,2024-12-26 14:03:29,2024-12-26 15:00:17,Mumbai,15.4,56.8,1.0,107.4,Cash,Completed,3.5,4.4
OLA-TRIP-01437,OLA-CUST-0068,OLA-DRV-0053,Ola Prime SUV,2024-01-14 17:50:46,2024-01-14 18:53:16,Bengaluru,19.34,62.5,1.0,427.46,UPI,Completed,4.3,4.2
OLA-TRIP-01438,OLA-CUST-0084,OLA-DRV-0090,Ola Mini,2025-12-07 22:34:29,2025-12-07 23:25:41,Kochi,12.9,51.2,1.0,171.9,UPI,Completed,3.8,3.4
OLA-TRIP-01439,OLA-CUST-0130,OLA-DRV-0058,Ola Share,2023-01-12 05:09:15,2023-01-12 05:37:57,Delhi,7.56,28.7,2.0,135.84,Ola Money,Completed,4.4,4.1
OLA-TRIP-01440,OLA-CUST-0153,OLA-DRV-0023,Ola Bike,2025-08-04 08:40:00,2025-08-04 09:50:24,Delhi,24.87,70.4,1.0,164.22,Debit Card,Completed,4.8,3.9
OLA-TRIP-01441,OLA-CUST-0194,OLA-DRV-0018,Ola Bike,2023-10-18 04:42:13,2023-10-18 06:17:49,Bengaluru,23.03,95.6,1.0,153.18,Credit Card,Completed,3.1,3.2
OLA-TRIP-01442,OLA-CUST-0060,OLA-DRV-0074,Ola Bike,2023-10-06 06:22:29,2023-10-06 06:51:11,Jaipur,6.45,28.7,1.0,53.7,Cash,Completed,4.4,3.6
OLA-TRIP-01443,OLA-CUST-0199,OLA-DRV-0081,Ola Share,2024-01-11 02:58:19,2024-01-11 04:18:37,Chennai,21.04,80.3,1.0,162.28,Ola Money,Completed,3.8,5.0
OLA-TRIP-01444,OLA-CUST-0035,OLA-DRV-0016,Ola Bike,2024-09-04 15:29:38,2024-09-04 15:33:50,Chennai,1.06,4.2,1.0,21.36,Credit Card,Completed,3.0,5.0
OLA-TRIP-01445,OLA-CUST-0082,OLA-DRV-0092,Ola Prime,2023-11-19 23:38:33,,Pune,3.96,0.0,1.5,0.0,,Cancelled by Driver,,
OLA-TRIP-01446,OLA-CUST-0027,OLA-DRV-0098,Ola Prime,2023-06-10 19:10:42,2023-06-10 20:01:36,Hyderabad,15.12,50.9,1.0,271.8,Cash,Completed,3.8,3.3
OLA-TRIP-01447,OLA-CUST-0139,OLA-DRV-0024,Ola Prime,2023-01-28 19:27:36,2023-01-28 20:29:54,Delhi,19.65,62.3,1.2,407.7,Cash,Completed,4.4,3.9
OLA-TRIP-01448,OLA-CUST-0031,OLA-DRV-0010,Ola Prime,2023-08-21 09:22:22,2023-08-21 09:36:34,Hyderabad,4.83,14.2,1.0,117.45,Ola Money,Completed,4.5,4.1
OLA-TRIP-01449,OLA-CUST-0174,OLA-DRV-0070,Ola Mini,2023-04-02 13:40:35,2023-04-02 14:46:41,Hyderabad,15.32,66.1,1.0,198.52,Credit Card,Completed,4.1,4.9
OLA-TRIP-01450,OLA-CUST-0093,OLA-DRV-0072,Ola Prime,2025-04-09 16:16:14,2025-04-09 17:20:08,Chennai,20.13,63.9,1.5,520.42,Credit Card,Completed,3.5,4.1
OLA-TRIP-01451,OLA-CUST-0014,OLA-DRV-0085,Ola Prime SUV,2024-08-02 23:20:05,,Bengaluru,17.07,0.0,1.0,0.0,,Cancelled by Rider,,
OLA-TRIP-01452,OLA-CUST-0189,OLA-DRV-0057,Ola Prime SUV,2024-07-22 16:49:49,2024-07-22 17:11:07,Bengaluru,8.27,21.3,1.5,325.69,Debit Card,Completed,3.7,4.3
OLA-TRIP-01453,OLA-CUST-0011,OLA-DRV-0006,Ola Prime SUV,2025-03-07 15:54:05,2025-03-07 16:13:05,Mumbai,4.35,19.0,1.0,142.65,UPI,Completed,3.4,4.6
OLA-TRIP-01454,OLA-CUST-0042,OLA-DRV-0097,Ola Share,2025-03-22 14:25:17,2025-03-22 15:17:23,Jaipur,16.75,52.1,1.0,132.25,Debit Card,Completed,4.3,4.9
OLA-TRIP-01455,OLA-CUST-0116,OLA-DRV-0071,Ola Auto,2025-07-17 14:57:57,2025-07-17 16:36:21,Mumbai,23.96,98.4,1.0,235.64,UPI,Completed,4.8,4.6
OLA-TRIP-01456,OLA-CUST-0172,OLA-DRV-0045,Ola Prime,2024-06-12 21:30:20,2024-06-12 23:11:50,Hyderabad,24.77,101.5,1.5,624.83,Ola Money,Completed,4.5,4.7
OLA-TRIP-01457,OLA-CUST-0123,OLA-DRV-0034,Ola Bike,2024-07-09 05:35:47,2024-07-09 05:41:23,Jaipur,1.39,5.6,1.0,23.34,Debit Card,Completed,3.5,4.4
OLA-TRIP-01458,OLA-CUST-0106,OLA-DRV-0030,Ola Share,2025-05-25 07:32:36,2025-05-25 08:23:00,Kochi,14.87,50.4,1.0,119.09,Credit Card,Completed,3.1,3.6
OLA-TRIP-01459,OLA-CUST-0181,OLA-DRV-0082,Ola Share,2025-01-21 21:54:49,2025-01-21 22:00:43,Hyderabad,1.61,5.9,1.0,26.27,Ola Money,Completed,4.9,3.5
OLA-TRIP-01460,OLA-CUST-0154,OLA-DRV-0020,Ola Bike,2025-03-01 21:33:43,2025-03-01 21:45:01,Pune,3.51,11.3,1.2,43.27,Ola Money,Completed,4.6,4.9
OLA-TRIP-01461,OLA-CUST-0087,OLA-DRV-0076,Ola Share,2023-03-06 16:03:57,2023-03-06 16:26:03,Delhi,6.21,22.1,1.0,58.47,Cash,Completed,4.7,3.1
OLA-TRIP-01462,OLA-CUST-0121,OLA-DRV-0010,Ola Prime,2025-04-16 07:18:51,2025-04-16 07:32:39,Hyderabad,4.73,13.8,1.2,139.14,Ola Money,Completed,4.2,3.2
OLA-TRIP-01463,OLA-CUST-0136,OLA-DRV-0010,Ola Prime,2024-08-20 18:57:55,2024-08-20 20:07:31,Hyderabad,23.17,69.6,1.0,392.55,Cash,Completed,3.4,4.8
OLA-TRIP-01464,OLA-CUST-0101,OLA-DRV-0025,Ola Prime,2024-10-20 16:50:07,2024-10-20 17:34:25,Ahmedabad,10.56,44.3,1.0,203.4,Cash,Completed,3.7,4.2
OLA-TRIP-01465,OLA-CUST-0108,OLA-DRV-0042,Ola Mini,2023-01-26 23:18:12,2023-01-26 23:48:54,Pune,11.99,30.7,1.0,161.89,Ola Money,Completed,4.0,4.9
OLA-TRIP-01466,OLA-CUST-0049,OLA-DRV-0043,Ola Bike,2024-08-01 04:25:05,,Bengaluru,8.08,0.0,1.0,0.0,,Cancelled by Rider,,
OLA-TRIP-01467,OLA-CUST-0102,OLA-DRV-0092,Ola Prime,2025-07-29 00:44:10,2025-07-29 00:52:16,Pune,2.49,8.1,1.0,82.35,Credit Card,Completed,4.1,4.4
OLA-TRIP-01468,OLA-CUST-0091,OLA-DRV-0002,Ola Share,2025-09-10 06:33:39,2025-09-10 07:10:21,Kolkata,14.47,36.7,1.0,116.29,Cash,Completed,4.6,3.6
OLA-TRIP-01469,OLA-CUST-0079,OLA-DRV-0098,Ola Prime,2024-08-21 02:38:18,2024-08-21 03:30:12,Hyderabad,13.99,51.9,1.0,254.85,Ola Money,Completed,4.1,4.6
OLA-TRIP-01470,OLA-CUST-0006,OLA-DRV-0059,Ola Prime,2023-01-30 21:25:17,2023-01-30 22:48:17,Pune,18.72,83.0,1.0,325.8,Debit Card,Completed,4.1,5.0
OLA-TRIP-01471,OLA-CUST-0160,OLA-DRV-0082,Ola Share,2023-10-18 11:58:16,2023-10-18 12:50:46,Hyderabad,12.61,52.5,1.0,103.27,UPI,Completed,3.9,3.0
OLA-TRIP-01472,OLA-CUST-0135,OLA-DRV-0014,Ola Mini,2023-10-29 16:23:36,2023-10-29 17:26:00,Bengaluru,21.29,62.4,1.0,264.19,Cash,Completed,4.4,3.6
OLA-TRIP-01473,OLA-CUST-0063,OLA-DRV-0040,Ola Bike,2025-07-06 08:39:42,,Chennai,14.89,0.0,1.0,0.0,,Cancelled by Driver,,
OLA-TRIP-01474,OLA-CUST-0047,OLA-DRV-0073,Ola Share,2025-07-08 21:19:12,2025-07-08 22:36:12,Ahmedabad,18.11,77.0,2.0,283.54,Ola Money,Completed,4.3,3.2
OLA-TRIP-01475,OLA-CUST-0043,OLA-DRV-0057,Ola Prime SUV,2023-09-26 21:58:10,2023-09-26 23:14:22,Bengaluru,16.96,76.2,1.0,382.24,UPI,Completed,3.7,3.4
OLA-TRIP-01476,OLA-CUST-0084,OLA-DRV-0060,Ola Auto,2025-01-30 18:23:13,2025-01-30 19:42:37,Kochi,23.01,79.4,1.0,227.09,Cash,Completed,4.9,3.6
OLA-TRIP-01477,OLA-CUST-0006,OLA-DRV-0007,Ola Prime,2023-11-20 20:34:15,2023-11-20 21:13:09,Pune,13.05,38.9,1.0,240.75,Debit Card,Completed,3.9,4.7
OLA-TRIP-01478,OLA-CUST-0064,OLA-DRV-0047,Ola Bike,2023-12-14 22:42:43,,Mumbai,20.55,0.0,1.0,0.0,,No Show,,
OLA-TRIP-01479,OLA-CUST-0120,OLA-DRV-0011,Ola Bike,2024-07-16 08:18:05,2024-07-16 09:11:59,Mumbai,13.45,53.9,1.0,95.7,Cash,Completed,3.6,3.7
OLA-TRIP-01480,OLA-CUST-0071,OLA-DRV-0085,Ola Prime SUV,2023-10-04 15:15:29,2023-10-04 16:00:29,Bengaluru,13.19,45.0,1.0,310.61,Credit Card,Completed,3.8,4.3
OLA-TRIP-01481,OLA-CUST-0003,OLA-DRV-0019,Ola Bike,2023-05-01 08:47:43,2023-05-01 09:19:37,Hyderabad,8.41,31.9,1.5,98.19,Credit Card,Completed,4.6,3.2
OLA-TRIP-01482,OLA-CUST-0193,OLA-DRV-0082,Ola Share,2024-01-03 17:30:45,2024-01-03 17:51:21,Hyderabad,6.66,20.6,1.0,61.62,UPI,Completed,4.6,4.9
OLA-TRIP-01483,OLA-CUST-0144,OLA-DRV-0037,Ola Prime,2024-06-21 06:35:19,,Kolkata,18.54,0.0,1.0,0.0,,Cancelled by Rider,,
OLA-TRIP-01484,OLA-CUST-0028,OLA-DRV-0090,Ola Mini,2024-10-22 10:42:09,2024-10-22 11:17:09,Kochi,12.99,35.0,1.0,172.89,UPI,Completed,4.2,4.6
OLA-TRIP-01485,OLA-CUST-0146,OLA-DRV-0017,Ola Prime SUV,2024-02-10 16:14:43,2024-02-10 16:37:31,Delhi,7.15,22.8,1.2,235.02,Debit Card,Completed,4.3,4.0
OLA-TRIP-01486,OLA-CUST-0061,OLA-DRV-0070,Ola Mini,2025-08-19 16:02:25,2025-08-19 17:03:13,Hyderabad,19.38,60.8,1.0,243.18,Credit Card,Completed,4.9,3.3
OLA-TRIP-01487,OLA-CUST-0148,OLA-DRV-0062,Ola Auto,2025-10-10 17:14:34,2025-10-10 18:18:04,Mumbai,20.71,63.5,1.0,206.39,Debit Card,Completed,3.5,4.5
OLA-TRIP-01488,OLA-CUST-0097,OLA-DRV-0020,Ola Bike,2024-10-01 07:36:04,2024-10-01 08:07:16,Pune,8.72,31.2,1.2,80.78,UPI,Completed,3.1,4.2
OLA-TRIP-01489,OLA-CUST-0100,OLA-DRV-0079,Ola Bike,2025-05-18 08:37:32,2025-05-18 10:03:50,Ahmedabad,24.73,86.3,1.5,245.07,Debit Card,Completed,3.9,3.8
OLA-TRIP-01490,OLA-CUST-0008,OLA-DRV-0061,Ola Bike,2024-12-31 16:41:36,2024-12-31 17:50:00,Delhi,16.12,68.4,1.5,167.58,Debit Card,Completed,4.2,4.7
OLA-TRIP-01491,OLA-CUST-0167,OLA-DRV-0083,Ola Mini,2024-08-17 23:04:43,2024-08-17 23:33:13,Pune,10.42,28.5,1.0,144.62,UPI,Completed,4.2,3.4
OLA-TRIP-01492,OLA-CUST-0196,OLA-DRV-0055,Ola Prime SUV,2023-06-05 11:09:44,2023-06-05 11:58:50,Kolkata,13.93,49.1,1.0,324.67,Debit Card,Completed,4.5,3.3
OLA-TRIP-01493,OLA-CUST-0131,OLA-DRV-0062,Ola Auto,2025-08-12 16:27:34,,Mumbai,6.08,0.0,1.0,0.0,,Cancelled by Rider,,
OLA-TRIP-01494,OLA-CUST-0145,OLA-DRV-0075,Ola Prime,2023-07-25 00:32:05,2023-07-25 01:15:29,Delhi,14.78,43.4,1.0,266.7,Cash,Completed,3.9,3.1
OLA-TRIP-01495,OLA-CUST-0161,OLA-DRV-0099,Ola Auto,2025-12-04 08:48:17,2025-12-04 09:59:11,Kochi,20.77,70.9,1.2,248.32,Debit Card,Completed,3.9,4.3
OLA-TRIP-01496,OLA-CUST-0007,OLA-DRV-0023,Ola Bike,2025-10-02 03:20:37,2025-10-02 03:35:49,Delhi,5.89,15.2,1.0,50.34,Cash,Completed,3.4,3.6
OLA-TRIP-01497,OLA-CUST-0025,OLA-DRV-0084,Ola Auto,2025-04-09 21:30:03,2025-04-09 22:11:57,Pune,13.12,41.9,1.0,138.08,Debit Card,Completed,3.7,3.4
OLA-TRIP-01498,OLA-CUST-0190,OLA-DRV-0078,Ola Prime SUV,2024-05-17 15:42:14,2024-05-17 16:43:08,Delhi,20.86,60.9,1.0,456.34,Debit Card,Completed,3.6,4.5
OLA-TRIP-01499,OLA-CUST-0124,OLA-DRV-0059,Ola Prime,2025-11-28 15:12:49,2025-11-28 15:25:55,Pune,4.8,13.1,1.0,117.0,Debit Card,Completed,3.0,3.9
OLA-TRIP-01500,OLA-CUST-0086,OLA-DRV-0049,Ola Mini,2025-08-14 02:24:02,2025-08-14 03:00:20,Kochi,10.53,36.3,1.0,145.83,Ola Money,Completed,5.0,4.7
OLA-TRIP-01501,OLA-CUST-0059,OLA-DRV-0060,Ola Auto,2025-07-10 06:00:39,2025-07-10 06:15:27,Kochi,3.42,14.8,1.5,76.17,Credit Card,Completed,4.8,4.6
OLA-TRIP-01502,OLA-CUST-0049,OLA-DRV-0080,Ola Auto,2025-05-07 12:55:10,2025-05-07 13:43:58,Bengaluru,15.17,48.8,1.0,156.53,Credit Card,Completed,4.9,3.8
OLA-TRIP-01503,OLA-CUST-0080,OLA-DRV-0019,Ola Bike,2024-03-15 04:49:19,2024-03-15 05:38:43,Hyderabad,18.28,49.4,1.2,149.62,Ola Money,Completed,3.6,3.5
OLA-TRIP-01504,OLA-CUST-0129,OLA-DRV-0086,Ola Prime,2023-12-16 20:54:22,2023-12-16 21:39:52,Mumbai,14.41,45.5,1.0,261.15,UPI,Completed,4.4,4.4
OLA-TRIP-01505,OLA-CUST-0151,OLA-DRV-0027,Ola Auto,2025-07-21 20:04:46,2025-07-21 21:03:46,Chennai,20.43,59.0,1.0,203.87,Cash,Completed,3.5,4.3
OLA-TRIP-01506,OLA-CUST-0044,OLA-DRV-0089,Ola Prime,2025-01-30 23:36:26,2025-01-31 01:02:32,Kochi,24.49,86.1,1.2,494.82,Cash,Completed,4.9,4.5
OLA-TRIP-01507,OLA-CUST-0016,OLA-DRV-0052,Ola Share,2024-02-08 15:11:51,2024-02-08 16:14:39,Kochi,21.3,62.8,1.0,164.1,Debit Card,Completed,3.4,3.4
OLA-TRIP-01508,OLA-CUST-0130,OLA-DRV-0094,Ola Bike,2025-01-19 20:57:05,2025-01-19 22:33:41,Delhi,23.34,96.6,2.0,310.08,UPI,Completed,3.4,4.8
OLA-TRIP-01509,OLA-CUST-0015,OLA-DRV-0079,Ola Bike,2023-01-22 23:06:25,,Ahmedabad,15.72,0.0,1.0,0.0,,Cancelled by Rider,,
OLA-TRIP-01510,OLA-CUST-0064,OLA-DRV-0044,Ola Auto,2025-04-20 14:12:39,,Mumbai,7.86,0.0,1.5,0.0,,Cancelled by Driver,,
OLA-TRIP-01511,OLA-CUST-0096,OLA-DRV-0029,Ola Bike,2025-10-25 06:25:52,2025-10-25 07:16:04,Chennai,17.82,50.2,1.0,121.92,Credit Card,Completed,3.1,3.2
OLA-TRIP-01512,OLA-CUST-0093,OLA-DRV-0040,Ola Bike,2023-03-04 04:24:32,2023-03-04 05:12:08,Chennai,12.58,47.6,1.0,90.48,Debit Card,Completed,3.3,3.8
OLA-TRIP-01513,OLA-CUST-0028,OLA-DRV-0099,Ola Auto,2024-10-30 11:19:19,2024-10-30 11:47:31,Kochi,9.56,28.2,1.0,106.04,Cash,Completed,3.6,3.0
OLA-TRIP-01514,OLA-CUST-0120,OLA-DRV-0095,Ola Mini,2025-09-05 07:08:41,2025-09-05 08:04:23,Mumbai,14.08,55.7,1.0,184.88,UPI,Completed,3.2,4.4
OLA-TRIP-01515,OLA-CUST-0156,OLA-DRV-0033,Ola Prime,2025-11-17 20:08:47,2025-11-17 20:49:29,Jaipur,10.57,40.7,1.0,203.55,Credit Card,Completed,3.6,4.5
OLA-TRIP-01516,OLA-CUST-0173,OLA-DRV-0097,Ola Share,2025-02-04 14:47:54,2025-02-04 15:27:06,Jaipur,12.64,39.2,1.0,103.48,Credit Card,Completed,4.7,4.9
OLA-TRIP-01517,OLA-CUST-0054,OLA-DRV-0027,Ola Auto,2024-02-21 02:24:57,2024-02-21 03:11:33,Chennai,11.93,46.6,1.2,152.84,Debit Card,Completed,4.2,4.4
OLA-TRIP-01518,OLA-CUST-0112,OLA-DRV-0074,Ola Bike,2023-03-22 15:43:17,2023-03-22 16:59:11,Jaipur,19.0,75.9,1.0,129.0,Ola Money,Completed,3.1,3.1
OLA-TRIP-01519,OLA-CUST-0020,OLA-DRV-0070,Ola Mini,2025-09-02 19:20:53,2025-09-02 19:31:41,Hyderabad,2.65,10.8,1.0,59.15,Debit Card,Completed,4.8,3.8
OLA-TRIP-01520,OLA-CUST-0147,OLA-DRV-0011,Ola Bike,2025-07-29 22:52:23,2025-07-29 23:34:23,Mumbai,13.42,42.0,1.0,95.52,Credit Card,Completed,3.1,3.5
OLA-TRIP-01521,OLA-CUST-0181,OLA-DRV-0045,Ola Prime,2024-03-31 16:06:56,2024-03-31 17:07:44,Hyderabad,23.95,60.8,1.0,404.25,Ola Money,Completed,3.2,3.8
OLA-TRIP-01522,OLA-CUST-0129,OLA-DRV-0091,Ola Mini,2025-02-08 09:03:44,2025-02-08 09:57:08,Mumbai,12.73,53.4,1.2,204.04,Cash,Completed,4.2,3.5
OLA-TRIP-01523,OLA-CUST-0189,OLA-DRV-0057,Ola Prime SUV,2024-10-20 17:59:39,2024-10-20 19:21:51,Bengaluru,22.76,82.2,1.0,492.44,UPI,Completed,4.7,3.7
OLA-TRIP-01524,OLA-CUST-0153,OLA-DRV-0076,Ola Share,2024-02-08 09:42:05,2024-02-08 10:28:23,Delhi,10.82,46.3,1.5,136.11,Credit Card,Completed,4.6,4.3
OLA-TRIP-01525,OLA-CUST-0200,OLA-DRV-0043,Ola Bike,2023-03-05 21:35:26,2023-03-05 21:54:26,Bengaluru,7.06,19.0,1.0,57.36,Ola Money,Completed,3.0,3.7
OLA-TRIP-01526,OLA-CUST-0193,OLA-DRV-0070,Ola Mini,2024-11-15 22:54:44,2024-11-16 00:21:56,Hyderabad,19.42,87.2,2.0,487.24,Debit Card,Completed,3.3,4.5
OLA-TRIP-01527,OLA-CUST-0185,OLA-DRV-0083,Ola Mini,2024-05-10 11:20:36,2024-05-10 11:35:36,Pune,4.2,15.0,2.0,152.4,Debit Card,Completed,4.8,4.4
OLA-TRIP-01528,OLA-CUST-0131,OLA-DRV-0095,Ola Mini,2023-09-25 13:18:04,2023-09-25 15:00:16,Mumbai,23.29,102.2,1.0,286.19,UPI,Completed,4.7,4.5
OLA-TRIP-01529,OLA-CUST-0192,OLA-DRV-0073,Ola Share,2023-08-29 14:09:13,2023-08-29 14:28:31,Ahmedabad,6.59,19.3,1.0,61.13,UPI,Completed,3.6,3.7
OLA-TRIP-01530,OLA-CUST-0178,OLA-DRV-0016,Ola Bike,2024-09-04 16:41:51,2024-09-04 17:01:03,Chennai,7.42,19.2,1.0,59.52,Debit Card,Completed,3.3,3.8
OLA-TRIP-01531,OLA-CUST-0093,OLA-DRV-0001,Ola Auto,2025-03-03 13:32:50,2025-03-03 13:51:02,Chennai,4.33,18.2,1.2,70.76,Ola Money,Completed,4.4,4.7
OLA-TRIP-01532,OLA-CUST-0166,OLA-DRV-0047,Ola Bike,2025-10-12 17:16:14,2025-10-12 17:42:02,Mumbai,6.27,25.8,1.0,52.62,Credit Card,Completed,3.5,3.7
OLA-TRIP-01533,OLA-CUST-0073,OLA-DRV-0074,Ola Bike,2025-01-11 17:22:30,2025-01-11 18:43:00,Jaipur,22.8,80.5,1.0,151.8,UPI,Completed,3.3,3.4
OLA-TRIP-01534,OLA-CUST-0125,OLA-DRV-0043,Ola Bike,2025-01-15 09:39:50,2025-01-15 10:30:56,Bengaluru,15.73,51.1,1.0,109.38,Ola Money,Completed,4.3,3.1
OLA-TRIP-01535,OLA-CUST-0086,OLA-DRV-0038,Ola Prime,2025-11-14 17:39:26,2025-11-14 18:34:44,Kochi,16.21,55.3,1.0,288.15,Cash,Completed,3.2,3.5
OLA-TRIP-01536,OLA-CUST-0079,OLA-DRV-0019,Ola Bike,2025-04-06 13:31:34,,Hyderabad,17.59,0.0,1.2,0.0,,Cancelled by Rider,,
OLA-TRIP-01537,OLA-CUST-0123,OLA-DRV-0034,Ola Bike,2024-01-21 17:19:43,2024-01-21 17:29:25,Jaipur,3.7,9.7,1.0,37.2,UPI,Completed,3.2,3.6
OLA-TRIP-01538,OLA-CUST-0162,OLA-DRV-0099,Ola Auto,2024-05-08 10:57:19,2024-05-08 11:01:37,Kochi,1.04,4.3,1.0,29.36,UPI,Completed,4.9,4.0
OLA-TRIP-01539,OLA-CUST-0038,OLA-DRV-0080,Ola Auto,2023-11-16 18:01:08,2023-11-16 19:14:26,Bengaluru,20.87,73.3,1.0,207.83,Cash,Completed,3.6,3.8
OLA-TRIP-01540,OLA-CUST-0123,OLA-DRV-0097,Ola Share,2025-11-09 14:54:03,2025-11-09 16:11:03,Jaipur,18.64,77.0,1.2,174.58,Debit Card,Completed,4.8,4.6
OLA-TRIP-01541,OLA-CUST-0197,OLA-DRV-0028,Ola Prime,2025-10-26 10:13:36,2025-10-26 10:34:00,Pune,4.82,20.4,1.0,117.3,Credit Card,Completed,4.6,4.6
OLA-TRIP-01542,OLA-CUST-0041,OLA-DRV-0016,Ola Bike,2025-02-27 14:17:40,2025-02-27 15:07:04,Chennai,19.42,49.4,1.0,131.52,Credit Card,Completed,3.3,4.9
OLA-TRIP-01543,OLA-CUST-0196,OLA-DRV-0037,Ola Prime,2023-04-18 08:48:16,2023-04-18 09:34:22,Kolkata,13.08,46.1,1.0,241.2,Ola Money,Completed,3.7,4.7
OLA-TRIP-01544,OLA-CUST-0150,OLA-DRV-0034,Ola Bike,2024-11-30 17:17:33,2024-11-30 17:40:45,Jaipur,7.05,23.2,1.0,57.3,UPI,Completed,4.7,3.6
OLA-TRIP-01545,OLA-CUST-0041,OLA-DRV-0051,Ola Mini,2023-12-12 19:22:25,,Chennai,21.15,0.0,1.0,0.0,,No Show,,
OLA-TRIP-01546,OLA-CUST-0130,OLA-DRV-0017,Ola Prime SUV,2023-11-15 20:34:05,2023-11-15 22:17:05,Delhi,24.4,103.0,1.2,628.32,Ola Money,Completed,3.6,4.4
OLA-TRIP-01547,OLA-CUST-0051,OLA-DRV-0009,Ola Prime,2023-07-10 05:59:55,2023-07-10 07:31:49,Kolkata,21.84,91.9,1.0,372.6,Ola Money,Completed,3.1,4.1
OLA-TRIP-01548,OLA-CUST-0016,OLA-DRV-0049,Ola Mini,2025-05-29 17:08:50,2025-05-29 18:41:38,Kochi,22.15,92.8,1.0,273.65,Debit Card,Completed,3.3,3.2
OLA-TRIP-01549,OLA-CUST-0102,OLA-DRV-0084,Ola Auto,2024-10-25 21:29:41,2024-10-25 21:38:47,Pune,3.19,9.1,1.0,48.71,Debit Card,Completed,4.2,3.5
OLA-TRIP-01550,OLA-CUST-0079,OLA-DRV-0070,Ola Mini,2023-10-06 18:25:00,2023-10-06 19:33:30,Hyderabad,15.64,68.5,1.0,202.04,Ola Money,Completed,4.0,5.0
OLA-TRIP-01551,OLA-CUST-0061,OLA-DRV-0070,Ola Mini,2024-05-05 06:10:12,2024-05-05 07:07:42,Hyderabad,13.9,57.5,1.0,182.9,Cash,Completed,4.1,4.5
OLA-TRIP-01552,OLA-CUST-0111,OLA-DRV-0082,Ola Share,2024-03-11 08:16:07,2024-03-11 08:38:43,Hyderabad,5.57,22.6,1.0,53.99,Cash,Completed,3.7,4.0
OLA-TRIP-01553,OLA-CUST-0107,OLA-DRV-0079,Ola Bike,2023-12-11 00:56:08,2023-12-11 02:13:32,Ahmedabad,18.38,77.4,1.5,187.92,Credit Card,Completed,3.5,3.6
OLA-TRIP-01554,OLA-CUST-0153,OLA-DRV-0075,Ola Prime,2025-03-05 00:49:24,2025-03-05 01:15:30,Delhi,9.32,26.1,1.0,184.8,Credit Card,Completed,4.8,4.8
OLA-TRIP-01555,OLA-CUST-0126,OLA-DRV-0044,Ola Auto,2025-03-20 12:06:18,2025-03-20 12:17:42,Mumbai,2.89,11.4,1.0,46.01,UPI,Completed,3.4,3.5
OLA-TRIP-01556,OLA-CUST-0170,OLA-DRV-0042,Ola Mini,2024-07-02 06:15:07,2024-07-02 07:04:31,Pune,17.67,49.4,1.0,224.37,UPI,Completed,4.2,3.1
OLA-TRIP-01557,OLA-CUST-0052,OLA-DRV-0025,Ola Prime,2025-04-05 02:28:15,2025-04-05 02:48:57,Ahmedabad,5.51,20.7,1.0,127.65,Cash,Completed,4.6,4.6
OLA-TRIP-01558,OLA-CUST-0014,OLA-DRV-0043,Ola Bike,2024-05-04 19:28:47,2024-05-04 20:15:17,Bengaluru,11.51,46.5,1.0,84.06,Debit Card,Completed,4.0,4.7
OLA-TRIP-01559,OLA-CUST-0180,OLA-DRV-0096,Ola Prime SUV,2023-09-15 03:06:41,2023-09-15 04:22:11,Delhi,20.38,75.5,2.0,894.44,UPI,Completed,3.3,4.0
OLA-TRIP-01560,OLA-CUST-0056,OLA-DRV-0040,Ola Bike,2025-08-06 21:25:07,2025-08-06 22:22:43,Chennai,12.99,57.6,1.0,92.94,UPI,Completed,4.2,3.6
OLA-TRIP-01561,OLA-CUST-0198,OLA-DRV-0041,Ola Prime,2023-03-14 08:34:10,,Kolkata,14.18,0.0,1.5,0.0,,Cancelled by Driver,,
OLA-TRIP-01562,OLA-CUST-0188,OLA-DRV-0028,Ola Prime,2024-03-13 18:37:23,2024-03-13 19:25:17,Pune,13.06,47.9,1.0,240.9,Cash,Completed,4.0,4.6
OLA-TRIP-01563,OLA-CUST-0027,OLA-DRV-0019,Ola Bike,2024-06-07 16:24:45,2024-06-07 17:09:03,Hyderabad,12.99,44.3,1.0,92.94,Cash,Completed,4.1,4.7
OLA-TRIP-01564,OLA-CUST-0071,OLA-DRV-0085,Ola Prime SUV,2025-10-05 01:55:45,2025-10-05 03:11:39,Bengaluru,20.37,75.9,1.5,670.55,UPI,Completed,3.4,4.8
OLA-TRIP-01565,OLA-CUST-0164,OLA-DRV-0033,Ola Prime,2023-05-20 08:58:15,2023-05-20 10:23:57,Jaipur,19.1,85.7,1.2,397.8,UPI,Completed,3.7,4.0
OLA-TRIP-01566,OLA-CUST-0065,OLA-DRV-0036,Ola Mini,2025-10-23 23:24:29,2025-10-23 23:35:47,Pune,4.47,11.3,1.0,79.17,Credit Card,Completed,3.2,4.0
OLA-TRIP-01567,OLA-CUST-0022,OLA-DRV-0017,Ola Prime SUV,2023-07-03 07:30:41,2023-07-03 09:05:53,Delhi,24.36,95.2,1.0,522.84,Credit Card,Completed,3.0,4.1
OLA-TRIP-01568,OLA-CUST-0059,OLA-DRV-0031,Ola Mini,2023-07-16 23:09:02,2023-07-16 23:35:56,Kochi,10.05,26.9,1.0,140.55,UPI,Completed,3.3,3.9
OLA-TRIP-01569,OLA-CUST-0125,OLA-DRV-0012,Ola Prime SUV,2024-07-07 17:36:35,2024-07-07 19:02:23,Bengaluru,20.36,85.8,1.0,446.84,Credit Card,Completed,4.3,4.7
OLA-TRIP-01570,OLA-CUST-0191,OLA-DRV-0043,Ola Bike,2023-02-13 14:09:15,2023-02-13 15:05:15,Bengaluru,12.82,56.0,1.0,91.92,Credit Card,Completed,4.4,4.5
OLA-TRIP-01571,OLA-CUST-0174,OLA-DRV-0082,Ola Share,2024-09-30 07:27:10,2024-09-30 08:18:34,Hyderabad,12.41,51.4,1.2,122.24,Cash,Completed,3.6,4.9
OLA-TRIP-01572,OLA-CUST-0124,OLA-DRV-0026,Ola Auto,2025-05-30 07:08:55,2025-05-30 07:29:13,Pune,7.28,20.3,1.0,85.52,Cash,Completed,3.7,4.3
OLA-TRIP-01573,OLA-CUST-0112,OLA-DRV-0097,Ola Share,2024-10-16 17:38:18,,Jaipur,20.5,0.0,2.0,0.0,,Cancelled by Rider,,
OLA-TRIP-01574,OLA-CUST-0163,OLA-DRV-0071,Ola Auto,2023-12-21 00:19:42,2023-12-21 01:28:36,Mumbai,19.31,68.9,1.0,193.79,Cash,Completed,4.6,4.0
OLA-TRIP-01575,OLA-CUST-0100,OLA-DRV-0025,Ola Prime,2024-01-16 11:15:25,2024-01-16 12:53:13,Ahmedabad,22.17,97.8,1.0,377.55,Ola Money,Completed,4.8,3.4
OLA-TRIP-01576,OLA-CUST-0196,OLA-DRV-0065,Ola Prime,2023-10-01 17:54:58,2023-10-01 18:33:34,Kolkata,9.65,38.6,1.5,284.62,UPI,Completed,3.5,4.2
OLA-TRIP-01577,OLA-CUST-0047,OLA-DRV-0025,Ola Prime,2025-05-14 10:11:46,2025-05-14 11:15:16,Ahmedabad,15.89,63.5,1.0,283.35,Debit Card,Completed,4.7,3.2
OLA-TRIP-01578,OLA-CUST-0170,OLA-DRV-0026,Ola Auto,2024-07-04 14:40:29,,Pune,12.96,0.0,1.0,0.0,,Cancelled by Rider,,
OLA-TRIP-01579,OLA-CUST-0161,OLA-DRV-0052,Ola Share,2024-06-09 07:55:30,2024-06-09 09:23:48,Kochi,19.95,88.3,1.0,154.65,Credit Card,Completed,3.9,4.2
OLA-TRIP-01580,OLA-CUST-0199,OLA-DRV-0072,Ola Prime,2024-07-13 19:12:37,2024-07-13 19:42:25,Chennai,8.13,29.8,1.0,166.95,Debit Card,Completed,3.5,3.6
OLA-TRIP-01581,OLA-CUST-0153,OLA-DRV-0017,Ola Prime SUV,2024-01-01 07:40:11,2024-01-01 08:19:47,Delhi,12.66,39.6,1.0,300.54,UPI,Completed,4.2,3.4
OLA-TRIP-01582,OLA-CUST-0192,OLA-DRV-0005,Ola Share,2023-06-25 03:27:05,2023-06-25 04:39:35,Ahmedabad,23.16,72.5,1.0,177.12,Cash,Completed,3.0,3.6
OLA-TRIP-01583,OLA-CUST-0081,OLA-DRV-0034,Ola Bike,2023-05-31 10:16:38,2023-05-31 10:23:56,Jaipur,1.68,7.3,1.0,25.08,Debit Card,Completed,4.5,3.4
OLA-TRIP-01584,OLA-CUST-0070,OLA-DRV-0077,Ola Mini,2024-09-22 14:24:41,2024-09-22 14:34:47,Hyderabad,3.44,10.1,1.0,67.84,Debit Card,Completed,3.5,3.3
OLA-TRIP-01585,OLA-CUST-0165,OLA-DRV-0035,Ola Prime SUV,2024-01-10 00:43:55,2024-01-10 01:32:43,Bengaluru,19.12,48.8,1.0,423.28,UPI,Completed,4.5,5.0
OLA-TRIP-01586,OLA-CUST-0049,OLA-DRV-0085,Ola Prime SUV,2024-10-06 03:42:36,2024-10-06 04:50:36,Bengaluru,16.64,68.0,1.0,376.16,UPI,Completed,4.7,4.9
OLA-TRIP-01587,OLA-CUST-0106,OLA-DRV-0031,Ola Mini,2024-09-22 04:29:54,2024-09-22 05:08:18,Kochi,14.63,38.4,1.0,190.93,Debit Card,Completed,4.8,3.0
OLA-TRIP-01588,OLA-CUST-0032,OLA-DRV-0039,Ola Mini,2023-11-18 12:10:44,2023-11-18 12:31:26,Kolkata,7.09,20.7,1.0,107.99,Ola Money,Completed,5.0,4.4
OLA-TRIP-01589,OLA-CUST-0126,OLA-DRV-0006,Ola Prime SUV,2025-01-18 04:13:53,,Mumbai,7.89,0.0,1.0,0.0,,Cancelled by Driver,,
OLA-TRIP-01590,OLA-CUST-0073,OLA-DRV-0093,Ola Prime,2023-09-09 17:41:37,,Jaipur,5.05,0.0,1.0,0.0,,Cancelled by Driver,,
OLA-TRIP-01591,OLA-CUST-0052,OLA-DRV-0087,Ola Mini,2023-05-01 17:58:34,2023-05-01 18:30:10,Ahmedabad,8.06,31.6,1.0,118.66,Credit Card,Completed,4.4,4.8
OLA-TRIP-01592,OLA-CUST-0067,OLA-DRV-0076,Ola Share,2025-08-13 14:15:07,2025-08-13 14:43:13,Delhi,10.13,28.1,1.0,85.91,Ola Money,Completed,4.9,4.9
OLA-TRIP-01593,OLA-CUST-0094,OLA-DRV-0064,Ola Prime,2023-10-12 22:40:04,2023-10-12 22:56:40,Ahmedabad,5.5,16.6,1.0,127.5,Credit Card,Completed,3.9,4.5
OLA-TRIP-01594,OLA-CUST-0068,OLA-DRV-0080,Ola Auto,2025-08-26 14:22:11,2025-08-26 14:43:05,Bengaluru,8.27,20.9,1.0,94.43,Cash,Completed,3.1,3.2
OLA-TRIP-01595,OLA-CUST-0074,OLA-DRV-0081,Ola Share,2024-02-08 08:36:04,2024-02-08 09:33:40,Chennai,21.27,57.6,1.2,196.67,Ola Money,Completed,4.1,3.9
OLA-TRIP-01596,OLA-CUST-0021,OLA-DRV-0028,Ola Prime,2025-09-11 23:49:09,2025-09-11 23:53:03,Pune,1.49,3.9,1.2,80.82,Credit Card,Completed,4.2,5.0
OLA-TRIP-01597,OLA-CUST-0058,OLA-DRV-0094,Ola Bike,2023-03-26 20:05:07,2023-03-26 20:39:13,Delhi,12.48,34.1,1.2,107.86,Credit Card,Completed,4.7,4.3
OLA-TRIP-01598,OLA-CUST-0034,OLA-DRV-0024,Ola Prime,2025-12-06 16:09:52,2025-12-06 17:08:52,Delhi,22.21,59.0,1.0,378.15,UPI,Completed,3.9,4.6
OLA-TRIP-01599,OLA-CUST-0103,OLA-DRV-0044,Ola Auto,2023-12-11 16:44:21,2023-12-11 17:34:09,Mumbai,11.34,49.8,1.0,122.06,Ola Money,Completed,3.6,3.8
OLA-TRIP-01600,OLA-CUST-0180,OLA-DRV-0096,Ola Prime SUV,2024-07-08 13:40:29,2024-07-08 14:22:05,Delhi,13.96,41.6,1.0,325.24,Ola Money,Completed,4.3,4.1
OLA-TRIP-01601,OLA-CUST-0154,OLA-DRV-0036,Ola Mini,2023-06-13 12:54:47,2023-06-13 13:55:17,Pune,16.96,60.5,1.0,216.56,Debit Card,Completed,3.7,4.1
OLA-TRIP-01602,OLA-CUST-0179,OLA-DRV-0006,Ola Prime SUV,2024-11-12 01:53:26,2024-11-12 02:39:26,Mumbai,17.58,46.0,1.0,394.02,Credit Card,Completed,4.0,3.4
OLA-TRIP-01603,OLA-CUST-0094,OLA-DRV-0025,Ola Prime,2023-12-13 01:03:46,,Ahmedabad,11.31,0.0,1.0,0.0,,Cancelled by Rider,,
OLA-TRIP-01604,OLA-CUST-0047,OLA-DRV-0068,Ola Prime SUV,2025-05-14 20:45:47,2025-05-14 22:03:17,Ahmedabad,18.38,77.5,1.0,409.22,Credit Card,Completed,4.2,3.7
OLA-TRIP-01605,OLA-CUST-0073,OLA-DRV-0034,Ola Bike,2025-06-19 09:01:43,2025-06-19 09:15:19,Jaipur,4.56,13.6,1.0,42.36,Cash,Completed,4.0,4.5
OLA-TRIP-01606,OLA-CUST-0022,OLA-DRV-0067,Ola Share,2024-01-16 23:51:30,,Delhi,3.62,0.0,1.2,0.0,,No Show,,
OLA-TRIP-01607,OLA-CUST-0176,OLA-DRV-0067,Ola Share,2025-07-22 09:34:29,2025-07-22 10:04:29,Delhi,8.35,30.0,1.0,73.45,Credit Card,Completed,4.0,4.0
OLA-TRIP-01608,OLA-CUST-0062,OLA-DRV-0088,Ola Auto,2024-10-31 19:31:20,2024-10-31 19:40:14,Kolkata,2.38,8.9,1.0,41.42,Debit Card,Completed,3.8,3.7
OLA-TRIP-01609,OLA-CUST-0129,OLA-DRV-0008,Ola Auto,2023-10-30 00:23:33,,Mumbai,13.04,0.0,1.0,0.0,,No Show,,
OLA-TRIP-01610,OLA-CUST-0116,OLA-DRV-0006,Ola Prime SUV,2024-05-01 22:07:50,2024-05-01 22:53:38,Mumbai,17.64,45.8,1.0,395.16,Credit Card,Completed,4.6,3.7
OLA-TRIP-01611,OLA-CUST-0143,OLA-DRV-0077,Ola Mini,2025-05-17 17:57:55,2025-05-17 18:45:25,Hyderabad,15.59,47.5,1.5,302.24,UPI,Completed,3.2,4.6
OLA-TRIP-01612,OLA-CUST-0005,OLA-DRV-0012,Ola Prime SUV,2023-06-01 17:50:42,,Bengaluru,18.1,0.0,1.0,0.0,,Cancelled by Rider,,
OLA-TRIP-01613,OLA-CUST-0039,OLA-DRV-0009,Ola Prime,2024-12-10 16:55:50,,Kolkata,23.73,0.0,1.0,0.0,,No Show,,
OLA-TRIP-01614,OLA-CUST-0052,OLA-DRV-0079,Ola Bike,2024-10-18 03:16:23,2024-10-18 03:57:53,Ahmedabad,10.67,41.5,1.0,79.02,Cash,Completed,4.9,3.9
OLA-TRIP-01615,OLA-CUST-0047,OLA-DRV-0054,Ola Auto,2025-09-06 09:21:10,2025-09-06 10:29:22,Ahmedabad,23.88,68.2,1.0,234.92,Debit Card,Completed,4.2,3.4
OLA-TRIP-01616,OLA-CUST-0068,OLA-DRV-0080,Ola Auto,2025-09-02 19:27:23,2025-09-02 20:01:53,Bengaluru,8.69,34.5,1.0,98.21,Ola Money,Completed,4.1,3.2
OLA-TRIP-01617,OLA-CUST-0128,OLA-DRV-0079,Ola Bike,2025-05-29 01:31:21,2025-05-29 01:43:21,Ahmedabad,3.72,12.0,1.0,37.32,Debit Card,Completed,3.3,3.1
OLA-TRIP-01618,OLA-CUST-0194,OLA-DRV-0012,Ola Prime SUV,2024-10-24 14:51:46,2024-10-24 15:04:52,Bengaluru,3.46,13.1,2.0,251.48,Debit Card,Completed,4.2,4.8
OLA-TRIP-01619,OLA-CUST-0097,OLA-DRV-0092,Ola Prime,2024-08-17 16:25:35,,Pune,6.6,0.0,1.5,0.0,,Cancelled by Driver,,
OLA-TRIP-01620,OLA-CUST-0162,OLA-DRV-0090,Ola Mini,2025-12-24 01:53:06,2025-12-24 02:31:12,Kochi,10.91,38.1,1.0,150.01,Cash,Completed,3.3,3.2
OLA-TRIP-01621,OLA-CUST-0010,OLA-DRV-0045,Ola Prime,2024-02-21 21:51:46,2024-02-21 22:45:40,Hyderabad,21.54,53.9,1.0,368.1,Cash,Completed,4.5,3.9
OLA-TRIP-01622,OLA-CUST-0157,OLA-DRV-0024,Ola Prime,2025-12-13 09:28:03,2025-12-13 10:19:45,Delhi,12.35,51.7,1.0,230.25,Cash,Completed,4.4,4.9
OLA-TRIP-01623,OLA-CUST-0148,OLA-DRV-0069,Ola Bike,2024-11-14 03:30:02,2024-11-14 04:14:08,Mumbai,16.6,44.1,1.0,114.6,Cash,Completed,4.5,3.8
OLA-TRIP-01624,OLA-CUST-0174,OLA-DRV-0098,Ola Prime,2023-01-08 15:01:23,2023-01-08 16:09:47,Hyderabad,22.07,68.4,1.2,451.26,Cash,Completed,4.7,4.0
OLA-TRIP-01625,OLA-CUST-0060,OLA-DRV-0034,Ola Bike,2024-11-22 09:05:20,2024-11-22 10:18:08,Jaipur,16.88,72.8,1.0,116.28,Debit Card,Completed,3.5,4.0
OLA-TRIP-01626,OLA-CUST-0066,OLA-DRV-0090,Ola Mini,2025-01-12 19:01:54,2025-01-12 19:18:00,Kochi,5.77,16.1,1.0,93.47,Debit Card,Completed,4.6,3.9
OLA-TRIP-01627,OLA-CUST-0044,OLA-DRV-0049,Ola Mini,2024-10-27 06:52:17,2024-10-27 08:24:35,Kochi,23.85,92.3,1.0,292.35,Credit Card,Completed,3.8,3.5
OLA-TRIP-01628,OLA-CUST-0149,OLA-DRV-0016,Ola Bike,2024-11-05 11:37:20,2024-11-05 11:46:50,Chennai,2.38,9.5,1.0,29.28,Cash,Completed,3.7,3.1
OLA-TRIP-01629,OLA-CUST-0135,OLA-DRV-0035,Ola Prime SUV,2023-02-09 09:11:36,2023-02-09 09:27:24,Bengaluru,4.74,15.8,1.0,150.06,Ola Money,Completed,4.7,3.5
OLA-TRIP-01630,OLA-CUST-0151,OLA-DRV-0016,Ola Bike,2025-03-05 21:44:39,2025-03-05 22:06:51,Chennai,5.2,22.2,1.0,46.2,Ola Money,Completed,5.0,3.1
OLA-TRIP-01631,OLA-CUST-0098,OLA-DRV-0077,Ola Mini,2023-05-28 20:34:24,2023-05-28 21:22:30,Hyderabad,11.24,48.1,1.0,153.64,UPI,Completed,3.8,4.7
OLA-TRIP-01632,OLA-CUST-0044,OLA-DRV-0090,Ola Mini,2024-06-19 12:24:41,2024-06-19 13:22:05,Kochi,12.76,57.4,1.0,170.36,Ola Money,Completed,4.5,4.8
OLA-TRIP-01633,OLA-CUST-0036,OLA-DRV-0060,Ola Auto,2024-09-14 06:22:04,2024-09-14 07:38:34,Kochi,21.56,76.5,1.0,214.04,Credit Card,Completed,3.2,3.6
OLA-TRIP-01634,OLA-CUST-0132,OLA-DRV-0036,Ola Mini,2025-12-15 00:51:14,2025-12-15 01:54:50,Pune,20.09,63.6,1.0,250.99,Credit Card,Completed,3.7,4.9
OLA-TRIP-01635,OLA-CUST-0017,OLA-DRV-0024,Ola Prime,2025-11-14 08:42:48,2025-11-14 09:46:00,Delhi,24.85,63.2,1.0,417.75,UPI,Completed,5.0,4.5
OLA-TRIP-01636,OLA-CUST-0160,OLA-DRV-0082,Ola Share,2023-12-26 21:04:48,2023-12-26 21:56:18,Hyderabad,12.86,51.5,1.2,126.02,Debit Card,Completed,4.4,4.9
OLA-TRIP-01637,OLA-CUST-0108,OLA-DRV-0042,Ola Mini,2024-04-26 18:26:05,2024-04-26 19:55:17,Pune,20.82,89.2,1.2,310.82,Debit Card,Completed,3.4,3.5
OLA-TRIP-01638,OLA-CUST-0173,OLA-DRV-0034,Ola Bike,2023-04-30 02:23:10,,Jaipur,12.9,0.0,1.0,0.0,,Cancelled by Driver,,
OLA-TRIP-01639,OLA-CUST-0110,OLA-DRV-0095,Ola Mini,2023-12-24 07:12:20,2023-12-24 07:49:50,Mumbai,11.88,37.5,1.0,160.68,Credit Card,Completed,4.6,3.6
OLA-TRIP-01640,OLA-CUST-0087,OLA-DRV-0076,Ola Share,2025-10-25 16:08:53,2025-10-25 16:48:41,Delhi,9.55,39.8,1.0,81.85,Debit Card,Completed,3.5,3.3
OLA-TRIP-01641,OLA-CUST-0027,OLA-DRV-0077,Ola Mini,2023-10-08 08:48:57,,Hyderabad,1.08,0.0,1.5,0.0,,No Show,,
OLA-TRIP-01642,OLA-CUST-0042,OLA-DRV-0033,Ola Prime,2025-01-25 05:21:02,2025-01-25 06:50:26,Jaipur,22.99,89.4,1.0,389.85,Ola Money,Completed,3.1,4.4
OLA-TRIP-01643,OLA-CUST-0190,OLA-DRV-0067,Ola Share,2025-04-04 11:45:52,2025-04-04 12:27:16,Delhi,10.03,41.4,1.2,102.25,Credit Card,Completed,4.6,4.6
OLA-TRIP-01644,OLA-CUST-0189,OLA-DRV-0035,Ola Prime SUV,2025-04-23 00:01:33,2025-04-23 01:16:27,Bengaluru,17.4,74.9,1.0,390.6,UPI,Completed,4.6,3.1
OLA-TRIP-01645,OLA-CUST-0119,OLA-DRV-0076,Ola Share,2023-04-25 01:50:59,2023-04-25 03:04:11,Delhi,17.04,73.2,1.0,134.28,UPI,Completed,3.3,3.4
OLA-TRIP-01646,OLA-CUST-0186,OLA-DRV-0080,Ola Auto,2025-08-26 05:58:18,2025-08-26 07:06:42,Bengaluru,23.21,68.4,1.0,228.89,Ola Money,Completed,4.7,4.2
OLA-TRIP-01647,OLA-CUST-0080,OLA-DRV-0098,Ola Prime,2025-09-20 02:41:27,,Hyderabad,19.44,0.0,1.0,0.0,,Cancelled by Rider,,
OLA-TRIP-01648,OLA-CUST-0161,OLA-DRV-0030,Ola Share,2023-03-20 15:49:09,2023-03-20 16:42:39,Kochi,21.36,53.5,1.0,164.52,UPI,Completed,4.6,4.0
OLA-TRIP-01649,OLA-CUST-0012,OLA-DRV-0007,Ola Prime,2023-08-23 06:22:09,2023-08-23 06:36:03,Pune,3.14,13.9,1.5,138.15,Debit Card,Completed,4.0,3.0
OLA-TRIP-01650,OLA-CUST-0013,OLA-DRV-0054,Ola Auto,2023-06-23 02:09:48,2023-06-23 03:13:54,Ahmedabad,15.92,64.1,1.0,163.28,Credit Card,Completed,3.1,4.2
OLA-TRIP-01651,OLA-CUST-0135,OLA-DRV-0043,Ola Bike,2024-04-06 20:09:41,2024-04-06 20:45:11,Bengaluru,9.88,35.5,1.0,74.28,Debit Card,Completed,4.6,3.6
OLA-TRIP-01652,OLA-CUST-0047,OLA-DRV-0025,Ola Prime,2024-05-04 01:53:15,2024-05-04 02:28:39,Ahmedabad,11.62,35.4,1.0,219.3,Debit Card,Completed,3.0,3.4
OLA-TRIP-01653,OLA-CUST-0033,OLA-DRV-0088,Ola Auto,2023-06-05 02:19:50,2023-06-05 02:24:56,Kolkata,1.82,5.1,1.0,36.38,Cash,Completed,3.5,3.5
OLA-TRIP-01654,OLA-CUST-0140,OLA-DRV-0086,Ola Prime,2024-07-29 04:53:22,2024-07-29 05:42:46,Mumbai,13.24,49.4,1.0,243.6,Cash,Completed,3.2,3.9
OLA-TRIP-01655,OLA-CUST-0133,OLA-DRV-0064,Ola Prime,2024-01-18 10:01:16,2024-01-18 10:56:58,Ahmedabad,16.31,55.7,1.0,289.65,Cash,Completed,3.2,3.2
OLA-TRIP-01656,OLA-CUST-0198,OLA-DRV-0002,Ola Share,2023-09-15 05:09:09,2023-09-15 06:07:21,Kolkata,21.46,58.2,1.0,165.22,UPI,Completed,4.8,4.0
OLA-TRIP-01657,OLA-CUST-0156,OLA-DRV-0034,Ola Bike,2023-12-06 21:16:53,2023-12-06 22:55:23,Jaipur,22.49,98.5,1.0,149.94,UPI,Completed,4.0,3.8
OLA-TRIP-01658,OLA-CUST-0110,OLA-DRV-0086,Ola Prime,2025-03-21 14:31:10,2025-03-21 15:27:58,Mumbai,17.53,56.8,1.0,307.95,Credit Card,Completed,4.8,4.5
OLA-TRIP-01659,OLA-CUST-0141,OLA-DRV-0093,Ola Prime,2025-01-08 07:26:44,2025-01-08 07:32:26,Jaipur,1.52,5.7,1.0,67.8,UPI,Completed,3.7,3.5
OLA-TRIP-01660,OLA-CUST-0144,OLA-DRV-0013,Ola Auto,2025-07-16 10:51:15,,Kolkata,1.11,0.0,1.2,0.0,,Cancelled by Driver,,
OLA-TRIP-01661,OLA-CUST-0127,OLA-DRV-0056,Ola Mini,2024-09-10 02:01:18,,Chennai,13.4,0.0,1.0,0.0,,Cancelled by Driver,,
OLA-TRIP-01662,OLA-CUST-0038,OLA-DRV-0012,Ola Prime SUV,2025-12-04 05:57:43,,Bengaluru,8.81,0.0,1.5,0.0,,Cancelled by Rider,,
OLA-TRIP-01663,OLA-CUST-0027,OLA-DRV-0082,Ola Share,2024-11-15 22:56:33,2024-11-15 23:03:27,Hyderabad,1.72,6.9,1.2,32.45,UPI,Completed,3.8,4.6
OLA-TRIP-01664,OLA-CUST-0144,OLA-DRV-0015,Ola Bike,2023-08-10 15:31:40,2023-08-10 16:02:22,Kolkata,11.04,30.7,1.2,97.49,Credit Card,Completed,3.1,4.1
OLA-TRIP-01665,OLA-CUST-0017,OLA-DRV-0075,Ola Prime,2023-08-22 02:01:18,2023-08-22 02:43:18,Delhi,13.76,42.0,1.5,377.1,Cash,Completed,3.0,3.1
OLA-TRIP-01666,OLA-CUST-0111,OLA-DRV-0098,Ola Prime,2023-07-17 23:56:20,2023-07-18 00:59:26,Hyderabad,17.51,63.1,1.0,307.65,UPI,Completed,4.6,4.2
OLA-TRIP-01667,OLA-CUST-0141,OLA-DRV-0034,Ola Bike,2024-03-07 09:08:26,2024-03-07 10:23:32,Jaipur,20.49,75.1,1.5,206.91,Debit Card,Completed,4.3,3.9
OLA-TRIP-01668,OLA-CUST-0195,OLA-DRV-0048,Ola Auto,2024-05-01 08:03:24,2024-05-01 09:53:42,Kolkata,24.76,110.3,1.0,242.84,Ola Money,Completed,4.6,3.8
OLA-TRIP-01669,OLA-CUST-0081,OLA-DRV-0032,Ola Auto,2025-07-01 19:27:27,2025-07-01 20:00:03,Jaipur,12.17,32.6,1.5,194.3,UPI,Completed,4.1,3.5
OLA-TRIP-01670,OLA-CUST-0113,OLA-DRV-0003,Ola Prime SUV,2024-12-26 20:00:15,2024-12-26 21:10:27,Pune,19.15,70.2,1.0,423.85,Credit Card,Completed,3.7,4.2
OLA-TRIP-01671,OLA-CUST-0190,OLA-DRV-0094,Ola Bike,2023-02-12 18:44:47,2023-02-12 19:10:23,Delhi,7.59,25.6,1.5,90.81,Cash,Completed,3.3,3.5
OLA-TRIP-01672,OLA-CUST-0141,OLA-DRV-0074,Ola Bike,2024-11-12 00:29:14,2024-11-12 00:34:20,Jaipur,1.79,5.1,1.0,25.74,Ola Money,Completed,3.5,3.5
OLA-TRIP-01673,OLA-CUST-0080,OLA-DRV-0098,Ola Prime,2024-05-18 23:18:35,,Hyderabad,2.0,0.0,1.0,0.0,,Cancelled by Rider,,
OLA-TRIP-01674,OLA-CUST-0082,OLA-DRV-0020,Ola Bike,2025-02-04 03:08:11,2025-02-04 03:17:29,Pune,2.26,9.3,1.0,28.56,UPI,Completed,4.8,3.2
OLA-TRIP-01675,OLA-CUST-0126,OLA-DRV-0086,Ola Prime,2024-03-01 15:51:57,,Mumbai,21.8,0.0,1.0,0.0,,Cancelled by Driver,,
OLA-TRIP-01676,OLA-CUST-0122,OLA-DRV-0089,Ola Prime,2023-06-30 16:48:08,2023-06-30 16:51:14,Kochi,1.11,3.1,2.0,123.3,Credit Card,Completed,3.6,3.2
OLA-TRIP-01677,OLA-CUST-0177,OLA-DRV-0094,Ola Bike,2023-06-06 19:56:29,,Delhi,6.43,0.0,1.0,0.0,,Cancelled by Driver,,
OLA-TRIP-01678,OLA-CUST-0129,OLA-DRV-0071,Ola Auto,2025-03-18 09:51:33,2025-03-18 11:27:21,Mumbai,23.27,95.8,1.0,229.43,Debit Card,Completed,4.4,3.0
OLA-TRIP-01679,OLA-CUST-0014,OLA-DRV-0018,Ola Bike,2025-05-13 11:27:14,2025-05-13 13:13:26,Bengaluru,23.62,106.2,1.0,156.72,Cash,Completed,4.0,3.2
OLA-TRIP-01680,OLA-CUST-0001,OLA-DRV-0055,Ola Prime SUV,2024-02-21 22:37:18,2024-02-21 23:03:54,Kolkata,9.95,26.6,1.2,298.86,UPI,Completed,4.2,4.2
OLA-TRIP-01681,OLA-CUST-0069,OLA-DRV-0085,Ola Prime SUV,2024-02-13 04:32:29,2024-02-13 04:48:59,Bengaluru,5.99,16.5,1.0,173.81,Ola Money,Completed,3.4,3.7
OLA-TRIP-01682,OLA-CUST-0041,OLA-DRV-0066,Ola Bike,2025-02-21 09:06:18,2025-02-21 10:08:06,Chennai,24.37,61.8,1.0,161.22,Cash,Completed,4.4,3.7
OLA-TRIP-01683,OLA-CUST-0030,OLA-DRV-0096,Ola Prime SUV,2024-12-29 16:54:01,2024-12-29 17:37:25,Delhi,13.45,43.4,2.0,631.1,Ola Money,Completed,3.1,3.4
OLA-TRIP-01684,OLA-CUST-0100,OLA-DRV-0073,Ola Share,2024-07-27 05:34:34,2024-07-27 06:46:10,Ahmedabad,22.24,71.6,1.0,170.68,Debit Card,Completed,4.9,3.7
OLA-TRIP-01685,OLA-CUST-0126,OLA-DRV-0004,Ola Mini,2025-02-25 02:00:37,2025-02-25 02:16:07,Mumbai,6.05,15.5,1.2,115.86,Ola Money,Completed,4.7,5.0
OLA-TRIP-01686,OLA-CUST-0011,OLA-DRV-0044,Ola Auto,2025-12-29 12:42:49,2025-12-29 13:39:19,Mumbai,18.01,56.5,2.0,364.18,Debit Card,Completed,4.1,3.8
OLA-TRIP-01687,OLA-CUST-0098,OLA-DRV-0077,Ola Mini,2025-08-30 13:05:22,2025-08-30 13:52:34,Hyderabad,10.79,47.2,1.2,178.43,UPI,Completed,4.0,3.5
OLA-TRIP-01688,OLA-CUST-0194,OLA-DRV-0085,Ola Prime SUV,2023-08-14 13:37:04,2023-08-14 14:19:04,Bengaluru,14.21,42.0,1.0,329.99,Debit Card,Completed,4.0,3.6
OLA-TRIP-01689,OLA-CUST-0018,OLA-DRV-0010,Ola Prime,2025-04-29 23:55:08,2025-04-30 01:22:56,Hyderabad,21.36,87.8,1.2,438.48,Credit Card,Completed,3.6,3.7
OLA-TRIP-01690,OLA-CUST-0056,OLA-DRV-0040,Ola Bike,2023-10-24 16:37:17,2023-10-24 17:32:17,Chennai,21.0,55.0,1.0,141.0,Debit Card,Completed,4.8,3.4
OLA-TRIP-01691,OLA-CUST-0021,OLA-DRV-0063,Ola Prime,2025-02-17 07:41:28,,Pune,5.98,0.0,1.5,0.0,,Cancelled by Driver,,
OLA-TRIP-01692,OLA-CUST-0112,OLA-DRV-0032,Ola Auto,2024-04-16 04:44:58,2024-04-16 05:23:04,Jaipur,8.84,38.1,1.0,99.56,Debit Card,Completed,4.0,3.2
OLA-TRIP-01693,OLA-CUST-0033,OLA-DRV-0065,Ola Prime,2024-11-20 18:41:03,2024-11-20 19:33:09,Kolkata,13.04,52.1,1.0,240.6,Debit Card,Completed,4.2,3.3
OLA-TRIP-01694,OLA-CUST-0015,OLA-DRV-0021,Ola Mini,2025-01-29 22:09:12,2025-01-29 23:46:12,Ahmedabad,21.58,97.0,1.0,267.38,Cash,Completed,4.3,4.5
OLA-TRIP-01695,OLA-CUST-0049,OLA-DRV-0085,Ola Prime SUV,2025-02-25 23:30:30,2025-02-26 00:30:12,Bengaluru,16.0,59.7,1.2,436.8,UPI,Completed,3.2,3.6
OLA-TRIP-01696,OLA-CUST-0179,OLA-DRV-0062,Ola Auto,2023-06-18 02:59:52,2023-06-18 04:01:34,Mumbai,22.99,61.7,1.0,226.91,Ola Money,Completed,3.1,4.2
OLA-TRIP-01697,OLA-CUST-0024,OLA-DRV-0016,Ola Bike,2024-08-18 23:52:09,2024-08-19 00:21:15,Chennai,11.31,29.1,1.0,82.86,Ola Money,Completed,3.8,3.9
OLA-TRIP-01698,OLA-CUST-0088,OLA-DRV-0070,Ola Mini,2025-12-16 20:10:52,2025-12-16 21:54:46,Hyderabad,23.65,103.9,1.0,290.15,Cash,Completed,4.4,3.7
OLA-TRIP-01699,OLA-CUST-0093,OLA-DRV-0066,Ola Bike,2024-02-02 07:07:38,2024-02-02 07:18:08,Chennai,2.91,10.5,1.5,48.69,Ola Money,Completed,4.2,3.8
OLA-TRIP-01700,OLA-CUST-0134,OLA-DRV-0064,Ola Prime,2025-09-21 21:43:29,2025-09-21 22:56:53,Ahmedabad,24.54,73.4,1.2,495.72,Ola Money,Completed,3.3,3.3
OLA-TRIP-01701,OLA-CUST-0086,OLA-DRV-0052,Ola Share,2024-08-28 08:48:12,,Kochi,2.97,0.0,1.0,0.0,,Cancelled by Driver,,
OLA-TRIP-01702,OLA-CUST-0193,OLA-DRV-0082,Ola Share,2024-11-25 19:07:18,2024-11-25 20:34:36,Hyderabad,20.16,87.3,1.0,156.12,Credit Card,Completed,4.1,3.7
OLA-TRIP-01703,OLA-CUST-0005,OLA-DRV-0018,Ola Bike,2025-05-20 02:52:25,2025-05-20 03:36:49,Bengaluru,16.39,44.4,1.0,113.34,Credit Card,Completed,3.5,4.2
OLA-TRIP-01704,OLA-CUST-0075,OLA-DRV-0069,Ola Bike,2024-07-03 14:56:21,2024-07-03 15:35:15,Mumbai,9.27,38.9,1.0,70.62,Ola Money,Completed,3.0,4.3
OLA-TRIP-01705,OLA-CUST-0076,OLA-DRV-0098,Ola Prime,2023-04-18 15:49:51,2023-04-18 16:25:39,Hyderabad,9.98,35.8,1.5,292.05,Debit Card,Completed,4.6,4.9
OLA-TRIP-01706,OLA-CUST-0105,OLA-DRV-0051,Ola Mini,2025-09-23 16:20:50,2025-09-23 17:11:38,Chennai,16.69,50.8,1.0,213.59,Ola Money,Completed,5.0,4.1
OLA-TRIP-01707,OLA-CUST-0182,OLA-DRV-0030,Ola Share,2024-10-31 07:08:25,2024-10-31 08:01:19,Kochi,13.53,52.9,1.0,109.71,Debit Card,Completed,3.4,3.4
OLA-TRIP-01708,OLA-CUST-0020,OLA-DRV-0045,Ola Prime,2025-05-24 15:05:46,2025-05-24 15:44:04,Hyderabad,13.29,38.3,1.0,244.35,Debit Card,Completed,4.6,4.4
OLA-TRIP-01709,OLA-CUST-0184,OLA-DRV-0055,Ola Prime SUV,2023-12-18 17:47:03,2023-12-18 19:01:33,Kolkata,23.81,74.5,1.0,512.39,Debit Card,Completed,3.2,3.1
OLA-TRIP-01710,OLA-CUST-0113,OLA-DRV-0092,Ola Prime,2025-12-22 08:36:55,,Pune,9.23,0.0,1.2,0.0,,Cancelled by Driver,,
OLA-TRIP-01711,OLA-CUST-0021,OLA-DRV-0042,Ola Mini,2023-10-27 14:40:16,2023-10-27 15:01:16,Pune,5.77,21.0,1.0,93.47,Debit Card,Completed,3.9,3.2
OLA-TRIP-01712,OLA-CUST-0088,OLA-DRV-0019,Ola Bike,2023-09-29 17:58:16,2023-09-29 19:12:34,Hyderabad,21.05,74.3,1.2,169.56,Cash,Completed,4.4,3.7
OLA-TRIP-01713,OLA-CUST-0120,OLA-DRV-0008,Ola Auto,2023-07-05 01:06:28,2023-07-05 02:30:52,Mumbai,23.94,84.4,1.0,235.46,Credit Card,Completed,4.2,5.0
OLA-TRIP-01714,OLA-CUST-0137,OLA-DRV-0021,Ola Mini,2024-06-08 01:32:00,2024-06-08 02:14:30,Ahmedabad,10.98,42.5,1.0,150.78,Credit Card,Completed,4.4,3.8
OLA-TRIP-01715,OLA-CUST-0027,OLA-DRV-0010,Ola Prime,2025-01-09 12:15:51,2025-01-09 12:57:09,Hyderabad,9.61,41.3,1.0,189.15,Credit Card,Completed,4.7,4.2
OLA-TRIP-01716,OLA-CUST-0125,OLA-DRV-0014,Ola Mini,2023-03-05 04:02:17,2023-03-05 04:54:29,Bengaluru,14.92,52.2,1.0,194.12,Ola Money,Completed,4.4,4.6
OLA-TRIP-01717,OLA-CUST-0069,OLA-DRV-0085,Ola Prime SUV,2024-01-08 01:31:47,2024-01-08 02:46:41,Bengaluru,19.64,74.9,1.0,433.16,Ola Money,Completed,3.5,4.5
OLA-TRIP-01718,OLA-CUST-0013,OLA-DRV-0068,Ola Prime SUV,2025-08-27 09:12:02,2025-08-27 10:17:14,Ahmedabad,14.7,65.2,1.2,407.16,Credit Card,Completed,4.4,4.8
OLA-TRIP-01719,OLA-CUST-0061,OLA-DRV-0010,Ola Prime,2023-01-10 20:54:01,,Hyderabad,21.54,0.0,1.0,0.0,,Cancelled by Rider,,
OLA-TRIP-01720,OLA-CUST-0112,OLA-DRV-0032,Ola Auto,2023-03-22 00:58:41,2023-03-22 01:17:17,Jaipur,6.03,18.6,1.2,89.12,Cash,Completed,4.6,4.6
OLA-TRIP-01721,OLA-CUST-0047,OLA-DRV-0087,Ola Mini,2025-04-22 12:39:23,,Ahmedabad,3.65,0.0,2.0,0.0,,Cancelled by Rider,,
OLA-TRIP-01722,OLA-CUST-0055,OLA-DRV-0055,Ola Prime SUV,2024-08-03 14:55:33,,Kolkata,8.21,0.0,1.5,0.0,,Cancelled by Rider,,
OLA-TRIP-01723,OLA-CUST-0130,OLA-DRV-0024,Ola Prime,2023-09-19 02:45:18,2023-09-19 03:45:36,Delhi,22.53,60.3,1.0,382.95,Credit Card,Completed,4.7,3.6
OLA-TRIP-01724,OLA-CUST-0097,OLA-DRV-0028,Ola Prime,2024-03-22 04:23:08,2024-03-22 05:33:14,Pune,20.64,70.1,1.0,354.6,Cash,Completed,4.2,4.8
OLA-TRIP-01725,OLA-CUST-0108,OLA-DRV-0036,Ola Mini,2024-12-22 01:57:20,2024-12-22 02:39:08,Pune,14.45,41.8,1.0,188.95,UPI,Completed,3.3,3.8
OLA-TRIP-01726,OLA-CUST-0004,OLA-DRV-0047,Ola Bike,2025-03-23 18:52:26,2025-03-23 19:33:14,Mumbai,10.29,40.8,1.0,76.74,UPI,Completed,4.8,3.3
OLA-TRIP-01727,OLA-CUST-0014,OLA-DRV-0018,Ola Bike,2023-02-23 09:57:46,2023-02-23 11:12:22,Bengaluru,19.41,74.6,1.0,131.46,UPI,Completed,4.2,4.2
OLA-TRIP-01728,OLA-CUST-0086,OLA-DRV-0031,Ola Mini,2023-05-12 02:40:12,,Kochi,2.59,0.0,1.0,0.0,,Cancelled by Rider,,
OLA-TRIP-01729,OLA-CUST-0083,OLA-DRV-0080,Ola Auto,2025-07-04 22:19:10,2025-07-04 23:48:58,Bengaluru,24.64,89.8,2.0,483.52,Cash,Completed,3.4,3.1
OLA-TRIP-01730,OLA-CUST-0043,OLA-DRV-0043,Ola Bike,2024-12-07 23:17:28,2024-12-07 23:27:58,Bengaluru,4.0,10.5,1.0,39.0,UPI,Completed,3.1,3.7
OLA-TRIP-01731,OLA-CUST-0044,OLA-DRV-0089,Ola Prime,2023-08-09 02:51:32,2023-08-09 04:05:56,Kochi,18.54,74.4,1.0,323.1,Credit Card,Completed,4.8,3.0
OLA-TRIP-01732,OLA-CUST-0043,OLA-DRV-0057,Ola Prime SUV,2023-04-08 14:25:03,2023-04-08 15:18:09,Bengaluru,16.3,53.1,1.0,369.7,Ola Money,Completed,3.0,4.5
OLA-TRIP-01733,OLA-CUST-0195,OLA-DRV-0041,Ola Prime,2024-01-13 19:28:29,2024-01-13 20:09:17,Kolkata,9.33,40.8,1.2,221.94,Cash,Completed,3.3,4.8
OLA-TRIP-01734,OLA-CUST-0120,OLA-DRV-0011,Ola Bike,2023-08-27 01:57:45,,Mumbai,21.37,0.0,1.5,0.0,,Cancelled by Rider,,
OLA-TRIP-01735,OLA-CUST-0170,OLA-DRV-0020,Ola Bike,2024-12-04 16:05:28,,Pune,6.68,0.0,1.0,0.0,,Cancelled by Rider,,
OLA-TRIP-01736,OLA-CUST-0004,OLA-DRV-0006,Ola Prime SUV,2025-04-21 20:26:17,2025-04-21 21:18:59,Mumbai,19.32,52.7,1.2,512.5,Cash,Completed,3.3,3.0
OLA-TRIP-01737,OLA-CUST-0082,OLA-DRV-0036,Ola Mini,2025-02-19 04:29:39,2025-02-19 04:54:51,Pune,9.63,25.2,1.2,163.12,UPI,Completed,4.9,4.2
OLA-TRIP-01738,OLA-CUST-0109,OLA-DRV-0058,Ola Share,2024-08-17 23:48:29,2024-08-18 00:53:05,Delhi,19.13,64.6,1.2,178.69,Ola Money,Completed,3.1,4.7
OLA-TRIP-01739,OLA-CUST-0079,OLA-DRV-0010,Ola Prime,2024-05-25 09:42:32,2024-05-25 09:50:50,Hyderabad,2.21,8.3,1.0,78.15,Credit Card,Completed,3.4,3.3
OLA-TRIP-01740,OLA-CUST-0001,OLA-DRV-0037,Ola Prime,2024-07-16 15:30:41,2024-07-16 16:21:59,Kolkata,12.43,51.3,1.5,347.17,Debit Card,Completed,3.2,4.0
OLA-TRIP-01741,OLA-CUST-0049,OLA-DRV-0018,Ola Bike,2025-12-07 12:22:05,2025-12-07 12:44:23,Bengaluru,5.26,22.3,1.0,46.56,Debit Card,Completed,3.5,4.6
OLA-TRIP-01742,OLA-CUST-0049,OLA-DRV-0018,Ola Bike,2023-08-17 08:59:21,2023-08-17 09:14:33,Bengaluru,3.97,15.2,1.5,58.23,UPI,Completed,4.5,3.1
OLA-TRIP-01743,OLA-CUST-0067,OLA-DRV-0076,Ola Share,2024-11-06 22:55:41,2024-11-07 00:09:53,Delhi,17.64,74.2,1.0,138.48,UPI,Completed,4.2,3.9
OLA-TRIP-01744,OLA-CUST-0049,OLA-DRV-0057,Ola Prime SUV,2024-07-16 09:03:28,,Bengaluru,16.56,0.0,1.0,0.0,,No Show,,
OLA-TRIP-01745,OLA-CUST-0024,OLA-DRV-0056,Ola Mini,2023-01-27 03:26:21,,Chennai,8.75,0.0,1.2,0.0,,Cancelled by Driver,,
OLA-TRIP-01746,OLA-CUST-0172,OLA-DRV-0019,Ola Bike,2025-10-28 10:00:58,2025-10-28 10:28:40,Hyderabad,7.87,27.7,1.0,62.22,Debit Card,Completed,4.9,3.4
OLA-TRIP-01747,OLA-CUST-0020,OLA-DRV-0019,Ola Bike,2025-07-27 10:11:09,2025-07-27 10:17:45,Hyderabad,2.33,6.6,1.5,43.47,Cash,Completed,3.9,4.4
OLA-TRIP-01748,OLA-CUST-0169,OLA-DRV-0047,Ola Bike,2023-03-10 18:15:26,2023-03-10 18:46:50,Mumbai,7.58,31.4,1.0,60.48,Credit Card,Completed,4.2,4.1
OLA-TRIP-01749,OLA-CUST-0078,OLA-DRV-0043,Ola Bike,2025-05-08 16:01:24,2025-05-08 16:33:48,Bengaluru,12.76,32.4,1.2,109.87,Credit Card,Completed,4.9,3.8
OLA-TRIP-01750,OLA-CUST-0196,OLA-DRV-0013,Ola Auto,2025-11-14 08:16:31,2025-11-14 08:40:25,Kolkata,6.99,23.9,1.2,99.49,Ola Money,Completed,3.3,4.7
OLA-TRIP-01751,OLA-CUST-0182,OLA-DRV-0050,Ola Prime SUV,2023-05-26 21:52:40,2023-05-26 22:52:34,Kochi,19.15,59.9,1.0,423.85,Debit Card,Completed,3.1,4.4
OLA-TRIP-01752,OLA-CUST-0105,OLA-DRV-0029,Ola Bike,2025-06-14 15:50:35,2025-06-14 16:15:47,Chennai,8.76,25.2,1.0,67.56,Ola Money,Completed,4.1,3.7
OLA-TRIP-01753,OLA-CUST-0108,OLA-DRV-0022,Ola Share,2023-03-18 19:54:51,2023-03-18 20:57:45,Pune,15.96,62.9,1.2,152.06,UPI,Completed,3.8,3.3
OLA-TRIP-01754,OLA-CUST-0027,OLA-DRV-0082,Ola Share,2023-07-22 07:21:08,2023-07-22 07:57:50,Hyderabad,9.37,36.7,1.0,80.59,Ola Money,Completed,5.0,3.5
OLA-TRIP-01755,OLA-CUST-0026,OLA-DRV-0001,Ola Auto,2025-09-13 11:23:50,2025-09-13 12:09:26,Chennai,12.71,45.6,1.0,134.39,UPI,Completed,3.6,3.2
OLA-TRIP-01756,OLA-CUST-0100,OLA-DRV-0073,Ola Share,2023-02-11 16:44:14,2023-02-11 17:27:14,Ahmedabad,11.32,43.0,1.2,113.09,Debit Card,Completed,4.6,3.3
OLA-TRIP-01757,OLA-CUST-0142,OLA-DRV-0030,Ola Share,2024-08-11 10:52:32,2024-08-11 11:05:26,Kochi,4.51,12.9,2.0,93.14,UPI,Completed,3.1,3.4
OLA-TRIP-01758,OLA-CUST-0186,OLA-DRV-0014,Ola Mini,2023-08-21 03:33:38,2023-08-21 04:01:14,Bengaluru,6.33,27.6,1.0,99.63,Cash,Completed,4.3,3.6
OLA-TRIP-01759,OLA-CUST-0019,OLA-DRV-0015,Ola Bike,2024-12-06 05:51:07,2024-12-06 06:45:13,Kolkata,16.25,54.1,1.0,112.5,Debit Card,Completed,4.6,5.0
OLA-TRIP-01760,OLA-CUST-0085,OLA-DRV-0005,Ola Share,2024-07-08 10:43:27,,Ahmedabad,3.54,0.0,1.5,0.0,,Cancelled by Driver,,
OLA-TRIP-01761,OLA-CUST-0098,OLA-DRV-0045,Ola Prime,2023-05-09 21:50:19,2023-05-09 22:49:25,Hyderabad,14.13,59.1,1.0,256.95,UPI,Completed,3.1,3.4
OLA-TRIP-01762,OLA-CUST-0032,OLA-DRV-0041,Ola Prime,2023-01-20 08:34:56,2023-01-20 09:37:38,Kolkata,22.08,62.7,1.0,376.2,UPI,Completed,3.9,3.7
OLA-TRIP-01763,OLA-CUST-0022,OLA-DRV-0058,Ola Share,2023-08-17 04:30:16,2023-08-17 05:00:34,Delhi,11.58,30.3,1.0,96.06,Credit Card,Completed,3.1,3.2
OLA-TRIP-01764,OLA-CUST-0181,OLA-DRV-0019,Ola Bike,2025-01-11 19:40:34,2025-01-11 19:45:04,Hyderabad,1.33,4.5,1.0,22.98,Cash,Completed,3.3,3.3
OLA-TRIP-01765,OLA-CUST-0038,OLA-DRV-0085,Ola Prime SUV,2025-07-02 10:05:10,,Bengaluru,22.54,0.0,1.0,0.0,,Cancelled by Driver,,
OLA-TRIP-01766,OLA-CUST-0142,OLA-DRV-0052,Ola Share,2024-09-18 21:41:26,,Kochi,18.87,0.0,1.2,0.0,,Cancelled by Driver,,
OLA-TRIP-01767,OLA-CUST-0096,OLA-DRV-0072,Ola Prime,2023-06-11 01:42:09,2023-06-11 02:58:15,Chennai,19.93,76.1,1.0,343.95,Ola Money,Completed,3.4,3.7
OLA-TRIP-01768,OLA-CUST-0008,OLA-DRV-0058,Ola Share,2023-02-10 11:22:22,2023-02-10 11:43:28,Delhi,7.1,21.1,1.0,64.7,Debit Card,Completed,3.5,3.7
OLA-TRIP-01769,OLA-CUST-0006,OLA-DRV-0042,Ola Mini,2024-03-03 07:49:06,2024-03-03 08:17:54,Pune,9.57,28.8,1.0,135.27,Ola Money,Completed,5.0,3.2
OLA-TRIP-01770,OLA-CUST-0080,OLA-DRV-0010,Ola Prime,2025-08-21 12:55:44,2025-08-21 13:35:38,Hyderabad,9.52,39.9,2.0,375.6,Ola Money,Completed,3.7,5.0
OLA-TRIP-01771,OLA-CUST-0081,OLA-DRV-0093,Ola Prime,2023-09-21 13:01:31,2023-09-21 13:28:31,Jaipur,8.75,27.0,1.0,176.25,Cash,Completed,4.8,4.1
OLA-TRIP-01772,OLA-CUST-0111,OLA-DRV-0019,Ola Bike,2023-06-18 22:55:49,2023-06-18 23:37:43,Hyderabad,11.65,41.9,1.0,84.9,Ola Money,Completed,4.8,3.3
OLA-TRIP-01773,OLA-CUST-0158,OLA-DRV-0051,Ola Mini,2024-07-14 04:26:11,2024-07-14 04:37:41,Chennai,2.63,11.5,1.0,58.93,Debit Card,Completed,3.0,3.6
OLA-TRIP-01774,OLA-CUST-0048,OLA-DRV-0034,Ola Bike,2023-06-23 19:21:20,2023-06-23 19:49:32,Jaipur,6.29,28.2,1.0,52.74,UPI,Completed,4.7,3.8
OLA-TRIP-01775,OLA-CUST-0088,OLA-DRV-0098,Ola Prime,2024-08-11 06:29:02,2024-08-11 07:29:44,Hyderabad,15.19,60.7,1.5,409.28,Cash,Completed,4.1,3.6
OLA-TRIP-01776,OLA-CUST-0192,OLA-DRV-0054,Ola Auto,2024-06-07 11:46:11,2024-06-07 12:07:47,Ahmedabad,6.19,21.6,1.0,75.71,Debit Card,Completed,3.8,3.7
OLA-TRIP-01777,OLA-CUST-0199,OLA-DRV-0056,Ola Mini,2024-01-30 14:54:26,,Chennai,2.48,0.0,1.0,0.0,,No Show,,
OLA-TRIP-01778,OLA-CUST-0176,OLA-DRV-0075,Ola Prime,2024-03-30 12:11:14,2024-03-30 12:22:26,Delhi,2.57,11.2,1.0,83.55,Debit Card,Completed,4.7,4.7
OLA-TRIP-01779,OLA-CUST-0019,OLA-DRV-0039,Ola Mini,2023-11-14 16:49:48,2023-11-14 17:27:06,Kolkata,10.03,37.3,1.0,140.33,Ola Money,Completed,3.2,4.5
OLA-TRIP-01780,OLA-CUST-0026,OLA-DRV-0016,Ola Bike,2023-04-16 11:10:17,,Chennai,12.45,0.0,1.0,0.0,,Cancelled by Rider,,
OLA-TRIP-01781,OLA-CUST-0126,OLA-DRV-0071,Ola Auto,2023-12-18 14:34:37,,Mumbai,13.11,0.0,1.0,0.0,,Cancelled by Driver,,
OLA-TRIP-01782,OLA-CUST-0026,OLA-DRV-0029,Ola Bike,2023-04-03 16:02:02,2023-04-03 17:01:50,Chennai,19.16,59.8,1.2,155.95,Cash,Completed,4.7,4.7
OLA-TRIP-01783,OLA-CUST-0040,OLA-DRV-0052,Ola Share,2025-10-08 09:14:56,2025-10-08 10:01:44,Kochi,11.76,46.8,1.5,145.98,Credit Card,Completed,4.7,3.4
OLA-TRIP-01784,OLA-CUST-0035,OLA-DRV-0029,Ola Bike,2024-04-05 01:54:14,2024-04-05 02:23:20,Chennai,6.97,29.1,1.0,56.82,Debit Card,Completed,3.6,4.4
OLA-TRIP-01785,OLA-CUST-0112,OLA-DRV-0032,Ola Auto,2024-09-15 17:59:34,,Jaipur,14.24,0.0,1.0,0.0,,Cancelled by Rider,,
OLA-TRIP-01786,OLA-CUST-0073,OLA-DRV-0032,Ola Auto,2024-09-19 13:52:44,2024-09-19 14:05:50,Jaipur,4.54,13.1,1.2,73.03,Credit Card,Completed,4.1,3.2
OLA-TRIP-01787,OLA-CUST-0131,OLA-DRV-0006,Ola Prime SUV,2025-07-26 10:02:04,2025-07-26 10:32:16,Mumbai,7.6,30.2,1.0,204.4,Credit Card,Completed,4.8,3.9
OLA-TRIP-01788,OLA-CUST-0133,OLA-DRV-0021,Ola Mini,2023-08-10 10:28:52,2023-08-10 10:45:58,Ahmedabad,5.03,17.1,1.0,85.33,Debit Card,Completed,3.3,4.2
OLA-TRIP-01789,OLA-CUST-0177,OLA-DRV-0024,Ola Prime,2025-04-09 11:59:04,2025-04-09 12:52:28,Delhi,13.31,53.4,1.0,244.65,Cash,Completed,4.0,3.7
OLA-TRIP-01790,OLA-CUST-0074,OLA-DRV-0027,Ola Auto,2023-07-26 20:56:56,2023-07-26 21:36:08,Chennai,14.48,39.2,1.0,150.32,Cash,Completed,3.5,4.5
OLA-TRIP-01791,OLA-CUST-0060,OLA-DRV-0097,Ola Share,2023-06-17 23:25:31,,Jaipur,12.19,0.0,1.5,0.0,,No Show,,
OLA-TRIP-01792,OLA-CUST-0176,OLA-DRV-0094,Ola Bike,2025-08-08 23:16:16,2025-08-08 23:32:16,Delhi,3.65,16.0,1.0,36.9,Ola Money,Completed,3.2,4.3
OLA-TRIP-01793,OLA-CUST-0108,OLA-DRV-0028,Ola Prime,2024-07-04 14:36:41,2024-07-04 15:09:59,Pune,10.36,33.3,1.5,300.6,Credit Card,Completed,4.6,3.3
OLA-TRIP-01794,OLA-CUST-0142,OLA-DRV-0060,Ola Auto,2023-05-13 23:46:46,2023-05-14 00:06:28,Kochi,5.21,19.7,1.2,80.27,Credit Card,Completed,3.7,4.9
OLA-TRIP-01795,OLA-CUST-0160,OLA-DRV-0045,Ola Prime,2025-05-19 11:03:02,,Hyderabad,10.31,0.0,1.0,0.0,,Cancelled by Rider,,
OLA-TRIP-01796,OLA-CUST-0078,OLA-DRV-0018,Ola Bike,2025-06-07 23:50:55,2025-06-08 00:13:01,Bengaluru,4.95,22.1,1.0,44.7,Ola Money,Completed,3.5,4.7
OLA-TRIP-01797,OLA-CUST-0136,OLA-DRV-0082,Ola Share,2024-01-16 02:11:40,2024-01-16 02:40:04,Hyderabad,7.17,28.4,1.0,65.19,Debit Card,Completed,3.5,4.4
OLA-TRIP-01798,OLA-CUST-0052,OLA-DRV-0021,Ola Mini,2024-07-10 14:00:27,2024-07-10 14:44:21,Ahmedabad,13.53,43.9,1.0,178.83,Debit Card,Completed,4.7,4.2
OLA-TRIP-01799,OLA-CUST-0196,OLA-DRV-0037,Ola Prime,2025-02-04 09:38:05,2025-02-04 11:19:35,Kolkata,23.43,101.5,1.0,396.45,UPI,Completed,3.6,4.0
OLA-TRIP-01800,OLA-CUST-0014,OLA-DRV-0085,Ola Prime SUV,2025-09-12 21:37:55,2025-09-12 21:56:49,Bengaluru,7.49,18.9,1.2,242.77,Ola Money,Completed,3.1,4.7
OLA-TRIP-01801,OLA-CUST-0116,OLA-DRV-0071,Ola Auto,2024-05-26 08:39:09,2024-05-26 08:54:03,Mumbai,5.76,14.9,1.0,71.84,Ola Money,Completed,3.6,3.7
OLA-TRIP-01802,OLA-CUST-0006,OLA-DRV-0026,Ola Auto,2024-09-26 04:37:59,2024-09-26 05:57:59,Pune,23.85,80.0,1.0,234.65,Debit Card,Completed,3.3,3.2
OLA-TRIP-01803,OLA-CUST-0192,OLA-DRV-0064,Ola Prime,2025-12-19 03:37:08,2025-12-19 04:14:26,Ahmedabad,9.14,37.3,1.0,182.1,UPI,Completed,3.5,4.0
OLA-TRIP-01804,OLA-CUST-0029,OLA-DRV-0076,Ola Share,2025-08-31 03:54:16,2025-08-31 04:26:04,Delhi,9.74,31.8,1.2,99.82,Cash,Completed,4.6,3.8
OLA-TRIP-01805,OLA-CUST-0063,OLA-DRV-0029,Ola Bike,2024-08-15 09:09:24,2024-08-15 09:32:42,Chennai,5.57,23.3,1.0,48.42,Credit Card,Completed,4.8,4.6
OLA-TRIP-01806,OLA-CUST-0138,OLA-DRV-0040,Ola Bike,2024-11-16 22:07:39,2024-11-16 22:50:27,Chennai,13.43,42.8,1.0,95.58,Ola Money,Completed,3.3,3.2
OLA-TRIP-01807,OLA-CUST-0068,OLA-DRV-0012,Ola Prime SUV,2024-11-19 04:59:20,,Bengaluru,21.98,0.0,1.0,0.0,,Cancelled by Rider,,
OLA-TRIP-01808,OLA-CUST-0026,OLA-DRV-0081,Ola Share,2024-10-30 00:40:37,2024-10-30 01:10:31,Chennai,10.33,29.9,1.0,87.31,Cash,Completed,4.3,4.6
OLA-TRIP-01809,OLA-CUST-0038,OLA-DRV-0043,Ola Bike,2023-10-09 15:08:59,,Bengaluru,9.89,0.0,1.0,0.0,,No Show,,
OLA-TRIP-01810,OLA-CUST-0031,OLA-DRV-0045,Ola Prime,2024-02-25 14:19:13,2024-02-25 15:53:25,Hyderabad,22.53,94.2,1.0,382.95,Credit Card,Completed,3.5,3.0
OLA-TRIP-01811,OLA-CUST-0135,OLA-DRV-0043,Ola Bike,2023-01-20 09:42:21,2023-01-20 10:49:03,Bengaluru,20.23,66.7,1.0,136.38,Ola Money,Completed,3.0,4.9
OLA-TRIP-01812,OLA-CUST-0041,OLA-DRV-0027,Ola Auto,2025-03-09 22:28:20,2025-03-09 23:07:56,Chennai,13.84,39.6,1.0,144.56,Ola Money,Completed,4.0,4.6
OLA-TRIP-01813,OLA-CUST-0189,OLA-DRV-0043,Ola Bike,2023-09-04 04:13:04,,Bengaluru,6.07,0.0,1.0,0.0,,No Show,,
OLA-TRIP-01814,OLA-CUST-0102,OLA-DRV-0022,Ola Share,2023-10-16 19:08:03,2023-10-16 20:02:15,Pune,15.92,54.2,1.0,126.44,UPI,Completed,4.6,3.3
OLA-TRIP-01815,OLA-CUST-0076,OLA-DRV-0070,Ola Mini,2024-08-04 10:59:45,2024-08-04 11:20:21,Hyderabad,7.12,20.6,1.2,129.98,Ola Money,Completed,4.1,3.6
OLA-TRIP-01816,OLA-CUST-0128,OLA-DRV-0025,Ola Prime,2023-04-29 19:24:40,2023-04-29 20:06:34,Ahmedabad,15.02,41.9,1.5,405.45,Ola Money,Completed,3.6,4.2
OLA-TRIP-01817,OLA-CUST-0131,OLA-DRV-0004,Ola Mini,2023-11-09 15:11:41,2023-11-09 16:02:59,Mumbai,15.86,51.3,2.0,408.92,Debit Card,Completed,4.0,3.9
OLA-TRIP-01818,OLA-CUST-0063,OLA-DRV-0072,Ola Prime,2023-05-27 15:55:58,2023-05-27 17:09:16,Chennai,19.34,73.3,1.0,335.1,UPI,Completed,3.1,4.9
OLA-TRIP-01819,OLA-CUST-0028,OLA-DRV-0090,Ola Mini,2023-09-06 05:49:17,2023-09-06 06:49:35,Kochi,18.45,60.3,1.2,279.54,UPI,Completed,4.6,4.2
OLA-TRIP-01820,OLA-CUST-0180,OLA-DRV-0067,Ola Share,2024-01-09 19:41:06,2024-01-09 19:52:12,Delhi,3.53,11.1,1.0,39.71,Debit Card,Completed,4.6,3.0
OLA-TRIP-01821,OLA-CUST-0041,OLA-DRV-0051,Ola Mini,2023-01-03 15:10:26,2023-01-03 15:27:26,Chennai,5.29,17.0,1.0,88.19,Debit Card,Completed,4.0,4.0
OLA-TRIP-01822,OLA-CUST-0136,OLA-DRV-0070,Ola Mini,2024-04-16 15:25:06,2024-04-16 16:38:12,Hyderabad,16.95,73.1,2.0,432.9,Debit Card,Completed,4.2,3.1
OLA-TRIP-01823,OLA-CUST-0064,OLA-DRV-0044,Ola Auto,2024-05-30 17:32:02,2024-05-30 18:18:50,Mumbai,18.55,46.8,1.2,224.34,Cash,Completed,4.4,3.4
OLA-TRIP-01824,OLA-CUST-0128,OLA-DRV-0073,Ola Share,2024-12-04 11:20:14,2024-12-04 11:37:38,Ahmedabad,4.17,17.4,1.0,44.19,Debit Card,Completed,4.8,3.6
OLA-TRIP-01825,OLA-CUST-0022,OLA-DRV-0076,Ola Share,2023-10-10 06:44:58,2023-10-10 07:21:10,Delhi,9.49,36.2,1.5,122.15,Cash,Completed,3.0,4.2
OLA-TRIP-01826,OLA-CUST-0092,OLA-DRV-0095,Ola Mini,2025-01-10 19:50:07,2025-01-10 20:33:49,Mumbai,16.81,43.7,1.0,214.91,UPI,Completed,4.6,4.1
OLA-TRIP-01827,OLA-CUST-0157,OLA-DRV-0061,Ola Bike,2025-07-08 08:43:03,2025-07-08 08:58:27,Delhi,5.66,15.4,1.0,48.96,Debit Card,Completed,3.7,3.9
OLA-TRIP-01828,OLA-CUST-0160,OLA-DRV-0082,Ola Share,2024-09-07 13:03:30,,Hyderabad,15.79,0.0,1.0,0.0,,Cancelled by Driver,,
OLA-TRIP-01829,OLA-CUST-0079,OLA-DRV-0098,Ola Prime,2023-05-24 19:38:13,2023-05-24 19:53:31,Hyderabad,4.45,15.3,1.5,167.62,Cash,Completed,4.2,3.8
OLA-TRIP-01830,OLA-CUST-0189,OLA-DRV-0057,Ola Prime SUV,2025-01-21 23:45:19,2025-01-22 00:39:49,Bengaluru,20.05,54.5,1.2,529.14,Cash,Completed,3.9,4.4
OLA-TRIP-01831,OLA-CUST-0113,OLA-DRV-0083,Ola Mini,2024-09-05 01:22:05,2024-09-05 02:31:47,Pune,19.97,69.7,1.0,249.67,Ola Money,Completed,4.2,4.5
OLA-TRIP-01832,OLA-CUST-0153,OLA-DRV-0017,Ola Prime SUV,2023-04-08 12:56:19,2023-04-08 14:00:49,Delhi,21.71,64.5,1.0,472.49,Credit Card,Completed,4.9,3.7
OLA-TRIP-01833,OLA-CUST-0064,OLA-DRV-0086,Ola Prime,2024-10-26 05:15:39,2024-10-26 05:51:39,Mumbai,13.46,36.0,1.0,246.9,Debit Card,Completed,3.4,3.6
OLA-TRIP-01834,OLA-CUST-0111,OLA-DRV-0098,Ola Prime,2025-09-10 22:37:07,2025-09-10 23:47:01,Hyderabad,16.67,69.9,1.5,442.58,Cash,Completed,4.9,4.1
OLA-TRIP-01835,OLA-CUST-0043,OLA-DRV-0053,Ola Prime SUV,2024-10-14 01:48:07,2024-10-14 01:59:55,Bengaluru,3.65,11.8,1.0,129.35,Credit Card,Completed,4.8,3.3
OLA-TRIP-01836,OLA-CUST-0183,OLA-DRV-0066,Ola Bike,2024-11-01 22:25:32,2024-11-01 23:10:32,Chennai,12.41,45.0,1.0,89.46,UPI,Completed,3.7,3.4
OLA-TRIP-01837,OLA-CUST-0183,OLA-DRV-0016,Ola Bike,2025-06-26 13:51:27,2025-06-26 14:01:57,Chennai,2.38,10.5,1.0,29.28,Cash,Completed,3.7,3.6
OLA-TRIP-01838,OLA-CUST-0043,OLA-DRV-0057,Ola Prime SUV,2025-05-16 10:15:29,2025-05-16 11:08:53,Bengaluru,17.11,53.4,1.2,462.11,Cash,Completed,3.2,3.3
OLA-TRIP-01839,OLA-CUST-0045,OLA-DRV-0092,Ola Prime,2024-08-29 13:54:09,2024-08-29 14:27:57,Pune,12.08,33.8,1.0,226.2,Credit Card,Completed,4.3,3.7
OLA-TRIP-01840,OLA-CUST-0056,OLA-DRV-0040,Ola Bike,2023-04-01 20:14:31,2023-04-01 20:58:25,Chennai,12.13,43.9,1.5,131.67,Credit Card,Completed,4.3,3.6
OLA-TRIP-01841,OLA-CUST-0094,OLA-DRV-0068,Ola Prime SUV,2024-12-12 19:05:16,2024-12-12 20:37:46,Ahmedabad,23.34,92.5,1.0,503.46,Debit Card,Completed,4.4,3.5
OLA-TRIP-01842,OLA-CUST-0126,OLA-DRV-0071,Ola Auto,2023-06-11 01:05:40,2023-06-11 01:12:16,Mumbai,1.9,6.6,1.5,55.65,Debit Card,Completed,3.3,3.9
OLA-TRIP-01843,OLA-CUST-0105,OLA-DRV-0051,Ola Mini,2025-09-05 05:26:59,2025-09-05 06:41:59,Chennai,19.21,75.0,1.0,241.31,Cash,Completed,4.9,3.8
OLA-TRIP-01844,OLA-CUST-0036,OLA-DRV-0089,Ola Prime,2025-06-23 02:55:41,2025-06-23 03:54:29,Kochi,22.97,58.8,1.0,389.55,Credit Card,Completed,4.5,3.2
OLA-TRIP-01845,OLA-CUST-0005,OLA-DRV-0085,Ola Prime SUV,2023-01-18 19:01:59,2023-01-18 20:27:53,Bengaluru,19.89,85.9,1.0,437.91,Ola Money,Completed,4.4,4.1
OLA-TRIP-01846,OLA-CUST-0122,OLA-DRV-0038,Ola Prime,2024-06-05 19:51:27,,Kochi,14.16,0.0,1.5,0.0,,Cancelled by Rider,,
OLA-TRIP-01847,OLA-CUST-0128,OLA-DRV-0087,Ola Mini,2023-10-15 14:30:56,2023-10-15 15:19:44,Ahmedabad,14.92,48.8,1.0,194.12,Debit Card,Completed,5.0,4.9
OLA-TRIP-01848,OLA-CUST-0068,OLA-DRV-0057,Ola Prime SUV,2024-12-19 17:14:48,2024-12-19 18:09:18,Bengaluru,18.67,54.5,1.0,414.73,Debit Card,Completed,5.0,4.0
OLA-TRIP-01849,OLA-CUST-0159,OLA-DRV-0066,Ola Bike,2023-10-09 03:45:10,2023-10-09 04:01:04,Chennai,3.77,15.9,1.0,37.62,Credit Card,Completed,4.0,4.5
OLA-TRIP-01850,OLA-CUST-0126,OLA-DRV-0069,Ola Bike,2024-05-16 10:20:49,2024-05-16 11:56:55,Mumbai,24.69,96.1,1.0,163.14,UPI,Completed,3.9,3.0
OLA-TRIP-01851,OLA-CUST-0040,OLA-DRV-0031,Ola Mini,2025-05-31 16:06:54,2025-05-31 17:11:36,Kochi,22.42,64.7,1.0,276.62,Ola Money,Completed,4.9,3.1
OLA-TRIP-01852,OLA-CUST-0041,OLA-DRV-0051,Ola Mini,2025-10-23 03:34:54,2025-10-23 04:10:42,Chennai,12.01,35.8,1.0,162.11,Debit Card,Completed,4.7,3.1
OLA-TRIP-01853,OLA-CUST-0078,OLA-DRV-0053,Ola Prime SUV,2025-04-25 14:47:46,2025-04-25 15:10:52,Bengaluru,5.24,23.1,1.0,159.56,Debit Card,Completed,4.2,3.3
OLA-TRIP-01854,OLA-CUST-0020,OLA-DRV-0077,Ola Mini,2024-02-27 12:55:07,,Hyderabad,3.79,0.0,1.2,0.0,,No Show,,
OLA-TRIP-01855,OLA-CUST-0086,OLA-DRV-0049,Ola Mini,2025-08-25 17:57:31,2025-08-25 18:01:37,Kochi,1.3,4.1,1.0,44.3,Cash,Completed,3.9,3.2
OLA-TRIP-01856,OLA-CUST-0181,OLA-DRV-0077,Ola Mini,2023-08-30 13:17:35,2023-08-30 14:48:05,Hyderabad,21.05,90.5,1.5,392.33,Cash,Completed,3.6,4.7
OLA-TRIP-01857,OLA-CUST-0183,OLA-DRV-0029,Ola Bike,2025-03-22 22:27:10,2025-03-23 00:02:46,Chennai,22.84,95.6,1.0,152.04,Debit Card,Completed,4.5,3.3
OLA-TRIP-01858,OLA-CUST-0190,OLA-DRV-0094,Ola Bike,2023-07-03 18:25:02,2023-07-03 18:51:32,Delhi,6.91,26.5,1.0,56.46,UPI,Completed,3.4,4.9
OLA-TRIP-01859,OLA-CUST-0156,OLA-DRV-0093,Ola Prime,2025-02-07 04:06:55,2025-02-07 05:29:43,Jaipur,20.54,82.8,1.0,353.1,Debit Card,Completed,3.3,3.1
OLA-TRIP-01860,OLA-CUST-0107,OLA-DRV-0054,Ola Auto,2023-11-10 04:59:07,2023-11-10 05:05:25,Ahmedabad,1.61,6.3,1.0,34.49,UPI,Completed,4.7,3.3
OLA-TRIP-01861,OLA-CUST-0194,OLA-DRV-0043,Ola Bike,2024-05-22 04:28:56,2024-05-22 05:04:02,Bengaluru,12.3,35.1,1.0,88.8,UPI,Completed,4.3,3.3
OLA-TRIP-01862,OLA-CUST-0093,OLA-DRV-0027,Ola Auto,2023-05-19 22:08:36,,Chennai,2.91,0.0,2.0,0.0,,Cancelled by Rider,,
OLA-TRIP-01863,OLA-CUST-0097,OLA-DRV-0026,Ola Auto,2024-03-14 20:05:16,2024-03-14 21:29:58,Pune,19.41,84.7,1.0,194.69,Cash,Completed,4.7,4.2
OLA-TRIP-01864,OLA-CUST-0143,OLA-DRV-0082,Ola Share,2025-12-30 01:17:30,2025-12-30 02:40:42,Hyderabad,20.87,83.2,1.0,161.09,Ola Money,Completed,3.5,4.6
OLA-TRIP-01865,OLA-CUST-0162,OLA-DRV-0030,Ola Share,2023-01-03 08:49:08,2023-01-03 09:25:50,Kochi,12.57,36.7,1.0,102.99,Ola Money,Completed,3.1,3.4
OLA-TRIP-01866,OLA-CUST-0142,OLA-DRV-0100,Ola Bike,2024-07-11 21:41:48,,Kochi,17.7,0.0,1.5,0.0,,Cancelled by Driver,,
OLA-TRIP-01867,OLA-CUST-0022,OLA-DRV-0076,Ola Share,2023-03-13 03:35:27,2023-03-13 03:40:21,Delhi,1.91,4.9,1.2,34.04,Credit Card,Completed,4.9,3.8
OLA-TRIP-01868,OLA-CUST-0080,OLA-DRV-0098,Ola Prime,2025-09-26 08:36:39,2025-09-26 08:41:45,Hyderabad,1.18,5.1,1.2,75.24,Credit Card,Completed,3.8,4.2
OLA-TRIP-01869,OLA-CUST-0078,OLA-DRV-0018,Ola Bike,2023-07-21 00:05:13,2023-07-21 01:26:13,Bengaluru,22.81,81.0,1.0,151.86,Credit Card,Completed,3.9,3.4
OLA-TRIP-01870,OLA-CUST-0008,OLA-DRV-0017,Ola Prime SUV,2024-10-13 15:11:22,2024-10-13 15:27:34,Delhi,5.25,16.2,1.0,159.75,UPI,Completed,3.6,3.6
OLA-TRIP-01871,OLA-CUST-0081,OLA-DRV-0097,Ola Share,2025-02-08 16:18:42,2025-02-08 17:26:12,Jaipur,23.17,67.5,1.0,177.19,UPI,Completed,3.8,3.7
OLA-TRIP-01872,OLA-CUST-0063,OLA-DRV-0056,Ola Mini,2025-05-24 14:53:56,2025-05-24 15:35:44,Chennai,11.24,41.8,1.0,153.64,Cash,Completed,4.9,4.7
OLA-TRIP-01873,OLA-CUST-0125,OLA-DRV-0012,Ola Prime SUV,2025-09-17 15:58:06,2025-09-17 16:48:30,Bengaluru,13.76,50.4,1.0,321.44,Credit Card,Completed,3.3,3.2
OLA-TRIP-01874,OLA-CUST-0111,OLA-DRV-0098,Ola Prime,2024-01-09 08:54:59,2024-01-09 09:23:29,Hyderabad,11.12,28.5,1.0,211.8,Debit Card,Completed,4.8,4.6
OLA-TRIP-01875,OLA-CUST-0058,OLA-DRV-0078,Ola Prime SUV,2023-03-09 19:45:42,2023-03-09 20:24:06,Delhi,9.19,38.4,2.0,469.22,Credit Card,Completed,3.0,4.8
OLA-TRIP-01876,OLA-CUST-0116,OLA-DRV-0004,Ola Mini,2025-07-20 16:02:52,2025-07-20 16:52:58,Mumbai,16.5,50.1,1.0,211.5,UPI,Completed,3.7,3.3
OLA-TRIP-01877,OLA-CUST-0049,OLA-DRV-0043,Ola Bike,2023-11-12 13:35:33,2023-11-12 13:44:09,Bengaluru,2.56,8.6,1.5,45.54,Debit Card,Completed,3.7,4.7
OLA-TRIP-01878,OLA-CUST-0018,OLA-DRV-0077,Ola Mini,2025-01-04 22:25:02,2025-01-04 22:33:50,Hyderabad,3.43,8.8,1.5,101.59,Ola Money,Completed,3.2,4.1
OLA-TRIP-01879,OLA-CUST-0092,OLA-DRV-0047,Ola Bike,2023-04-16 12:54:01,2023-04-16 13:05:43,Mumbai,3.92,11.7,1.0,38.52,Cash,Completed,4.8,3.5
OLA-TRIP-01880,OLA-CUST-0178,OLA-DRV-0051,Ola Mini,2023-10-06 08:08:41,2023-10-06 08:37:53,Chennai,9.78,29.2,1.0,137.58,Debit Card,Completed,3.1,3.8
OLA-TRIP-01881,OLA-CUST-0167,OLA-DRV-0083,Ola Mini,2025-03-17 16:58:10,2025-03-17 18:18:58,Pune,18.26,80.8,1.5,346.29,Credit Card,Completed,3.4,4.1
OLA-TRIP-01882,OLA-CUST-0103,OLA-DRV-0011,Ola Bike,2024-11-03 06:05:43,2024-11-03 07:04:43,Mumbai,22.63,59.0,1.0,150.78,Credit Card,Completed,3.5,4.7
OLA-TRIP-01883,OLA-CUST-0193,OLA-DRV-0010,Ola Prime,2024-04-07 13:29:01,2024-04-07 14:34:07,Hyderabad,24.84,65.1,1.0,417.6,Ola Money,Completed,3.8,4.8
OLA-TRIP-01884,OLA-CUST-0182,OLA-DRV-0031,Ola Mini,2025-06-24 17:37:03,2025-06-24 18:46:45,Kochi,18.18,69.7,1.0,229.98,Debit Card,Completed,4.1,3.0
OLA-TRIP-01885,OLA-CUST-0002,OLA-DRV-0068,Ola Prime SUV,2023-01-04 20:33:20,2023-01-04 21:47:20,Ahmedabad,22.97,74.0,1.0,496.43,Cash,Completed,4.9,3.9
OLA-TRIP-01886,OLA-CUST-0099,OLA-DRV-0035,Ola Prime SUV,2025-12-10 11:34:27,2025-12-10 11:54:57,Bengaluru,6.95,20.5,1.2,230.46,UPI,Completed,3.7,4.4
OLA-TRIP-01887,OLA-CUST-0090,OLA-DRV-0059,Ola Prime,2023-07-18 18:07:29,2023-07-18 18:40:59,Pune,13.12,33.5,1.0,241.8,UPI,Completed,4.4,4.8
OLA-TRIP-01888,OLA-CUST-0107,OLA-DRV-0068,Ola Prime SUV,2025-11-11 00:16:26,2025-11-11 01:16:50,Ahmedabad,17.56,60.4,1.0,393.64,UPI,Completed,3.2,3.6
OLA-TRIP-01889,OLA-CUST-0164,OLA-DRV-0034,Ola Bike,2025-03-18 10:40:00,2025-03-18 11:55:06,Jaipur,20.09,75.1,1.0,135.54,Cash,Completed,3.3,5.0
OLA-TRIP-01890,OLA-CUST-0077,OLA-DRV-0052,Ola Share,2025-07-27 15:28:04,2025-07-27 15:41:28,Kochi,4.31,13.4,1.0,45.17,Cash,Completed,4.9,4.8
OLA-TRIP-01891,OLA-CUST-0191,OLA-DRV-0035,Ola Prime SUV,2024-09-30 17:08:19,,Bengaluru,21.38,0.0,1.0,0.0,,Cancelled by Rider,,
OLA-TRIP-01892,OLA-CUST-0141,OLA-DRV-0097,Ola Share,2023-07-14 20:45:17,2023-07-14 21:07:17,Jaipur,5.41,22.0,1.0,52.87,UPI,Completed,4.0,4.8
OLA-TRIP-01893,OLA-CUST-0183,OLA-DRV-0066,Ola Bike,2023-04-18 18:58:45,2023-04-18 20:06:33,Chennai,16.7,67.8,1.0,115.2,Credit Card,Completed,4.9,3.8
OLA-TRIP-01894,OLA-CUST-0035,OLA-DRV-0001,Ola Auto,2023-05-24 20:41:16,2023-05-24 20:56:10,Chennai,3.92,14.9,1.0,55.28,UPI,Completed,4.4,3.3
OLA-TRIP-01895,OLA-CUST-0184,OLA-DRV-0065,Ola Prime,2024-08-28 14:00:12,2024-08-28 15:04:30,Kolkata,20.8,64.3,1.0,357.0,Ola Money,Completed,3.5,4.4
OLA-TRIP-01896,OLA-CUST-0054,OLA-DRV-0040,Ola Bike,2023-02-11 01:47:58,2023-02-11 03:14:34,Chennai,22.45,86.6,1.0,149.7,Credit Card,Completed,3.5,3.6
OLA-TRIP-01897,OLA-CUST-0004,OLA-DRV-0062,Ola Auto,2024-09-16 10:11:58,,Mumbai,20.05,0.0,1.0,0.0,,Cancelled by Rider,,
OLA-TRIP-01898,OLA-CUST-0008,OLA-DRV-0058,Ola Share,2023-04-30 01:08:41,2023-04-30 01:40:47,Delhi,11.09,32.1,2.0,185.26,UPI,Completed,3.6,4.3
OLA-TRIP-01899,OLA-CUST-0200,OLA-DRV-0080,Ola Auto,2024-08-22 18:23:08,2024-08-22 19:06:56,Bengaluru,15.96,43.8,1.0,163.64,UPI,Completed,4.0,3.7
OLA-TRIP-01900,OLA-CUST-0064,OLA-DRV-0086,Ola Prime,2023-09-19 03:47:41,2023-09-19 04:13:17,Mumbai,8.02,25.6,1.5,247.95,Credit Card,Completed,4.7,4.7
OLA-TRIP-01901,OLA-CUST-0003,OLA-DRV-0077,Ola Mini,2023-08-12 16:20:40,2023-08-12 16:31:16,Hyderabad,3.33,10.6,1.0,66.63,UPI,Completed,3.2,3.7
OLA-TRIP-01902,OLA-CUST-0126,OLA-DRV-0071,Ola Auto,2024-10-18 01:54:30,2024-10-18 02:56:12,Mumbai,16.28,61.7,1.0,166.52,Credit Card,Completed,4.8,3.0
OLA-TRIP-01903,OLA-CUST-0043,OLA-DRV-0080,Ola Auto,2025-08-04 01:07:23,,Bengaluru,11.51,0.0,1.0,0.0,,Cancelled by Rider,,
OLA-TRIP-01904,OLA-CUST-0042,OLA-DRV-0033,Ola Prime,2025-07-01 13:58:31,2025-07-01 14:49:19,Jaipur,11.3,50.8,2.0,429.0,Ola Money,Completed,3.8,3.5
OLA-TRIP-01905,OLA-CUST-0070,OLA-DRV-0045,Ola Prime,2025-10-24 12:05:24,2025-10-24 13:25:06,Hyderabad,21.5,79.7,1.2,441.0,Debit Card,Completed,3.9,3.9
OLA-TRIP-01906,OLA-CUST-0024,OLA-DRV-0072,Ola Prime,2025-05-02 15:19:50,2025-05-02 16:42:26,Chennai,20.07,82.6,1.0,346.05,Credit Card,Completed,3.5,4.3
OLA-TRIP-01907,OLA-CUST-0053,OLA-DRV-0025,Ola Prime,2024-05-05 09:41:48,2024-05-05 11:02:06,Ahmedabad,22.69,80.3,1.5,578.03,Debit Card,Completed,4.2,3.1
OLA-TRIP-01908,OLA-CUST-0009,OLA-DRV-0024,Ola Prime,2024-11-15 06:31:25,2024-11-15 07:28:01,Delhi,16.6,56.6,1.5,441.0,UPI,Completed,4.0,4.6
OLA-TRIP-01909,OLA-CUST-0196,OLA-DRV-0041,Ola Prime,2024-03-29 06:30:42,2024-03-29 06:56:36,Kolkata,7.16,25.9,1.0,152.4,Credit Card,Completed,3.3,3.6
OLA-TRIP-01910,OLA-CUST-0157,OLA-DRV-0096,Ola Prime SUV,2025-01-15 01:51:48,2025-01-15 03:07:24,Delhi,21.96,75.6,1.2,572.69,Credit Card,Completed,4.6,4.1
OLA-TRIP-01911,OLA-CUST-0101,OLA-DRV-0021,Ola Mini,2023-12-11 06:01:23,2023-12-11 06:39:35,Ahmedabad,10.33,38.2,1.5,215.44,Ola Money,Completed,4.4,3.6
OLA-TRIP-01912,OLA-CUST-0089,OLA-DRV-0020,Ola Bike,2023-05-23 16:52:02,2023-05-23 17:55:50,Pune,15.84,63.8,1.5,165.06,UPI,Completed,3.4,4.5
OLA-TRIP-01913,OLA-CUST-0104,OLA-DRV-0073,Ola Share,2025-10-17 16:02:32,2025-10-17 16:34:02,Ahmedabad,8.43,31.5,2.0,148.02,UPI,Completed,4.4,4.8
OLA-TRIP-01914,OLA-CUST-0044,OLA-DRV-0060,Ola Auto,2023-06-09 17:51:16,2023-06-09 18:27:46,Kochi,10.64,36.5,1.0,115.76,Credit Card,Completed,4.7,4.1
OLA-TRIP-01915,OLA-CUST-0187,OLA-DRV-0008,Ola Auto,2025-04-24 06:53:16,2025-04-24 07:10:46,Mumbai,5.47,17.5,1.2,83.08,Debit Card,Completed,4.3,4.9
OLA-TRIP-01916,OLA-CUST-0083,OLA-DRV-0080,Ola Auto,2023-01-12 05:34:57,,Bengaluru,15.99,0.0,1.0,0.0,,Cancelled by Rider,,
OLA-TRIP-01917,OLA-CUST-0026,OLA-DRV-0051,Ola Mini,2023-04-25 14:07:42,2023-04-25 15:01:00,Chennai,13.83,53.3,1.0,182.13,Cash,Completed,4.4,3.1
OLA-TRIP-01918,OLA-CUST-0074,OLA-DRV-0001,Ola Auto,2023-06-11 04:50:20,2023-06-11 05:09:44,Chennai,4.56,19.4,1.0,61.04,Credit Card,Completed,3.4,4.0
OLA-TRIP-01919,OLA-CUST-0177,OLA-DRV-0078,Ola Prime SUV,2025-08-21 04:48:07,2025-08-21 05:46:01,Delhi,16.58,57.9,1.5,562.53,UPI,Completed,4.8,3.2
OLA-TRIP-01920,OLA-CUST-0187,OLA-DRV-0091,Ola Mini,2024-01-31 06:11:17,2024-01-31 07:35:17,Mumbai,20.07,84.0,1.0,250.77,Credit Card,Completed,3.6,5.0
OLA-TRIP-01921,OLA-CUST-0104,OLA-DRV-0064,Ola Prime,2025-11-25 12:51:45,2025-11-25 13:25:03,Ahmedabad,9.52,33.3,1.0,187.8,UPI,Completed,3.6,3.8
OLA-TRIP-01922,OLA-CUST-0092,OLA-DRV-0086,Ola Prime,2024-01-20 23:13:34,2024-01-21 00:11:28,Mumbai,13.98,57.9,1.0,254.7,UPI,Completed,4.1,4.9
OLA-TRIP-01923,OLA-CUST-0161,OLA-DRV-0099,Ola Auto,2024-04-03 09:25:49,2024-04-03 09:45:25,Kochi,6.46,19.6,1.0,78.14,UPI,Completed,4.1,3.7
OLA-TRIP-01924,OLA-CUST-0162,OLA-DRV-0090,Ola Mini,2025-02-10 00:04:11,,Kochi,19.57,0.0,1.0,0.0,,Cancelled by Driver,,
OLA-TRIP-01925,OLA-CUST-0005,OLA-DRV-0018,Ola Bike,2024-02-20 14:42:00,2024-02-20 16:28:36,Bengaluru,23.73,106.6,1.5,236.07,Ola Money,Completed,5.0,3.8
OLA-TRIP-01926,OLA-CUST-0151,OLA-DRV-0016,Ola Bike,2025-10-28 08:51:45,2025-10-28 09:49:45,Chennai,18.36,58.0,1.0,125.16,UPI,Completed,4.2,4.3
OLA-TRIP-01927,OLA-CUST-0027,OLA-DRV-0010,Ola Prime,2025-02-22 00:39:41,2025-02-22 01:14:59,Hyderabad,9.5,35.3,1.0,187.5,Cash,Completed,3.7,3.3
OLA-TRIP-01928,OLA-CUST-0085,OLA-DRV-0073,Ola Share,2023-04-27 23:55:32,2023-04-28 01:34:08,Ahmedabad,23.44,98.6,1.5,268.62,Ola Money,Completed,3.9,4.9
OLA-TRIP-01929,OLA-CUST-0200,OLA-DRV-0057,Ola Prime SUV,2023-03-21 15:27:42,2023-03-21 16:43:18,Bengaluru,20.34,75.6,1.0,446.46,Cash,Completed,4.3,3.1
OLA-TRIP-01930,OLA-CUST-0188,OLA-DRV-0083,Ola Mini,2023-05-08 09:29:55,2023-05-08 09:42:25,Pune,3.9,12.5,1.0,72.9,Credit Card,Completed,4.2,4.4
OLA-TRIP-01931,OLA-CUST-0133,OLA-DRV-0068,Ola Prime SUV,2025-08-17 17:59:46,2025-08-17 19:07:10,Ahmedabad,22.73,67.4,1.0,491.87,Debit Card,Completed,3.5,4.7
OLA-TRIP-01932,OLA-CUST-0111,OLA-DRV-0070,Ola Mini,2023-09-09 13:36:04,,Hyderabad,4.56,0.0,1.0,0.0,,Cancelled by Driver,,
OLA-TRIP-01933,OLA-CUST-0197,OLA-DRV-0063,Ola Prime,2024-09-02 10:03:39,2024-09-02 10:53:33,Pune,11.55,49.9,1.0,218.25,Credit Card,Completed,4.9,4.0
OLA-TRIP-01934,OLA-CUST-0176,OLA-DRV-0096,Ola Prime SUV,2025-04-24 00:26:01,2025-04-24 01:15:19,Delhi,16.48,49.3,1.2,447.74,Debit Card,Completed,3.4,3.4
OLA-TRIP-01935,OLA-CUST-0047,OLA-DRV-0025,Ola Prime,2023-06-08 05:16:28,2023-06-08 05:51:28,Ahmedabad,12.42,35.0,1.0,231.3,Ola Money,Completed,3.7,3.1
OLA-TRIP-01936,OLA-CUST-0072,OLA-DRV-0070,Ola Mini,2025-01-29 21:43:38,,Hyderabad,14.99,0.0,1.0,0.0,,Cancelled by Driver,,
OLA-TRIP-01937,OLA-CUST-0067,OLA-DRV-0023,Ola Bike,2024-06-19 19:58:47,2024-06-19 20:41:53,Delhi,13.16,43.1,1.0,93.96,Credit Card,Completed,4.5,3.5
OLA-TRIP-01938,OLA-CUST-0023,OLA-DRV-0087,Ola Mini,2025-09-29 16:27:37,2025-09-29 17:05:55,Ahmedabad,10.13,38.3,1.5,212.15,UPI,Completed,3.7,3.6
OLA-TRIP-01939,OLA-CUST-0112,OLA-DRV-0097,Ola Share,2023-12-07 03:28:51,2023-12-07 03:41:27,Jaipur,3.9,12.6,1.0,42.3,UPI,Completed,4.1,3.7
OLA-TRIP-01940,OLA-CUST-0198,OLA-DRV-0002,Ola Share,2025-07-30 09:32:58,2025-07-30 10:15:22,Kolkata,11.65,42.4,1.0,96.55,Debit Card,Completed,4.3,3.5
OLA-TRIP-01941,OLA-CUST-0060,OLA-DRV-0034,Ola Bike,2024-09-30 03:01:02,2024-09-30 03:13:44,Jaipur,3.14,12.7,1.0,33.84,Ola Money,Completed,3.8,3.7
OLA-TRIP-01942,OLA-CUST-0039,OLA-DRV-0055,Ola Prime SUV,2023-07-10 06:34:41,2023-07-10 07:33:11,Kolkata,15.51,58.5,1.0,354.69,Debit Card,Completed,4.0,3.5
OLA-TRIP-01943,OLA-CUST-0023,OLA-DRV-0068,Ola Prime SUV,2023-04-05 09:11:52,2023-04-05 09:56:58,Ahmedabad,16.78,45.1,1.0,378.82,Ola Money,Completed,4.8,3.8
OLA-TRIP-01944,OLA-CUST-0002,OLA-DRV-0064,Ola Prime,2024-11-10 05:05:36,2024-11-10 06:11:54,Ahmedabad,18.65,66.3,1.0,324.75,Credit Card,Completed,4.9,3.3
OLA-TRIP-01945,OLA-CUST-0143,OLA-DRV-0045,Ola Prime,2025-09-08 01:18:19,2025-09-08 01:27:49,Hyderabad,2.43,9.5,1.0,81.45,Cash,Completed,4.8,4.4
OLA-TRIP-01946,OLA-CUST-0028,OLA-DRV-0100,Ola Bike,2023-05-15 06:08:50,2023-05-15 06:20:44,Kochi,3.34,11.9,2.0,70.08,Debit Card,Completed,4.0,4.5
OLA-TRIP-01947,OLA-CUST-0166,OLA-DRV-0071,Ola Auto,2023-07-10 11:42:41,2023-07-10 11:52:47,Mumbai,2.84,10.1,1.2,54.67,Debit Card,Completed,4.7,4.9
OLA-TRIP-01948,OLA-CUST-0055,OLA-DRV-0009,Ola Prime,2023-12-15 20:39:06,,Kolkata,8.89,0.0,2.0,0.0,,Cancelled by Rider,,
OLA-TRIP-01949,OLA-CUST-0050,OLA-DRV-0099,Ola Auto,2024-11-03 03:07:39,2024-11-03 03:10:33,Kochi,1.05,2.9,1.5,44.18,Credit Card,Completed,3.9,3.2
OLA-TRIP-01950,OLA-CUST-0134,OLA-DRV-0064,Ola Prime,2025-09-03 14:46:23,2025-09-03 15:14:41,Ahmedabad,6.35,28.3,1.0,140.25,Cash,Completed,4.0,4.9
OLA-TRIP-01951,OLA-CUST-0123,OLA-DRV-0032,Ola Auto,2024-09-15 22:45:15,2024-09-16 00:01:51,Jaipur,18.1,76.6,2.0,365.8,Credit Card,Completed,4.7,3.1
OLA-TRIP-01952,OLA-CUST-0188,OLA-DRV-0036,Ola Mini,2025-02-05 21:48:45,2025-02-05 23:01:57,Pune,17.08,73.2,1.0,217.88,Cash,Completed,4.7,5.0
OLA-TRIP-01953,OLA-CUST-0185,OLA-DRV-0063,Ola Prime,2024-03-27 06:40:21,2024-03-27 07:38:27,Pune,15.89,58.1,1.0,283.35,Credit Card,Completed,4.9,4.8
OLA-TRIP-01954,OLA-CUST-0045,OLA-DRV-0007,Ola Prime,2023-03-18 05:40:05,2023-03-18 06:58:59,Pune,19.44,78.9,1.2,403.92,Ola Money,Completed,4.8,4.8
OLA-TRIP-01955,OLA-CUST-0076,OLA-DRV-0019,Ola Bike,2024-10-29 01:55:38,2024-10-29 03:14:44,Hyderabad,21.06,79.1,1.0,141.36,Cash,Completed,3.8,4.5
OLA-TRIP-01956,OLA-CUST-0058,OLA-DRV-0058,Ola Share,2023-04-27 04:50:59,,Delhi,3.55,0.0,1.0,0.0,,No Show,,
OLA-TRIP-01957,OLA-CUST-0097,OLA-DRV-0042,Ola Mini,2024-08-07 19:15:01,2024-08-07 19:33:55,Pune,5.98,18.9,1.0,95.78,Cash,Completed,3.2,4.7
OLA-TRIP-01958,OLA-CUST-0180,OLA-DRV-0023,Ola Bike,2025-12-12 06:17:34,2025-12-12 06:22:28,Delhi,1.92,4.9,1.2,31.82,Credit Card,Completed,3.3,4.6
OLA-TRIP-01959,OLA-CUST-0101,OLA-DRV-0079,Ola Bike,2024-10-04 23:00:10,2024-10-04 23:48:04,Ahmedabad,11.64,47.9,1.0,84.84,Cash,Completed,4.9,5.0
OLA-TRIP-01960,OLA-CUST-0072,OLA-DRV-0098,Ola Prime,2023-11-18 20:10:48,2023-11-18 20:18:42,Hyderabad,2.13,7.9,1.5,115.43,Ola Money,Completed,3.6,4.8
OLA-TRIP-01961,OLA-CUST-0029,OLA-DRV-0061,Ola Bike,2024-07-17 09:45:28,2024-07-17 09:53:10,Delhi,1.91,7.7,1.0,26.46,UPI,Completed,3.2,3.7
OLA-TRIP-01962,OLA-CUST-0062,OLA-DRV-0015,Ola Bike,2024-05-18 14:09:24,2024-05-18 15:25:54,Kolkata,18.96,76.5,1.0,128.76,Cash,Completed,4.5,4.9
OLA-TRIP-01963,OLA-CUST-0025,OLA-DRV-0084,Ola Auto,2023-08-07 23:07:09,,Pune,22.76,0.0,1.0,0.0,,Cancelled by Rider,,
OLA-TRIP-01964,OLA-CUST-0069,OLA-DRV-0014,Ola Mini,2023-08-22 06:37:27,2023-08-22 07:12:27,Bengaluru,12.23,35.0,1.5,246.8,Cash,Completed,5.0,4.8
OLA-TRIP-01965,OLA-CUST-0133,OLA-DRV-0021,Ola Mini,2024-02-07 05:24:35,2024-02-07 05:35:23,Ahmedabad,3.8,10.8,1.5,107.7,Cash,Completed,4.8,3.0
OLA-TRIP-01966,OLA-CUST-0030,OLA-DRV-0094,Ola Bike,2025-05-06 17:40:21,2025-05-06 18:22:57,Delhi,10.73,42.6,1.0,79.38,Cash,Completed,4.6,4.6
OLA-TRIP-01967,OLA-CUST-0012,OLA-DRV-0059,Ola Prime,2024-02-18 14:23:12,2024-02-18 14:33:12,Pune,3.21,10.0,1.2,111.78,Ola Money,Completed,4.5,4.4
OLA-TRIP-01968,OLA-CUST-0194,OLA-DRV-0035,Ola Prime SUV,2025-02-10 16:56:34,2025-02-10 17:11:04,Bengaluru,4.94,14.5,1.5,230.79,Credit Card,Completed,4.9,4.9
OLA-TRIP-01969,OLA-CUST-0192,OLA-DRV-0021,Ola Mini,2024-01-31 17:01:55,,Ahmedabad,7.51,0.0,1.0,0.0,,Cancelled by Rider,,
OLA-TRIP-01970,OLA-CUST-0113,OLA-DRV-0022,Ola Share,2023-12-01 16:05:32,2023-12-01 16:10:14,Pune,1.78,4.7,1.0,27.46,Ola Money,Completed,4.5,4.8
OLA-TRIP-01971,OLA-CUST-0017,OLA-DRV-0061,Ola Bike,2025-12-04 12:19:14,2025-12-04 12:51:02,Delhi,7.12,31.8,1.0,57.72,UPI,Completed,4.0,4.4
OLA-TRIP-01972,OLA-CUST-0133,OLA-DRV-0087,Ola Mini,2025-01-05 06:54:44,2025-01-05 07:00:26,Ahmedabad,2.08,5.7,2.0,105.76,UPI,Completed,4.3,4.6
OLA-TRIP-01973,OLA-CUST-0078,OLA-DRV-0057,Ola Prime SUV,2023-06-01 08:39:14,2023-06-01 09:57:56,Bengaluru,20.71,78.7,1.0,453.49,Cash,Completed,4.3,4.8
OLA-TRIP-01974,OLA-CUST-0013,OLA-DRV-0064,Ola Prime,2025-08-21 17:39:14,2025-08-21 18:55:14,Ahmedabad,24.15,76.0,1.5,610.88,UPI,Completed,4.1,4.6
OLA-TRIP-01975,OLA-CUST-0137,OLA-DRV-0005,Ola Share,2024-06-26 16:50:45,2024-06-26 17:03:45,Ahmedabad,4.1,13.0,1.0,43.7,Cash,Completed,3.6,4.2
OLA-TRIP-01976,OLA-CUST-0008,OLA-DRV-0023,Ola Bike,2023-07-19 20:39:58,2023-07-19 21:18:52,Delhi,11.87,38.9,1.0,86.22,Cash,Completed,4.5,3.9
OLA-TRIP-01977,OLA-CUST-0192,OLA-DRV-0079,Ola Bike,2025-02-07 22:42:21,2025-02-07 22:46:45,Ahmedabad,1.58,4.4,1.0,24.48,Debit Card,Completed,3.0,3.8
OLA-TRIP-01978,OLA-CUST-0122,OLA-DRV-0049,Ola Mini,2024-05-12 19:11:12,2024-05-12 19:55:48,Kochi,14.27,44.6,1.0,186.97,UPI,Completed,3.3,4.4
OLA-TRIP-01979,OLA-CUST-0179,OLA-DRV-0047,Ola Bike,2023-03-22 12:38:21,2023-03-22 13:22:21,Mumbai,10.99,44.0,1.0,80.94,UPI,Completed,3.5,4.0
OLA-TRIP-01980,OLA-CUST-0002,OLA-DRV-0021,Ola Mini,2024-04-23 09:54:24,,Ahmedabad,2.24,0.0,1.0,0.0,,Cancelled by Rider,,
OLA-TRIP-01981,OLA-CUST-0065,OLA-DRV-0022,Ola Share,2025-07-29 10:41:52,2025-07-29 11:25:52,Pune,17.35,44.0,1.0,136.45,Ola Money,Completed,4.5,4.2
OLA-TRIP-01982,OLA-CUST-0083,OLA-DRV-0080,Ola Auto,2023-04-13 21:24:14,,Bengaluru,9.14,0.0,1.0,0.0,,Cancelled by Rider,,
OLA-TRIP-01983,OLA-CUST-0024,OLA-DRV-0027,Ola Auto,2024-07-06 18:03:58,2024-07-06 19:38:04,Chennai,21.99,94.1,1.0,217.91,Credit Card,Completed,3.7,3.3
OLA-TRIP-01984,OLA-CUST-0148,OLA-DRV-0004,Ola Mini,2023-12-02 14:39:15,2023-12-02 14:43:33,Mumbai,1.45,4.3,1.0,45.95,Debit Card,Completed,4.0,3.2
OLA-TRIP-01985,OLA-CUST-0180,OLA-DRV-0078,Ola Prime SUV,2025-07-05 03:14:37,2025-07-05 04:10:19,Delhi,14.04,55.7,1.2,392.11,Debit Card,Completed,4.2,3.1
OLA-TRIP-01986,OLA-CUST-0088,OLA-DRV-0082,Ola Share,2024-05-17 19:57:42,2024-05-17 20:03:06,Hyderabad,2.11,5.4,1.0,29.77,Credit Card,Completed,3.7,4.1
OLA-TRIP-01987,OLA-CUST-0059,OLA-DRV-0100,Ola Bike,2023-12-16 23:59:18,2023-12-17 00:08:24,Kochi,2.54,9.1,1.0,30.24,Debit Card,Completed,3.9,4.2
OLA-TRIP-01988,OLA-CUST-0164,OLA-DRV-0033,Ola Prime,2023-03-03 09:11:35,2023-03-03 10:07:05,Jaipur,16.36,55.5,1.0,290.4,Cash,Completed,3.5,3.6
OLA-TRIP-01989,OLA-CUST-0180,OLA-DRV-0076,Ola Share,2025-02-02 15:16:13,2025-02-02 15:25:07,Delhi,3.52,8.9,1.0,39.64,Credit Card,Completed,4.8,4.4
OLA-TRIP-01990,OLA-CUST-0041,OLA-DRV-0001,Ola Auto,2024-07-01 05:31:08,2024-07-01 05:43:08,Chennai,2.8,12.0,1.0,45.2,Credit Card,Completed,3.8,4.3
OLA-TRIP-01991,OLA-CUST-0055,OLA-DRV-0046,Ola Share,2025-01-17 09:05:29,2025-01-17 09:55:29,Kolkata,19.72,50.0,1.5,229.56,UPI,Completed,3.3,4.9
OLA-TRIP-01992,OLA-CUST-0005,OLA-DRV-0014,Ola Mini,2025-05-30 21:15:51,,Bengaluru,9.88,0.0,1.0,0.0,,No Show,,
OLA-TRIP-01993,OLA-CUST-0082,OLA-DRV-0003,Ola Prime SUV,2023-11-23 15:10:24,2023-11-23 15:52:30,Pune,10.95,42.1,1.0,268.05,UPI,Completed,4.6,4.6
OLA-TRIP-01994,OLA-CUST-0116,OLA-DRV-0091,Ola Mini,2023-10-19 07:47:18,2023-10-19 08:07:06,Mumbai,4.42,19.8,2.0,157.24,Ola Money,Completed,3.1,3.2
OLA-TRIP-01995,OLA-CUST-0139,OLA-DRV-0058,Ola Share,2024-07-25 18:16:34,2024-07-25 19:23:58,Delhi,24.84,67.4,1.5,283.32,UPI,Completed,3.3,4.4
OLA-TRIP-01996,OLA-CUST-0077,OLA-DRV-0038,Ola Prime,2024-06-07 11:52:54,2024-06-07 12:43:24,Kochi,19.29,50.5,1.0,334.35,UPI,Completed,4.3,3.2
OLA-TRIP-01997,OLA-CUST-0183,OLA-DRV-0040,Ola Bike,2024-11-16 21:41:23,2024-11-16 21:51:59,Chennai,2.89,10.6,1.0,32.34,UPI,Completed,4.7,4.1
OLA-TRIP-01998,OLA-CUST-0199,OLA-DRV-0066,Ola Bike,2024-03-03 21:49:16,2024-03-03 23:22:04,Chennai,24.35,92.8,1.0,161.1,Debit Card,Completed,4.0,4.1
OLA-TRIP-01999,OLA-CUST-0089,OLA-DRV-0059,Ola Prime,2024-12-12 13:53:08,2024-12-12 14:48:20,Pune,15.81,55.2,1.0,282.15,UPI,Completed,3.1,3.4
OLA-TRIP-02000,OLA-CUST-0017,OLA-DRV-0061,Ola Bike,2023-01-22 04:34:19,2023-01-22 04:44:37,Delhi,3.31,10.3,1.0,34.86,Cash,Completed,3.1,3.8
OLA-TRIP-02001,OLA-CUST-0115,OLA-DRV-0087,Ola Mini,2024-03-07 12:56:26,2024-03-07 13:31:44,Ahmedabad,9.84,35.3,1.0,138.24,Credit Card,Completed,3.3,4.1
OLA-TRIP-02002,OLA-CUST-0004,OLA-DRV-0047,Ola Bike,2025-05-18 18:21:51,,Mumbai,2.21,0.0,1.5,0.0,,No Show,,
OLA-TRIP-02003,OLA-CUST-0081,OLA-DRV-0032,Ola Auto,2024-01-02 04:39:24,2024-01-02 05:52:54,Jaipur,17.88,73.5,1.0,180.92,Credit Card,Completed,4.6,4.6
OLA-TRIP-02004,OLA-CUST-0185,OLA-DRV-0022,Ola Share,2023-02-01 02:29:10,,Pune,13.66,0.0,1.0,0.0,,Cancelled by Rider,,
OLA-TRIP-02005,OLA-CUST-0022,OLA-DRV-0058,Ola Share,2024-08-30 06:47:29,2024-08-30 07:33:41,Delhi,15.01,46.2,1.0,120.07,Credit Card,Completed,3.2,3.3
OLA-TRIP-02006,OLA-CUST-0002,OLA-DRV-0005,Ola Share,2023-06-06 22:30:45,,Ahmedabad,7.41,0.0,1.2,0.0,,Cancelled by Driver,,
OLA-TRIP-02007,OLA-CUST-0116,OLA-DRV-0091,Ola Mini,2024-01-26 04:53:03,2024-01-26 05:53:45,Mumbai,16.98,60.7,1.2,260.14,UPI,Completed,4.0,3.8
OLA-TRIP-02008,OLA-CUST-0090,OLA-DRV-0063,Ola Prime,2025-03-16 09:22:49,2025-03-16 11:01:19,Pune,24.52,98.5,1.0,412.8,Ola Money,Completed,4.3,3.3
OLA-TRIP-02009,OLA-CUST-0052,OLA-DRV-0025,Ola Prime,2025-01-14 23:37:21,2025-01-14 23:54:27,Ahmedabad,4.79,17.1,1.0,116.85,Credit Card,Completed,3.5,3.7
OLA-TRIP-02010,OLA-CUST-0182,OLA-DRV-0030,Ola Share,2025-07-06 04:25:59,,Kochi,14.81,0.0,1.0,0.0,,Cancelled by Rider,,
OLA-TRIP-02011,OLA-CUST-0168,OLA-DRV-0056,Ola Mini,2023-11-06 21:00:06,,Chennai,21.32,0.0,1.5,0.0,,Cancelled by Rider,,
OLA-TRIP-02012,OLA-CUST-0130,OLA-DRV-0078,Ola Prime SUV,2023-06-22 20:13:16,2023-06-22 21:26:22,Delhi,16.54,73.1,1.0,374.26,Credit Card,Completed,3.3,3.7
OLA-TRIP-02013,OLA-CUST-0062,OLA-DRV-0046,Ola Share,2023-06-19 18:23:50,,Kolkata,4.73,0.0,1.0,0.0,,No Show,,
OLA-TRIP-02014,OLA-CUST-0084,OLA-DRV-0031,Ola Mini,2025-07-26 12:08:54,2025-07-26 13:11:24,Kochi,14.53,62.5,1.0,189.83,Cash,Completed,3.2,3.4
OLA-TRIP-02015,OLA-CUST-0114,OLA-DRV-0097,Ola Share,2023-08-24 11:19:18,2023-08-24 11:58:30,Jaipur,11.4,39.2,1.0,94.8,Debit Card,Completed,4.4,4.0
OLA-TRIP-02016,OLA-CUST-0067,OLA-DRV-0067,Ola Share,2024-11-04 02:43:50,2024-11-04 03:02:26,Delhi,4.5,18.6,1.0,46.5,UPI,Completed,3.8,3.7
OLA-TRIP-02017,OLA-CUST-0073,OLA-DRV-0097,Ola Share,2024-09-16 16:14:42,,Jaipur,7.18,0.0,1.0,0.0,,Cancelled by Rider,,
OLA-TRIP-02018,OLA-CUST-0078,OLA-DRV-0057,Ola Prime SUV,2023-08-20 07:10:14,2023-08-20 08:00:56,Bengaluru,12.98,50.7,2.0,613.24,UPI,Completed,3.2,3.8
OLA-TRIP-02019,OLA-CUST-0003,OLA-DRV-0010,Ola Prime,2024-11-29 21:19:23,2024-11-29 22:20:41,Hyderabad,18.98,61.3,1.2,395.64,Credit Card,Completed,3.4,3.7
OLA-TRIP-02020,OLA-CUST-0084,OLA-DRV-0090,Ola Mini,2024-03-18 10:38:13,2024-03-18 10:51:37,Kochi,2.98,13.4,1.2,75.34,Ola Money,Completed,4.9,4.7
OLA-TRIP-02021,OLA-CUST-0031,OLA-DRV-0019,Ola Bike,2025-11-18 17:24:25,2025-11-18 18:27:01,Hyderabad,18.78,62.6,1.2,153.22,Credit Card,Completed,3.3,3.1
OLA-TRIP-02022,OLA-CUST-0133,OLA-DRV-0087,Ola Mini,2025-03-16 02:56:38,2025-03-16 03:02:38,Ahmedabad,2.31,6.0,1.2,66.49,UPI,Completed,4.5,3.5
OLA-TRIP-02023,OLA-CUST-0136,OLA-DRV-0098,Ola Prime,2025-06-22 14:50:39,2025-06-22 16:08:39,Hyderabad,21.06,78.0,1.0,360.9,Ola Money,Completed,4.0,4.0
OLA-TRIP-02024,OLA-CUST-0092,OLA-DRV-0062,Ola Auto,2025-04-11 15:06:33,2025-04-11 16:48:27,Mumbai,23.32,101.9,1.2,275.86,Ola Money,Completed,4.3,3.1
OLA-TRIP-02025,OLA-CUST-0060,OLA-DRV-0097,Ola Share,2025-04-23 16:36:39,2025-04-23 17:35:03,Jaipur,16.77,58.4,1.5,198.58,Ola Money,Completed,4.6,3.5
OLA-TRIP-02026,OLA-CUST-0110,OLA-DRV-0008,Ola Auto,2024-07-14 16:01:56,2024-07-14 17:11:20,Mumbai,16.42,69.4,1.0,167.78,Credit Card,Completed,3.7,3.3
OLA-TRIP-02027,OLA-CUST-0126,OLA-DRV-0011,Ola Bike,2025-04-29 11:54:10,2025-04-29 12:45:52,Mumbai,16.03,51.7,1.0,111.18,Credit Card,Completed,3.2,4.8
OLA-TRIP-02028,OLA-CUST-0158,OLA-DRV-0056,Ola Mini,2023-05-11 05:25:58,2023-05-11 05:31:10,Chennai,1.19,5.2,1.0,43.09,UPI,Completed,3.5,4.9
OLA-TRIP-02029,OLA-CUST-0103,OLA-DRV-0006,Ola Prime SUV,2024-12-21 13:30:16,2024-12-21 14:40:40,Mumbai,18.29,70.4,1.0,407.51,Credit Card,Completed,3.9,4.0
OLA-TRIP-02030,OLA-CUST-0189,OLA-DRV-0035,Ola Prime SUV,2024-12-14 01:54:29,2024-12-14 03:21:41,Bengaluru,24.92,87.2,1.0,533.48,Ola Money,Completed,3.6,3.8
OLA-TRIP-02031,OLA-CUST-0128,OLA-DRV-0054,Ola Auto,2025-07-29 00:43:47,2025-07-29 01:00:41,Ahmedabad,6.57,16.9,1.0,79.13,Cash,Completed,4.3,4.7
OLA-TRIP-02032,OLA-CUST-0060,OLA-DRV-0032,Ola Auto,2024-10-31 01:55:29,2024-10-31 02:30:11,Jaipur,12.55,34.7,1.0,132.95,Ola Money,Completed,3.9,4.7
OLA-TRIP-02033,OLA-CUST-0065,OLA-DRV-0003,Ola Prime SUV,2024-07-27 22:26:18,2024-07-27 22:51:42,Pune,7.96,25.4,1.0,211.24,Debit Card,Completed,3.5,3.6
OLA-TRIP-02034,OLA-CUST-0119,OLA-DRV-0061,Ola Bike,2024-06-17 22:21:34,2024-06-17 22:28:04,Delhi,1.46,6.5,1.0,23.76,Ola Money,Completed,4.2,3.9
OLA-TRIP-02035,OLA-CUST-0086,OLA-DRV-0090,Ola Mini,2024-10-03 06:09:19,2024-10-03 06:12:49,Kochi,1.21,3.5,1.0,43.31,Cash,Completed,3.6,4.5
OLA-TRIP-02036,OLA-CUST-0003,OLA-DRV-0077,Ola Mini,2023-10-02 20:05:16,,Hyderabad,22.36,0.0,1.2,0.0,,Cancelled by Rider,,
OLA-TRIP-02037,OLA-CUST-0045,OLA-DRV-0059,Ola Prime,2024-02-17 05:44:27,,Pune,17.48,0.0,1.5,0.0,,Cancelled by Driver,,
OLA-TRIP-02038,OLA-CUST-0025,OLA-DRV-0003,Ola Prime SUV,2025-02-26 05:33:13,2025-02-26 06:58:31,Pune,24.45,85.3,1.0,524.55,UPI,Completed,4.7,3.5
OLA-TRIP-02039,OLA-CUST-0082,OLA-DRV-0026,Ola Auto,2024-04-15 15:11:49,2024-04-15 16:11:01,Pune,16.63,59.2,1.2,203.6,Ola Money,Completed,4.2,3.4
OLA-TRIP-02040,OLA-CUST-0115,OLA-DRV-0025,Ola Prime,2024-02-26 17:56:17,2024-02-26 18:17:35,Ahmedabad,5.25,21.3,1.2,148.5,Ola Money,Completed,3.9,4.4
OLA-TRIP-02041,OLA-CUST-0136,OLA-DRV-0082,Ola Share,2025-03-23 04:24:41,2025-03-23 05:02:29,Hyderabad,8.8,37.8,1.2,91.92,UPI,Completed,4.0,4.3
OLA-TRIP-02042,OLA-CUST-0101,OLA-DRV-0079,Ola Bike,2025-04-15 04:41:20,2025-04-15 05:22:44,Ahmedabad,11.14,41.4,1.0,81.84,UPI,Completed,3.8,4.7
OLA-TRIP-02043,OLA-CUST-0167,OLA-DRV-0022,Ola Share,2025-10-12 09:56:18,2025-10-12 10:19:06,Pune,5.82,22.8,1.0,55.74,UPI,Completed,3.4,3.7
OLA-TRIP-02044,OLA-CUST-0195,OLA-DRV-0055,Ola Prime SUV,2024-12-03 06:13:02,2024-12-03 07:28:14,Kolkata,19.55,75.2,1.0,431.45,Debit Card,Completed,4.8,3.4
OLA-TRIP-02045,OLA-CUST-0092,OLA-DRV-0071,Ola Auto,2024-05-27 18:25:49,2024-05-27 19:11:55,Mumbai,13.2,46.1,1.0,138.8,UPI,Completed,4.8,4.8
OLA-TRIP-02046,OLA-CUST-0120,OLA-DRV-0071,Ola Auto,2024-04-30 22:57:37,2024-04-30 23:17:19,Mumbai,6.94,19.7,1.2,98.95,Ola Money,Completed,4.7,4.1
OLA-TRIP-02047,OLA-CUST-0172,OLA-DRV-0070,Ola Mini,2023-01-07 04:27:35,2023-01-07 04:55:35,Hyderabad,7.1,28.0,1.0,108.1,Credit Card,Completed,4.9,4.3
OLA-TRIP-02048,OLA-CUST-0039,OLA-DRV-0055,Ola Prime SUV,2023-03-10 23:59:27,2023-03-11 01:21:21,Kolkata,20.56,81.9,1.2,540.77,Cash,Completed,4.8,3.9
OLA-TRIP-02049,OLA-CUST-0068,OLA-DRV-0035,Ola Prime SUV,2023-09-24 15:58:32,2023-09-24 17:06:32,Bengaluru,20.28,68.0,1.0,445.32,Cash,Completed,4.9,4.5
OLA-TRIP-02050,OLA-CUST-0033,OLA-DRV-0039,Ola Mini,2024-07-21 09:21:42,2024-07-21 10:52:48,Kolkata,21.22,91.1,1.2,316.1,Cash,Completed,3.4,4.2
OLA-TRIP-02051,OLA-CUST-0104,OLA-DRV-0068,Ola Prime SUV,2024-06-26 08:32:47,2024-06-26 10:02:29,Ahmedabad,22.98,89.7,1.0,496.62,Credit Card,Completed,4.3,3.0
OLA-TRIP-02052,OLA-CUST-0065,OLA-DRV-0042,Ola Mini,2024-01-12 15:09:52,2024-01-12 15:45:40,Pune,13.55,35.8,1.0,179.05,Credit Card,Completed,3.7,3.1
OLA-TRIP-02053,OLA-CUST-0150,OLA-DRV-0097,Ola Share,2023-06-30 21:05:29,2023-06-30 21:58:47,Jaipur,12.38,53.3,1.0,101.66,Cash,Completed,5.0,4.7
OLA-TRIP-02054,OLA-CUST-0057,OLA-DRV-0091,Ola Mini,2025-11-10 17:10:00,2025-11-10 17:49:18,Mumbai,11.97,39.3,2.0,323.34,Ola Money,Completed,4.3,4.7
OLA-TRIP-02055,OLA-CUST-0092,OLA-DRV-0011,Ola Bike,2024-06-16 01:10:26,2024-06-16 01:45:26,Mumbai,9.32,35.0,1.2,85.1,Ola Money,Completed,3.4,4.7
OLA-TRIP-02056,OLA-CUST-0093,OLA-DRV-0072,Ola Prime,2025-02-28 18:13:01,2025-02-28 19:24:13,Chennai,24.01,71.2,1.0,405.15,Debit Card,Completed,3.4,3.9
OLA-TRIP-02057,OLA-CUST-0009,OLA-DRV-0067,Ola Share,2024-09-14 07:02:27,2024-09-14 07:33:39,Delhi,10.72,31.2,1.0,90.04,Ola Money,Completed,3.5,3.8
OLA-TRIP-02058,OLA-CUST-0010,OLA-DRV-0082,Ola Share,2023-11-21 03:34:04,2023-11-21 04:33:10,Hyderabad,19.23,59.1,1.0,149.61,UPI,Completed,3.7,4.3
OLA-TRIP-02059,OLA-CUST-0085,OLA-DRV-0025,Ola Prime,2024-01-05 06:32:45,,Ahmedabad,8.15,0.0,1.0,0.0,,Cancelled by Driver,,
OLA-TRIP-02060,OLA-CUST-0134,OLA-DRV-0079,Ola Bike,2024-09-14 11:39:55,2024-09-14 12:53:31,Ahmedabad,19.78,73.6,1.0,133.68,Cash,Completed,4.8,4.0
OLA-TRIP-02061,OLA-CUST-0046,OLA-DRV-0002,Ola Share,2025-06-22 12:54:02,2025-06-22 13:13:02,Kolkata,5.36,19.0,1.0,52.52,Cash,Completed,3.6,4.0
OLA-TRIP-02062,OLA-CUST-0019,OLA-DRV-0037,Ola Prime,2025-11-04 12:01:05,2025-11-04 12:58:35,Kolkata,15.03,57.5,1.0,270.45,Credit Card,Completed,5.0,4.5
OLA-TRIP-02063,OLA-CUST-0035,OLA-DRV-0029,Ola Bike,2023-12-05 18:42:14,2023-12-05 18:48:56,Chennai,1.87,6.7,1.0,26.22,Credit Card,Completed,3.3,4.6
OLA-TRIP-02064,OLA-CUST-0167,OLA-DRV-0042,Ola Mini,2025-08-20 20:21:21,2025-08-20 21:22:51,Pune,18.41,61.5,1.2,279.01,Ola Money,Completed,4.6,3.1
OLA-TRIP-02065,OLA-CUST-0078,OLA-DRV-0018,Ola Bike,2025-12-20 18:51:34,2025-12-20 19:30:04,Bengaluru,10.27,38.5,1.0,76.62,Cash,Completed,3.7,4.7
OLA-TRIP-02066,OLA-CUST-0092,OLA-DRV-0004,Ola Mini,2024-11-25 06:22:45,2024-11-25 06:58:33,Mumbai,8.72,35.8,1.2,151.1,UPI,Completed,3.5,3.4
OLA-TRIP-02067,OLA-CUST-0106,OLA-DRV-0031,Ola Mini,2024-12-10 06:56:15,2024-12-10 07:54:39,Kochi,14.44,58.4,1.2,226.61,Ola Money,Completed,3.2,4.2
OLA-TRIP-02068,OLA-CUST-0078,OLA-DRV-0057,Ola Prime SUV,2024-12-06 22:16:37,2024-12-06 23:35:01,Bengaluru,19.11,78.4,1.0,423.09,Credit Card,Completed,3.6,3.7
OLA-TRIP-02069,OLA-CUST-0040,OLA-DRV-0090,Ola Mini,2024-10-07 22:43:46,,Kochi,13.42,0.0,1.2,0.0,,Cancelled by Rider,,
OLA-TRIP-02070,OLA-CUST-0156,OLA-DRV-0097,Ola Share,2023-11-04 10:27:55,2023-11-04 11:21:13,Jaipur,12.35,53.3,1.2,121.74,UPI,Completed,4.1,4.9
OLA-TRIP-02071,OLA-CUST-0170,OLA-DRV-0083,Ola Mini,2024-11-18 06:08:28,2024-11-18 06:12:10,Pune,1.23,3.7,1.0,43.53,Credit Card,Completed,4.9,3.6
OLA-TRIP-02072,OLA-CUST-0194,OLA-DRV-0057,Ola Prime SUV,2024-04-25 18:51:24,2024-04-25 19:07:24,Bengaluru,5.79,16.0,1.0,170.01,Debit Card,Completed,3.3,3.9
OLA-TRIP-02073,OLA-CUST-0126,OLA-DRV-0008,Ola Auto,2024-11-15 01:50:07,2024-11-15 02:05:01,Mumbai,3.37,14.9,1.0,50.33,Ola Money,Completed,4.4,4.3
OLA-TRIP-02074,OLA-CUST-0103,OLA-DRV-0086,Ola Prime,2024-08-06 00:38:14,2024-08-06 01:28:56,Mumbai,16.78,50.7,1.0,296.7,Ola Money,Completed,4.4,3.2
OLA-TRIP-02075,OLA-CUST-0053,OLA-DRV-0068,Ola Prime SUV,2025-09-14 21:55:31,,Ahmedabad,12.22,0.0,1.0,0.0,,Cancelled by Driver,,
OLA-TRIP-02076,OLA-CUST-0177,OLA-DRV-0075,Ola Prime,2023-04-22 04:02:45,,Delhi,17.01,0.0,1.0,0.0,,No Show,,
OLA-TRIP-02077,OLA-CUST-0168,OLA-DRV-0056,Ola Mini,2024-08-23 16:08:06,2024-08-23 16:33:30,Chennai,8.24,25.4,1.0,120.64,Debit Card,Completed,3.5,4.6
OLA-TRIP-02078,OLA-CUST-0047,OLA-DRV-0054,Ola Auto,2025-02-21 19:18:03,2025-02-21 19:22:21,Ahmedabad,1.62,4.3,1.2,41.5,Cash,Completed,3.7,3.6
OLA-TRIP-02079,OLA-CUST-0105,OLA-DRV-0001,Ola Auto,2024-04-02 02:52:14,2024-04-02 03:00:50,Chennai,2.27,8.6,1.0,40.43,Ola Money,Completed,3.7,5.0
OLA-TRIP-02080,OLA-CUST-0055,OLA-DRV-0046,Ola Share,2024-01-12 17:48:40,2024-01-12 18:24:34,Kolkata,10.76,35.9,1.0,90.32,Debit Card,Completed,4.2,4.2
OLA-TRIP-02081,OLA-CUST-0158,OLA-DRV-0081,Ola Share,2024-05-09 05:40:38,2024-05-09 05:46:20,Chennai,1.28,5.7,2.0,47.92,Credit Card,Completed,3.2,4.4
OLA-TRIP-02082,OLA-CUST-0069,OLA-DRV-0043,Ola Bike,2023-01-01 15:15:14,2023-01-01 16:33:26,Bengaluru,22.2,78.2,1.5,222.3,Debit Card,Completed,4.2,3.1
OLA-TRIP-02083,OLA-CUST-0169,OLA-DRV-0008,Ola Auto,2023-03-27 14:19:18,2023-03-27 14:28:30,Mumbai,3.04,9.2,1.0,47.36,UPI,Completed,4.7,4.5
OLA-TRIP-02084,OLA-CUST-0110,OLA-DRV-0044,Ola Auto,2024-07-12 21:35:57,2024-07-12 23:07:21,Mumbai,24.07,91.4,1.0,236.63,Credit Card,Completed,3.3,4.4
OLA-TRIP-02085,OLA-CUST-0105,OLA-DRV-0027,Ola Auto,2023-09-20 12:04:04,2023-09-20 12:45:34,Chennai,13.36,41.5,1.5,210.36,Debit Card,Completed,4.2,3.7
OLA-TRIP-02086,OLA-CUST-0133,OLA-DRV-0068,Ola Prime SUV,2023-07-13 06:12:51,2023-07-13 07:55:39,Ahmedabad,24.49,102.8,1.0,525.31,Cash,Completed,4.3,4.1
OLA-TRIP-02087,OLA-CUST-0061,OLA-DRV-0098,Ola Prime,2023-10-27 17:43:23,2023-10-27 18:36:29,Hyderabad,16.97,53.1,1.0,299.55,Ola Money,Completed,3.1,3.7
OLA-TRIP-02088,OLA-CUST-0027,OLA-DRV-0077,Ola Mini,2024-01-07 20:17:23,,Hyderabad,18.21,0.0,1.0,0.0,,Cancelled by Rider,,
OLA-TRIP-02089,OLA-CUST-0179,OLA-DRV-0011,Ola Bike,2024-04-12 22:31:26,2024-04-12 23:24:38,Mumbai,16.96,53.2,1.0,116.76,Ola Money,Completed,3.7,3.8
OLA-TRIP-02090,OLA-CUST-0109,OLA-DRV-0067,Ola Share,2024-11-02 14:14:06,2024-11-02 14:33:06,Delhi,6.34,19.0,1.0,59.38,UPI,Completed,4.0,4.1
OLA-TRIP-02091,OLA-CUST-0139,OLA-DRV-0058,Ola Share,2025-03-19 07:11:58,2025-03-19 07:27:10,Delhi,3.43,15.2,1.2,46.81,UPI,Completed,4.7,4.6
OLA-TRIP-02092,OLA-CUST-0166,OLA-DRV-0062,Ola Auto,2024-02-01 13:09:25,2024-02-01 13:21:13,Mumbai,3.57,11.8,1.0,52.13,Debit Card,Completed,3.1,4.1
OLA-TRIP-02093,OLA-CUST-0051,OLA-DRV-0088,Ola Auto,2024-03-21 02:34:02,,Kolkata,11.04,0.0,1.0,0.0,,Cancelled by Driver,,
OLA-TRIP-02094,OLA-CUST-0123,OLA-DRV-0032,Ola Auto,2025-03-26 14:47:51,2025-03-26 15:01:51,Jaipur,3.82,14.0,1.0,54.38,Ola Money,Completed,4.1,3.8
OLA-TRIP-02095,OLA-CUST-0092,OLA-DRV-0004,Ola Mini,2023-03-28 19:04:53,2023-03-28 19:45:47,Mumbai,12.52,40.9,1.0,167.72,Debit Card,Completed,4.5,3.0
OLA-TRIP-02096,OLA-CUST-0160,OLA-DRV-0070,Ola Mini,2025-07-11 23:41:40,,Hyderabad,2.7,0.0,1.0,0.0,,Cancelled by Driver,,
OLA-TRIP-02097,OLA-CUST-0180,OLA-DRV-0094,Ola Bike,2025-01-21 23:00:32,,Delhi,1.22,0.0,1.2,0.0,,Cancelled by Driver,,
OLA-TRIP-02098,OLA-CUST-0033,OLA-DRV-0013,Ola Auto,2025-03-23 01:32:39,2025-03-23 02:16:09,Kolkata,10.7,43.5,1.0,116.3,Debit Card,Completed,4.1,4.5
OLA-TRIP-02099,OLA-CUST-0164,OLA-DRV-0032,Ola Auto,2023-11-24 14:52:03,2023-11-24 15:55:45,Jaipur,16.49,63.7,1.0,168.41,Debit Card,Completed,4.8,3.2
OLA-TRIP-02100,OLA-CUST-0130,OLA-DRV-0094,Ola Bike,2025-02-19 23:01:23,2025-02-19 23:08:29,Delhi,2.68,7.1,1.0,31.08,Debit Card,Completed,4.7,4.1
OLA-TRIP-02101,OLA-CUST-0123,OLA-DRV-0093,Ola Prime,2023-12-28 14:29:37,2023-12-28 15:56:55,Jaipur,21.87,87.3,1.0,373.05,Ola Money,Completed,3.7,3.9
OLA-TRIP-02102,OLA-CUST-0166,OLA-DRV-0047,Ola Bike,2025-07-14 16:24:06,,Mumbai,6.63,0.0,1.0,0.0,,Cancelled by Rider,,
OLA-TRIP-02103,OLA-CUST-0058,OLA-DRV-0017,Ola Prime SUV,2023-07-01 22:52:55,2023-07-01 23:16:13,Delhi,5.74,23.3,1.0,169.06,Cash,Completed,5.0,4.2
OLA-TRIP-02104,OLA-CUST-0142,OLA-DRV-0090,Ola Mini,2023-07-30 20:22:27,2023-07-30 21:58:39,Kochi,23.71,96.2,1.2,348.97,Debit Card,Completed,4.2,3.5
OLA-TRIP-02105,OLA-CUST-0126,OLA-DRV-0044,Ola Auto,2024-09-06 10:43:37,2024-09-06 11:11:01,Mumbai,9.47,27.4,1.0,105.23,Credit Card,Completed,4.9,4.5
OLA-TRIP-02106,OLA-CUST-0062,OLA-DRV-0088,Ola Auto,2023-10-05 17:07:57,2023-10-05 18:04:09,Kolkata,18.93,56.2,1.2,228.44,Cash,Completed,4.2,4.1
OLA-TRIP-02107,OLA-CUST-0083,OLA-DRV-0035,Ola Prime SUV,2025-01-08 07:45:02,2025-01-08 08:48:14,Bengaluru,21.78,63.2,1.0,473.82,Debit Card,Completed,4.2,3.8
OLA-TRIP-02108,OLA-CUST-0065,OLA-DRV-0063,Ola Prime,2025-06-06 02:26:22,2025-06-06 03:55:10,Pune,21.07,88.8,1.0,361.05,Debit Card,Completed,3.5,3.6
OLA-TRIP-02109,OLA-CUST-0046,OLA-DRV-0002,Ola Share,2024-06-02 19:50:47,2024-06-02 21:10:17,Kolkata,17.76,79.5,1.0,139.32,Debit Card,Completed,3.9,3.1
OLA-TRIP-02110,OLA-CUST-0093,OLA-DRV-0072,Ola Prime,2024-09-11 21:08:34,2024-09-11 21:13:40,Chennai,1.62,5.1,1.5,103.95,UPI,Completed,3.3,4.3
OLA-TRIP-02111,OLA-CUST-0152,OLA-DRV-0024,Ola Prime,2025-07-10 07:44:30,2025-07-10 08:59:18,Delhi,17.0,74.8,1.0,300.0,Credit Card,Completed,3.7,3.7
OLA-TRIP-02112,OLA-CUST-0027,OLA-DRV-0077,Ola Mini,2023-03-25 02:01:51,2023-03-25 02:17:15,Hyderabad,4.13,15.4,1.0,75.43,Credit Card,Completed,4.6,4.3
OLA-TRIP-02113,OLA-CUST-0033,OLA-DRV-0039,Ola Mini,2025-12-17 22:32:35,2025-12-17 23:23:35,Kolkata,17.63,51.0,1.2,268.72,UPI,Completed,4.8,3.8
OLA-TRIP-02114,OLA-CUST-0110,OLA-DRV-0008,Ola Auto,2025-08-21 20:58:36,2025-08-21 21:05:54,Mumbai,1.89,7.3,1.0,37.01,Ola Money,Completed,4.3,4.2
OLA-TRIP-02115,OLA-CUST-0001,OLA-DRV-0015,Ola Bike,2023-12-07 13:29:50,2023-12-07 14:15:56,Kolkata,10.43,46.1,1.5,116.37,Ola Money,Completed,3.6,3.1
OLA-TRIP-02116,OLA-CUST-0173,OLA-DRV-0033,Ola Prime,2025-07-20 13:29:40,2025-07-20 13:52:52,Jaipur,6.69,23.2,1.0,145.35,Debit Card,Completed,3.4,3.2
OLA-TRIP-02117,OLA-CUST-0140,OLA-DRV-0011,Ola Bike,2024-10-27 08:59:07,2024-10-27 09:30:49,Mumbai,9.56,31.7,1.2,86.83,Ola Money,Completed,3.8,4.4
OLA-TRIP-02118,OLA-CUST-0187,OLA-DRV-0095,Ola Mini,2024-04-02 16:38:05,2024-04-02 17:46:29,Mumbai,19.03,68.4,1.0,239.33,Credit Card,Completed,4.6,4.3
OLA-TRIP-02119,OLA-CUST-0065,OLA-DRV-0084,Ola Auto,2024-08-22 10:55:25,2024-08-22 11:30:13,Pune,9.87,34.8,1.2,130.6,Debit Card,Completed,3.2,3.8
OLA-TRIP-02120,OLA-CUST-0161,OLA-DRV-0049,Ola Mini,2024-02-25 22:24:00,2024-02-26 00:05:54,Kochi,22.72,101.9,1.0,279.92,Credit Card,Completed,3.6,4.6
OLA-TRIP-02121,OLA-CUST-0007,OLA-DRV-0096,Ola Prime SUV,2025-04-18 19:34:30,2025-04-18 19:48:18,Delhi,3.77,13.8,1.0,131.63,Credit Card,Completed,4.6,4.5
OLA-TRIP-02122,OLA-CUST-0017,OLA-DRV-0023,Ola Bike,2023-05-09 08:42:35,2023-05-09 09:07:11,Delhi,6.61,24.6,1.5,81.99,Ola Money,Completed,3.7,3.3
OLA-TRIP-02123,OLA-CUST-0147,OLA-DRV-0047,Ola Bike,2023-05-16 02:14:10,2023-05-16 02:19:16,Mumbai,1.25,5.1,1.5,33.75,Debit Card,Completed,4.7,4.3
OLA-TRIP-02124,OLA-CUST-0038,OLA-DRV-0035,Ola Prime SUV,2024-03-13 00:25:04,2024-03-13 00:36:58,Bengaluru,3.78,11.9,1.0,131.82,Ola Money,Completed,4.5,4.2
OLA-TRIP-02125,OLA-CUST-0121,OLA-DRV-0010,Ola Prime,2023-05-22 04:06:30,2023-05-22 04:28:18,Hyderabad,6.37,21.8,1.0,140.55,Debit Card,Completed,3.6,4.5
OLA-TRIP-02126,OLA-CUST-0057,OLA-DRV-0047,Ola Bike,2024-02-20 05:56:28,,Mumbai,7.43,0.0,1.0,0.0,,Cancelled by Driver,,
OLA-TRIP-02127,OLA-CUST-0055,OLA-DRV-0088,Ola Auto,2024-10-27 06:15:59,2024-10-27 07:20:29,Kolkata,17.65,64.5,1.0,178.85,Ola Money,Completed,4.0,3.3
OLA-TRIP-02128,OLA-CUST-0015,OLA-DRV-0005,Ola Share,2025-09-21 08:08:27,2025-09-21 09:55:39,Ahmedabad,24.44,107.2,1.0,186.08,Ola Money,Completed,3.5,4.3
OLA-TRIP-02129,OLA-CUST-0161,OLA-DRV-0100,Ola Bike,2024-03-03 02:33:11,2024-03-03 03:41:05,Kochi,18.85,67.9,1.0,128.1,Cash,Completed,4.6,3.1
OLA-TRIP-02130,OLA-CUST-0040,OLA-DRV-0090,Ola Mini,2024-03-10 14:11:58,2024-03-10 15:24:46,Kochi,22.68,72.8,1.2,335.38,UPI,Completed,3.3,3.7
OLA-TRIP-02131,OLA-CUST-0067,OLA-DRV-0075,Ola Prime,2025-04-13 17:30:51,2025-04-13 18:07:03,Delhi,12.62,36.2,1.0,234.3,Debit Card,Completed,3.0,4.9
OLA-TRIP-02132,OLA-CUST-0076,OLA-DRV-0082,Ola Share,2023-11-21 20:21:09,2023-11-21 21:53:45,Hyderabad,23.03,92.6,1.0,176.21,Credit Card,Completed,3.3,3.4
OLA-TRIP-02133,OLA-CUST-0052,OLA-DRV-0087,Ola Mini,2025-08-04 18:59:00,,Ahmedabad,14.71,0.0,1.2,0.0,,No Show,,
OLA-TRIP-02134,OLA-CUST-0059,OLA-DRV-0089,Ola Prime,2024-12-09 15:02:03,2024-12-09 16:15:09,Kochi,17.57,73.1,1.0,308.55,Debit Card,Completed,4.3,3.6
OLA-TRIP-02135,OLA-CUST-0045,OLA-DRV-0084,Ola Auto,2024-04-25 06:10:23,2024-04-25 06:52:23,Pune,9.43,42.0,1.0,104.87,Debit Card,Completed,3.1,4.0
OLA-TRIP-02136,OLA-CUST-0092,OLA-DRV-0008,Ola Auto,2023-03-16 17:13:33,2023-03-16 18:48:57,Mumbai,24.95,95.4,1.5,366.82,Debit Card,Completed,3.1,4.0
OLA-TRIP-02137,OLA-CUST-0003,OLA-DRV-0070,Ola Mini,2024-01-09 09:57:49,,Hyderabad,1.57,0.0,1.5,0.0,,No Show,,
OLA-TRIP-02138,OLA-CUST-0158,OLA-DRV-0016,Ola Bike,2024-09-18 06:23:48,2024-09-18 07:42:30,Chennai,19.51,78.7,1.0,132.06,Debit Card,Completed,4.3,4.8
OLA-TRIP-02139,OLA-CUST-0190,OLA-DRV-0058,Ola Share,2023-09-18 06:13:22,2023-09-18 06:36:22,Delhi,6.37,23.0,2.0,119.18,UPI,Completed,3.8,4.6
OLA-TRIP-02140,OLA-CUST-0114,OLA-DRV-0034,Ola Bike,2023-08-29 14:21:50,2023-08-29 14:28:26,Jaipur,1.53,6.6,1.0,24.18,Ola Money,Completed,4.6,3.2
OLA-TRIP-02141,OLA-CUST-0132,OLA-DRV-0036,Ola Mini,2023-09-25 20:42:58,2023-09-25 22:04:40,Pune,18.18,81.7,1.5,344.97,Debit Card,Completed,4.4,4.0
OLA-TRIP-02142,OLA-CUST-0062,OLA-DRV-0009,Ola Prime,2025-02-10 23:41:51,2025-02-10 23:50:21,Kolkata,1.95,8.5,1.5,111.38,Cash,Completed,3.6,4.9
OLA-TRIP-02143,OLA-CUST-0105,OLA-DRV-0081,Ola Share,2025-12-21 16:46:49,2025-12-21 18:16:31,Chennai,24.78,89.7,1.0,188.46,Cash,Completed,4.6,4.0
OLA-TRIP-02144,OLA-CUST-0196,OLA-DRV-0055,Ola Prime SUV,2023-09-03 16:20:59,,Kolkata,9.16,0.0,1.0,0.0,,Cancelled by Driver,,
OLA-TRIP-02145,OLA-CUST-0076,OLA-DRV-0010,Ola Prime,2024-01-20 21:04:14,2024-01-20 21:28:08,Hyderabad,6.79,23.9,1.5,220.27,Credit Card,Completed,4.5,3.3
OLA-TRIP-02146,OLA-CUST-0166,OLA-DRV-0008,Ola Auto,2025-06-26 15:43:30,2025-06-26 16:59:48,Mumbai,17.99,76.3,1.0,181.91,Credit Card,Completed,4.7,4.9
OLA-TRIP-02147,OLA-CUST-0074,OLA-DRV-0027,Ola Auto,2025-05-18 17:42:13,2025-05-18 18:55:49,Chennai,23.47,73.6,1.0,231.23,Debit Card,Completed,4.1,4.0
OLA-TRIP-02148,OLA-CUST-0078,OLA-DRV-0012,Ola Prime SUV,2024-02-09 01:58:51,2024-02-09 02:24:45,Bengaluru,7.21,25.9,1.0,196.99,Cash,Completed,4.9,4.4
OLA-TRIP-02149,OLA-CUST-0072,OLA-DRV-0045,Ola Prime,2025-12-08 16:20:15,2025-12-08 17:34:21,Hyderabad,19.91,74.1,1.5,515.47,Cash,Completed,3.7,4.9
OLA-TRIP-02150,OLA-CUST-0047,OLA-DRV-0087,Ola Mini,2023-08-27 00:50:38,2023-08-27 01:14:20,Ahmedabad,7.8,23.7,1.5,173.7,UPI,Completed,3.3,3.8
OLA-TRIP-02151,OLA-CUST-0011,OLA-DRV-0044,Ola Auto,2023-08-15 10:59:42,2023-08-15 11:34:54,Mumbai,10.48,35.2,1.0,114.32,Debit Card,Completed,4.4,3.8
OLA-TRIP-02152,OLA-CUST-0161,OLA-DRV-0049,Ola Mini,2023-11-21 19:50:05,2023-11-21 21:26:41,Kochi,22.48,96.6,1.0,277.28,Ola Money,Completed,4.7,4.0
OLA-TRIP-02153,OLA-CUST-0095,OLA-DRV-0096,Ola Prime SUV,2025-01-28 12:36:24,2025-01-28 13:04:06,Delhi,6.9,27.7,1.5,286.65,Cash,Completed,4.6,3.1
OLA-TRIP-02154,OLA-CUST-0022,OLA-DRV-0017,Ola Prime SUV,2023-10-08 21:21:31,2023-10-08 22:49:07,Delhi,21.53,87.6,1.5,703.61,Debit Card,Completed,4.9,4.5
OLA-TRIP-02155,OLA-CUST-0034,OLA-DRV-0061,Ola Bike,2025-07-16 05:50:04,2025-07-16 06:58:58,Delhi,22.15,68.9,1.5,221.85,Debit Card,Completed,4.5,3.5
OLA-TRIP-02156,OLA-CUST-0071,OLA-DRV-0085,Ola Prime SUV,2025-07-01 16:53:20,2025-07-01 18:07:26,Bengaluru,22.63,74.1,1.0,489.97,UPI,Completed,3.6,3.0
OLA-TRIP-02157,OLA-CUST-0079,OLA-DRV-0010,Ola Prime,2023-02-18 05:19:49,,Hyderabad,7.07,0.0,1.5,0.0,,Cancelled by Driver,,
OLA-TRIP-02158,OLA-CUST-0095,OLA-DRV-0094,Ola Bike,2023-08-18 18:22:02,2023-08-18 19:46:44,Delhi,18.84,84.7,1.5,192.06,Ola Money,Completed,3.9,4.5
OLA-TRIP-02159,OLA-CUST-0166,OLA-DRV-0071,Ola Auto,2024-12-24 01:31:30,2024-12-24 02:38:24,Mumbai,24.82,66.9,1.0,243.38,Debit Card,Completed,4.3,3.9
OLA-TRIP-02160,OLA-CUST-0001,OLA-DRV-0037,Ola Prime,2023-02-22 10:43:00,2023-02-22 11:30:12,Kolkata,15.56,47.2,1.0,278.4,Ola Money,Completed,3.2,3.3
OLA-TRIP-02161,OLA-CUST-0194,OLA-DRV-0053,Ola Prime SUV,2023-07-13 15:00:38,2023-07-13 15:23:32,Bengaluru,7.47,22.9,2.0,403.86,Ola Money,Completed,4.2,3.5
OLA-TRIP-02162,OLA-CUST-0015,OLA-DRV-0025,Ola Prime,2024-10-21 22:37:35,2024-10-21 23:33:23,Ahmedabad,14.92,55.8,1.0,268.8,Cash,Completed,3.3,4.7
OLA-TRIP-02163,OLA-CUST-0048,OLA-DRV-0034,Ola Bike,2023-01-13 14:12:53,2023-01-13 15:20:17,Jaipur,24.08,67.4,1.0,159.48,Credit Card,Completed,4.6,4.7
OLA-TRIP-02164,OLA-CUST-0159,OLA-DRV-0016,Ola Bike,2025-03-21 22:03:10,2025-03-21 23:00:40,Chennai,21.95,57.5,1.0,146.7,Cash,Completed,4.3,4.3
OLA-TRIP-02165,OLA-CUST-0172,OLA-DRV-0010,Ola Prime,2024-09-10 00:39:22,2024-09-10 02:09:22,Hyderabad,24.96,90.0,1.0,419.4,Cash,Completed,3.1,3.9
OLA-TRIP-02166,OLA-CUST-0049,OLA-DRV-0043,Ola Bike,2024-09-04 17:29:02,2024-09-04 18:34:08,Bengaluru,19.62,65.1,1.5,199.08,Debit Card,Completed,4.3,3.3
OLA-TRIP-02167,OLA-CUST-0070,OLA-DRV-0082,Ola Share,2024-12-11 06:52:50,2024-12-11 07:41:38,Hyderabad,19.28,48.8,1.0,149.96,Cash,Completed,4.3,3.1
OLA-TRIP-02168,OLA-CUST-0018,OLA-DRV-0070,Ola Mini,2024-01-21 06:52:37,2024-01-21 07:07:19,Hyderabad,4.38,14.7,1.0,78.18,Cash,Completed,4.0,4.1
OLA-TRIP-02169,OLA-CUST-0135,OLA-DRV-0080,Ola Auto,2023-09-27 03:06:16,2023-09-27 03:25:16,Bengaluru,5.47,19.0,1.5,103.84,Debit Card,Completed,3.6,4.1
OLA-TRIP-02170,OLA-CUST-0103,OLA-DRV-0006,Ola Prime SUV,2023-05-19 23:57:28,2023-05-20 00:21:58,Mumbai,8.13,24.5,1.0,214.47,UPI,Completed,4.1,4.8
OLA-TRIP-02171,OLA-CUST-0139,OLA-DRV-0017,Ola Prime SUV,2025-12-24 02:16:52,2025-12-24 02:33:28,Delhi,4.43,16.6,1.5,216.25,Debit Card,Completed,4.4,3.9
OLA-TRIP-02172,OLA-CUST-0082,OLA-DRV-0036,Ola Mini,2025-07-06 03:42:41,2025-07-06 04:14:17,Pune,11.76,31.6,1.0,159.36,UPI,Completed,3.4,4.2
OLA-TRIP-02173,OLA-CUST-0112,OLA-DRV-0032,Ola Auto,2023-01-30 07:26:03,2023-01-30 07:37:33,Jaipur,2.66,11.5,1.0,43.94,Credit Card,Completed,4.7,4.7
OLA-TRIP-02174,OLA-CUST-0042,OLA-DRV-0032,Ola Auto,2025-10-15 22:53:31,2025-10-15 23:05:19,Jaipur,4.69,11.8,1.5,93.31,Debit Card,Completed,3.5,3.0
OLA-TRIP-02175,OLA-CUST-0021,OLA-DRV-0083,Ola Mini,2025-07-18 22:32:30,2025-07-18 23:33:18,Pune,21.18,60.8,1.2,315.58,Credit Card,Completed,3.4,3.6
OLA-TRIP-02176,OLA-CUST-0171,OLA-DRV-0062,Ola Auto,2023-11-06 17:13:23,2023-11-06 18:38:05,Mumbai,23.75,84.7,1.0,233.75,Ola Money,Completed,3.8,3.1
OLA-TRIP-02177,OLA-CUST-0138,OLA-DRV-0027,Ola Auto,2025-02-06 06:31:29,2025-02-06 06:40:23,Chennai,3.12,8.9,1.0,48.08,UPI,Completed,3.7,4.1
OLA-TRIP-02178,OLA-CUST-0197,OLA-DRV-0084,Ola Auto,2025-07-23 20:13:08,2025-07-23 21:52:02,Pune,23.94,98.9,1.0,235.46,Ola Money,Completed,3.7,4.6
OLA-TRIP-02179,OLA-CUST-0150,OLA-DRV-0033,Ola Prime,2024-04-24 05:30:40,2024-04-24 06:41:28,Jaipur,20.37,70.8,1.0,350.55,Credit Card,Completed,4.5,4.9
OLA-TRIP-02180,OLA-CUST-0155,OLA-DRV-0080,Ola Auto,2025-12-27 18:45:57,2025-12-27 19:20:33,Bengaluru,12.22,34.6,1.2,155.98,Debit Card,Completed,4.9,3.5
OLA-TRIP-02181,OLA-CUST-0198,OLA-DRV-0041,Ola Prime,2024-07-09 16:19:42,2024-07-09 16:52:54,Kolkata,12.18,33.2,2.0,455.4,Credit Card,Completed,4.5,3.1
OLA-TRIP-02182,OLA-CUST-0009,OLA-DRV-0017,Ola Prime SUV,2025-06-21 07:49:44,2025-06-21 08:36:32,Delhi,10.43,46.8,1.0,258.17,Ola Money,Completed,4.3,3.8
OLA-TRIP-02183,OLA-CUST-0085,OLA-DRV-0021,Ola Mini,2025-02-19 22:44:27,2025-02-19 22:57:21,Ahmedabad,2.93,12.9,1.0,62.23,UPI,Completed,3.4,3.2
OLA-TRIP-02184,OLA-CUST-0133,OLA-DRV-0064,Ola Prime,2024-08-14 00:37:51,2024-08-14 00:50:09,Ahmedabad,2.94,12.3,1.0,89.1,UPI,Completed,3.9,3.0
OLA-TRIP-02185,OLA-CUST-0153,OLA-DRV-0094,Ola Bike,2023-04-28 06:45:24,2023-04-28 07:36:36,Delhi,13.63,51.2,1.2,116.14,Debit Card,Completed,4.0,3.1
OLA-TRIP-02186,OLA-CUST-0075,OLA-DRV-0086,Ola Prime,2024-03-22 13:25:16,2024-03-22 13:31:04,Mumbai,2.05,5.8,1.0,75.75,Ola Money,Completed,3.7,3.2
OLA-TRIP-02187,OLA-CUST-0056,OLA-DRV-0016,Ola Bike,2023-07-09 13:39:39,2023-07-09 15:13:21,Chennai,22.66,93.7,1.0,150.96,Cash,Completed,3.7,3.4
OLA-TRIP-02188,OLA-CUST-0027,OLA-DRV-0045,Ola Prime,2024-02-17 16:17:49,2024-02-17 16:45:31,Hyderabad,8.69,27.7,1.5,263.02,Ola Money,Completed,4.0,4.5
OLA-TRIP-02189,OLA-CUST-0146,OLA-DRV-0096,Ola Prime SUV,2025-12-14 23:08:33,2025-12-14 23:37:09,Delhi,11.4,28.6,1.0,276.6,Debit Card,Completed,4.3,4.0
OLA-TRIP-02190,OLA-CUST-0108,OLA-DRV-0036,Ola Mini,2023-12-31 10:53:38,2023-12-31 12:00:20,Pune,22.06,66.7,1.0,272.66,Credit Card,Completed,3.7,3.5
OLA-TRIP-02191,OLA-CUST-0049,OLA-DRV-0080,Ola Auto,2023-03-27 21:41:59,2023-03-27 22:27:35,Bengaluru,11.84,45.6,1.0,126.56,Credit Card,Completed,4.9,4.5
OLA-TRIP-02192,OLA-CUST-0168,OLA-DRV-0081,Ola Share,2024-07-10 05:28:14,,Chennai,11.53,0.0,1.0,0.0,,Cancelled by Driver,,
OLA-TRIP-02193,OLA-CUST-0153,OLA-DRV-0094,Ola Bike,2023-06-11 05:26:52,2023-06-11 06:48:04,Delhi,22.99,81.2,1.0,152.94,Credit Card,Completed,3.8,5.0
OLA-TRIP-02194,OLA-CUST-0197,OLA-DRV-0026,Ola Auto,2024-07-09 04:31:28,2024-07-09 05:11:22,Pune,8.93,39.9,1.0,100.37,UPI,Completed,4.2,4.1
OLA-TRIP-02195,OLA-CUST-0160,OLA-DRV-0077,Ola Mini,2025-05-10 07:51:10,,Hyderabad,18.72,0.0,1.2,0.0,,Cancelled by Rider,,
OLA-TRIP-02196,OLA-CUST-0070,OLA-DRV-0045,Ola Prime,2023-06-10 07:15:15,2023-06-10 08:47:03,Hyderabad,20.43,91.8,1.0,351.45,Ola Money,Completed,4.8,3.4
OLA-TRIP-02197,OLA-CUST-0113,OLA-DRV-0059,Ola Prime,2024-11-01 08:27:46,2024-11-01 09:25:40,Pune,21.33,57.9,1.5,547.42,UPI,Completed,4.6,3.4
OLA-TRIP-02198,OLA-CUST-0004,OLA-DRV-0071,Ola Auto,2023-09-11 05:45:47,2023-09-11 06:45:05,Mumbai,17.61,59.3,1.0,178.49,Credit Card,Completed,4.2,4.3
OLA-TRIP-02199,OLA-CUST-0120,OLA-DRV-0071,Ola Auto,2025-06-16 10:15:57,2025-06-16 11:03:45,Mumbai,10.93,47.8,1.0,118.37,Ola Money,Completed,3.8,3.2
OLA-TRIP-02200,OLA-CUST-0186,OLA-DRV-0085,Ola Prime SUV,2024-06-11 14:00:44,2024-06-11 15:13:38,Bengaluru,17.05,72.9,1.0,383.95,Credit Card,Completed,3.9,3.3
OLA-TRIP-02201,OLA-CUST-0105,OLA-DRV-0016,Ola Bike,2025-05-25 07:02:14,2025-05-25 07:08:44,Chennai,2.21,6.5,1.0,28.26,Debit Card,Completed,3.6,5.0
OLA-TRIP-02202,OLA-CUST-0118,OLA-DRV-0054,Ola Auto,2024-09-09 21:48:26,2024-09-09 23:30:38,Ahmedabad,23.27,102.2,1.2,275.32,Credit Card,Completed,4.8,3.6
OLA-TRIP-02203,OLA-CUST-0142,OLA-DRV-0052,Ola Share,2023-10-23 22:13:56,2023-10-23 22:32:26,Kochi,7.09,18.5,1.0,64.63,Credit Card,Completed,4.8,3.8
OLA-TRIP-02204,OLA-CUST-0189,OLA-DRV-0053,Ola Prime SUV,2023-09-30 10:58:05,2023-09-30 11:48:05,Bengaluru,14.6,50.0,1.0,337.4,Debit Card,Completed,3.9,3.0
OLA-TRIP-02205,OLA-CUST-0164,OLA-DRV-0033,Ola Prime,2023-03-05 21:33:35,2023-03-05 21:39:05,Jaipur,2.21,5.5,1.2,93.78,Debit Card,Completed,3.7,3.4
OLA-TRIP-02206,OLA-CUST-0167,OLA-DRV-0042,Ola Mini,2025-07-08 23:12:25,2025-07-09 00:03:19,Pune,13.81,50.9,1.0,181.91,Ola Money,Completed,3.4,3.5
OLA-TRIP-02207,OLA-CUST-0113,OLA-DRV-0026,Ola Auto,2025-10-05 08:09:19,2025-10-05 08:54:25,Pune,10.6,45.1,1.0,115.4,Credit Card,Completed,3.4,4.9
OLA-TRIP-02208,OLA-CUST-0001,OLA-DRV-0039,Ola Mini,2023-10-15 18:35:51,,Kolkata,22.84,0.0,2.0,0.0,,Cancelled by Rider,,
OLA-TRIP-02209,OLA-CUST-0014,OLA-DRV-0012,Ola Prime SUV,2023-01-06 21:43:19,2023-01-06 22:47:37,Bengaluru,21.47,64.3,1.0,467.93,Credit Card,Completed,3.9,4.0
OLA-TRIP-02210,OLA-CUST-0060,OLA-DRV-0097,Ola Share,2024-12-30 21:45:32,2024-12-30 22:46:02,Jaipur,13.59,60.5,1.0,110.13,Cash,Completed,3.2,4.4
OLA-TRIP-02211,OLA-CUST-0008,OLA-DRV-0023,Ola Bike,2023-11-11 16:07:04,2023-11-11 17:42:04,Delhi,22.47,95.0,1.2,179.78,UPI,Completed,4.6,3.1
OLA-TRIP-02212,OLA-CUST-0071,OLA-DRV-0014,Ola Mini,2023-03-30 18:50:29,2023-03-30 19:11:23,Bengaluru,7.84,20.9,1.0,116.24,Credit Card,Completed,4.4,3.7
OLA-TRIP-02213,OLA-CUST-0109,OLA-DRV-0076,Ola Share,2023-07-31 20:44:13,2023-07-31 21:22:07,Delhi,14.22,37.9,1.2,137.45,Ola Money,Completed,4.9,4.2
OLA-TRIP-02214,OLA-CUST-0168,OLA-DRV-0072,Ola Prime,2024-06-06 07:56:03,,Chennai,24.11,0.0,1.0,0.0,,Cancelled by Driver,,
OLA-TRIP-02215,OLA-CUST-0092,OLA-DRV-0006,Ola Prime SUV,2025-11-30 20:13:07,2025-11-30 21:18:01,Mumbai,16.44,64.9,1.0,372.36,Credit Card,Completed,4.7,4.4
OLA-TRIP-02216,OLA-CUST-0040,OLA-DRV-0090,Ola Mini,2024-08-06 21:43:55,2024-08-06 22:58:55,Kochi,20.26,75.0,1.2,303.43,Cash,Completed,3.7,4.1
OLA-TRIP-02217,OLA-CUST-0070,OLA-DRV-0077,Ola Mini,2023-08-19 04:40:53,2023-08-19 05:10:29,Hyderabad,7.33,29.6,1.0,110.63,Cash,Completed,4.3,4.7
OLA-TRIP-02218,OLA-CUST-0051,OLA-DRV-0088,Ola Auto,2025-11-14 02:17:39,2025-11-14 03:32:39,Kolkata,21.1,75.0,1.0,209.9,Debit Card,Completed,3.2,3.7
OLA-TRIP-02219,OLA-CUST-0134,OLA-DRV-0005,Ola Share,2023-08-08 18:48:22,2023-08-08 19:40:04,Ahmedabad,20.44,51.7,1.0,158.08,Cash,Completed,4.3,4.5
OLA-TRIP-02220,OLA-CUST-0169,OLA-DRV-0004,Ola Mini,2024-06-25 14:15:41,2024-06-25 14:27:47,Mumbai,2.87,12.1,1.0,61.57,Credit Card,Completed,4.6,4.4
OLA-TRIP-02221,OLA-CUST-0098,OLA-DRV-0077,Ola Mini,2025-09-23 16:36:15,2025-09-23 17:14:57,Hyderabad,13.47,38.7,1.5,267.25,UPI,Completed,3.8,3.1
OLA-TRIP-02222,OLA-CUST-0047,OLA-DRV-0025,Ola Prime,2023-07-14 09:55:07,,Ahmedabad,12.39,0.0,1.0,0.0,,Cancelled by Driver,,
OLA-TRIP-02223,OLA-CUST-0036,OLA-DRV-0049,Ola Mini,2024-01-23 12:57:32,2024-01-23 13:27:38,Kochi,11.51,30.1,1.0,156.61,Debit Card,Completed,4.5,3.5
OLA-TRIP-02224,OLA-CUST-0118,OLA-DRV-0005,Ola Share,2025-06-21 10:17:11,2025-06-21 10:47:41,Ahmedabad,10.67,30.5,1.0,89.69,Credit Card,Completed,4.2,3.1
OLA-TRIP-02225,OLA-CUST-0106,OLA-DRV-0089,Ola Prime,2024-04-19 12:43:58,2024-04-19 14:08:46,Kochi,22.19,84.8,1.2,453.42,Credit Card,Completed,4.4,3.1
OLA-TRIP-02226,OLA-CUST-0089,OLA-DRV-0092,Ola Prime,2025-02-01 23:08:58,2025-02-01 23:24:40,Pune,4.69,15.7,1.0,115.35,Cash,Completed,4.9,4.7
OLA-TRIP-02227,OLA-CUST-0049,OLA-DRV-0080,Ola Auto,2023-08-03 18:57:47,2023-08-03 20:17:11,Bengaluru,20.3,79.4,1.0,202.7,Cash,Completed,3.9,4.0
OLA-TRIP-02228,OLA-CUST-0124,OLA-DRV-0026,Ola Auto,2024-08-02 04:22:11,,Pune,16.36,0.0,1.0,0.0,,No Show,,
OLA-TRIP-02229,OLA-CUST-0121,OLA-DRV-0077,Ola Mini,2024-06-01 07:09:40,2024-06-01 07:14:10,Hyderabad,1.25,4.5,1.0,43.75,Debit Card,Completed,4.5,3.8
OLA-TRIP-02230,OLA-CUST-0075,OLA-DRV-0044,Ola Auto,2025-04-01 22:37:41,2025-04-01 23:26:11,Mumbai,13.58,48.5,1.0,142.22,Ola Money,Completed,4.1,3.3
OLA-TRIP-02231,OLA-CUST-0022,OLA-DRV-0075,Ola Prime,2025-11-15 05:12:49,,Delhi,18.36,0.0,1.0,0.0,,Cancelled by Rider,,
OLA-TRIP-02232,OLA-CUST-0172,OLA-DRV-0070,Ola Mini,2024-05-13 02:25:02,2024-05-13 03:00:08,Hyderabad,8.02,35.1,1.0,118.22,UPI,Completed,3.1,4.5
OLA-TRIP-02233,OLA-CUST-0088,OLA-DRV-0070,Ola Mini,2025-01-11 15:26:39,2025-01-11 15:57:21,Hyderabad,7.45,30.7,1.0,111.95,Debit Card,Completed,3.8,3.3
OLA-TRIP-02234,OLA-CUST-0120,OLA-DRV-0069,Ola Bike,2025-06-26 00:09:22,,Mumbai,24.43,0.0,1.5,0.0,,Cancelled by Driver,,
OLA-TRIP-02235,OLA-CUST-0197,OLA-DRV-0003,Ola Prime SUV,2024-06-11 07:11:18,2024-06-11 07:18:36,Pune,1.71,7.3,1.5,138.74,Credit Card,Completed,3.1,3.0
OLA-TRIP-02236,OLA-CUST-0069,OLA-DRV-0018,Ola Bike,2023-02-13 06:33:52,,Bengaluru,18.11,0.0,1.0,0.0,,Cancelled by Driver,,
OLA-TRIP-02237,OLA-CUST-0189,OLA-DRV-0035,Ola Prime SUV,2025-01-21 09:32:48,2025-01-21 09:52:48,Bengaluru,7.16,20.0,1.0,196.04,UPI,Completed,3.2,3.1
OLA-TRIP-02238,OLA-CUST-0163,OLA-DRV-0006,Ola Prime SUV,2025-05-13 17:52:11,2025-05-13 18:59:41,Mumbai,23.66,67.5,1.0,509.54,Credit Card,Completed,4.2,3.1
OLA-TRIP-02239,OLA-CUST-0015,OLA-DRV-0054,Ola Auto,2023-12-03 03:45:45,2023-12-03 04:27:57,Ahmedabad,14.17,42.2,1.0,147.53,Cash,Completed,3.1,3.5
OLA-TRIP-02240,OLA-CUST-0014,OLA-DRV-0053,Ola Prime SUV,2024-09-10 17:18:09,2024-09-10 18:02:27,Bengaluru,10.51,44.3,1.0,259.69,Cash,Completed,3.8,4.6
OLA-TRIP-02241,OLA-CUST-0175,OLA-DRV-0068,Ola Prime SUV,2023-11-01 16:10:11,2023-11-01 16:59:05,Ahmedabad,11.7,48.9,1.2,338.76,Cash,Completed,3.6,4.3
OLA-TRIP-02242,OLA-CUST-0182,OLA-DRV-0060,Ola Auto,2023-02-14 04:57:54,,Kochi,24.48,0.0,2.0,0.0,,Cancelled by Rider,,
OLA-TRIP-02243,OLA-CUST-0009,OLA-DRV-0094,Ola Bike,2024-12-15 11:27:27,2024-12-15 11:39:45,Delhi,2.77,12.3,1.0,31.62,Cash,Completed,4.8,4.4
OLA-TRIP-02244,OLA-CUST-0108,OLA-DRV-0020,Ola Bike,2025-02-14 18:59:35,2025-02-14 19:36:41,Pune,10.06,37.1,1.0,75.36,UPI,Completed,3.4,3.5
OLA-TRIP-02245,OLA-CUST-0189,OLA-DRV-0018,Ola Bike,2023-02-25 03:57:19,2023-02-25 05:06:19,Bengaluru,15.98,69.0,1.0,110.88,Cash,Completed,3.2,3.7
OLA-TRIP-02246,OLA-CUST-0117,OLA-DRV-0001,Ola Auto,2023-10-17 06:35:16,,Chennai,23.92,0.0,1.2,0.0,,Cancelled by Rider,,
OLA-TRIP-02247,OLA-CUST-0174,OLA-DRV-0077,Ola Mini,2023-09-29 14:15:30,2023-09-29 14:38:00,Hyderabad,7.36,22.5,1.0,110.96,Debit Card,Completed,3.2,3.9
OLA-TRIP-02248,OLA-CUST-0125,OLA-DRV-0085,Ola Prime SUV,2025-10-31 23:55:51,2025-11-01 01:44:15,Bengaluru,24.55,108.4,1.0,526.45,UPI,Completed,3.1,3.6
OLA-TRIP-02249,OLA-CUST-0108,OLA-DRV-0003,Ola Prime SUV,2023-12-07 17:34:19,2023-12-07 18:52:43,Pune,19.29,78.4,1.0,426.51,Debit Card,Completed,4.9,3.3
OLA-TRIP-02250,OLA-CUST-0065,OLA-DRV-0059,Ola Prime,2023-04-28 02:05:44,2023-04-28 03:44:14,Pune,23.29,98.5,1.0,394.35,UPI,Completed,3.9,3.6
OLA-TRIP-02251,OLA-CUST-0062,OLA-DRV-0065,Ola Prime,2024-06-04 08:52:40,,Kolkata,23.02,0.0,1.0,0.0,,Cancelled by Rider,,
OLA-TRIP-02252,OLA-CUST-0127,OLA-DRV-0066,Ola Bike,2025-08-04 06:19:41,2025-08-04 06:30:17,Chennai,3.92,10.6,1.0,38.52,Cash,Completed,4.6,4.7
OLA-TRIP-02253,OLA-CUST-0110,OLA-DRV-0069,Ola Bike,2025-04-16 06:40:18,2025-04-16 07:04:54,Mumbai,7.83,24.6,1.0,61.98,Ola Money,Completed,4.4,3.4
OLA-TRIP-02254,OLA-CUST-0147,OLA-DRV-0006,Ola Prime SUV,2023-04-14 10:45:44,2023-04-14 11:12:56,Mumbai,6.8,27.2,1.0,189.2,Debit Card,Completed,4.3,3.0
OLA-TRIP-02255,OLA-CUST-0099,OLA-DRV-0035,Ola Prime SUV,2024-01-22 00:02:09,2024-01-22 00:24:27,Bengaluru,7.96,22.3,1.5,316.86,UPI,Completed,4.0,3.1
OLA-TRIP-02256,OLA-CUST-0166,OLA-DRV-0004,Ola Mini,2024-10-29 01:21:46,,Mumbai,7.0,0.0,1.2,0.0,,Cancelled by Rider,,
OLA-TRIP-02257,OLA-CUST-0104,OLA-DRV-0021,Ola Mini,2023-08-19 03:30:15,2023-08-19 04:15:21,Ahmedabad,11.06,45.1,1.2,181.99,UPI,Completed,3.7,3.3
OLA-TRIP-02258,OLA-CUST-0075,OLA-DRV-0004,Ola Mini,2024-03-10 16:01:38,,Mumbai,19.97,0.0,1.0,0.0,,Cancelled by Rider,,
OLA-TRIP-02259,OLA-CUST-0084,OLA-DRV-0038,Ola Prime,2023-08-11 00:24:19,2023-08-11 00:41:31,Kochi,6.5,17.2,1.0,142.5,UPI,Completed,3.3,3.2
OLA-TRIP-02260,OLA-CUST-0180,OLA-DRV-0096,Ola Prime SUV,2025-03-21 23:35:34,2025-03-21 23:45:58,Delhi,3.57,10.4,1.2,153.4,UPI,Completed,4.2,4.5
OLA-TRIP-02261,OLA-CUST-0095,OLA-DRV-0024,Ola Prime,2023-05-15 05:29:50,2023-05-15 06:17:26,Delhi,16.76,47.6,1.0,296.4,Ola Money,Completed,3.7,3.8
OLA-TRIP-02262,OLA-CUST-0153,OLA-DRV-0017,Ola Prime SUV,2024-07-01 20:39:33,2024-07-01 21:09:39,Delhi,8.25,30.1,1.0,216.75,UPI,Completed,4.9,3.7
OLA-TRIP-02263,OLA-CUST-0098,OLA-DRV-0070,Ola Mini,2025-10-25 10:20:16,2025-10-25 11:06:34,Hyderabad,14.03,46.3,1.2,221.2,Credit Card,Completed,3.4,3.1
OLA-TRIP-02264,OLA-CUST-0044,OLA-DRV-0049,Ola Mini,2024-05-19 10:05:29,2024-05-19 10:33:05,Kochi,10.53,27.6,1.0,145.83,Ola Money,Completed,4.6,4.7
OLA-TRIP-02265,OLA-CUST-0047,OLA-DRV-0087,Ola Mini,2025-07-22 01:06:07,,Ahmedabad,12.49,0.0,1.2,0.0,,Cancelled by Driver,,
OLA-TRIP-02266,OLA-CUST-0011,OLA-DRV-0091,Ola Mini,2025-06-07 03:22:45,2025-06-07 04:48:09,Mumbai,21.52,85.4,1.0,266.72,Cash,Completed,3.8,4.8
OLA-TRIP-02267,OLA-CUST-0070,OLA-DRV-0019,Ola Bike,2024-10-18 04:15:40,2024-10-18 05:01:40,Hyderabad,13.23,46.0,1.0,94.38,Cash,Completed,4.6,3.7
OLA-TRIP-02268,OLA-CUST-0035,OLA-DRV-0016,Ola Bike,2023-07-09 16:40:39,2023-07-09 16:50:15,Chennai,3.18,9.6,1.2,40.9,Credit Card,Completed,3.9,3.9
OLA-TRIP-02269,OLA-CUST-0135,OLA-DRV-0053,Ola Prime SUV,2023-07-18 21:00:38,2023-07-18 21:49:20,Bengaluru,17.78,48.7,2.0,795.64,UPI,Completed,4.4,3.4
OLA-TRIP-02270,OLA-CUST-0192,OLA-DRV-0021,Ola Mini,2025-12-12 22:50:30,2025-12-12 23:30:06,Ahmedabad,15.57,39.6,1.0,201.27,Ola Money,Completed,4.9,3.1
OLA-TRIP-02271,OLA-CUST-0091,OLA-DRV-0002,Ola Share,2023-04-18 16:21:18,2023-04-18 16:36:00,Kolkata,4.21,14.7,1.0,44.47,Cash,Completed,3.2,4.0
OLA-TRIP-02272,OLA-CUST-0163,OLA-DRV-0091,Ola Mini,2025-09-11 15:36:57,2025-09-11 16:19:09,Mumbai,16.47,42.2,1.0,211.17,Debit Card,Completed,3.8,3.9
OLA-TRIP-02273,OLA-CUST-0173,OLA-DRV-0097,Ola Share,2025-08-05 15:58:56,2025-08-05 17:34:14,Jaipur,23.5,95.3,1.2,215.4,UPI,Completed,5.0,3.8
OLA-TRIP-02274,OLA-CUST-0082,OLA-DRV-0003,Ola Prime SUV,2025-02-24 17:42:18,2025-02-24 18:15:18,Pune,7.56,33.0,1.0,203.64,Cash,Completed,4.0,4.9
OLA-TRIP-02275,OLA-CUST-0122,OLA-DRV-0100,Ola Bike,2025-03-21 15:19:33,2025-03-21 15:45:15,Kochi,9.25,25.7,1.5,105.75,Credit Card,Completed,3.9,4.4
OLA-TRIP-02276,OLA-CUST-0113,OLA-DRV-0003,Ola Prime SUV,2024-11-10 21:11:57,2024-11-10 21:47:27,Pune,11.29,35.5,1.0,274.51,Debit Card,Completed,3.7,4.6
OLA-TRIP-02277,OLA-CUST-0002,OLA-DRV-0005,Ola Share,2024-05-13 23:05:34,2024-05-13 23:13:58,Ahmedabad,2.89,8.4,1.5,52.85,Ola Money,Completed,3.5,4.4
OLA-TRIP-02278,OLA-CUST-0174,OLA-DRV-0082,Ola Share,2024-04-06 17:21:04,2024-04-06 19:02:52,Hyderabad,23.16,101.8,1.2,212.54,Credit Card,Completed,4.9,4.7
OLA-TRIP-02279,OLA-CUST-0027,OLA-DRV-0010,Ola Prime,2025-09-28 22:42:45,,Hyderabad,10.92,0.0,1.0,0.0,,Cancelled by Driver,,
OLA-TRIP-02280,OLA-CUST-0175,OLA-DRV-0064,Ola Prime,2024-04-29 23:16:39,2024-04-30 00:49:27,Ahmedabad,23.53,92.8,1.0,397.95,Debit Card,Completed,4.1,3.7
OLA-TRIP-02281,OLA-CUST-0200,OLA-DRV-0080,Ola Auto,2025-09-28 22:33:53,2025-09-28 22:45:53,Bengaluru,3.7,12.0,1.2,63.96,UPI,Completed,3.6,3.4
OLA-TRIP-02282,OLA-CUST-0041,OLA-DRV-0081,Ola Share,2023-12-08 00:49:58,,Chennai,2.2,0.0,1.2,0.0,,Cancelled by Driver,,
OLA-TRIP-02283,OLA-CUST-0028,OLA-DRV-0030,Ola Share,2025-03-11 08:17:34,2025-03-11 08:33:16,Kochi,3.84,15.7,1.0,41.88,Credit Card,Completed,3.8,3.8
OLA-TRIP-02284,OLA-CUST-0126,OLA-DRV-0006,Ola Prime SUV,2024-05-29 22:41:11,2024-05-29 23:36:41,Mumbai,21.58,55.5,1.0,470.02,UPI,Completed,4.6,4.2
OLA-TRIP-02285,OLA-CUST-0047,OLA-DRV-0054,Ola Auto,2023-04-05 05:33:17,,Ahmedabad,7.76,0.0,1.0,0.0,,Cancelled by Rider,,
OLA-TRIP-02286,OLA-CUST-0113,OLA-DRV-0063,Ola Prime,2024-11-19 01:31:32,2024-11-19 02:56:56,Pune,19.47,85.4,1.2,404.46,Credit Card,Completed,3.4,4.9
OLA-TRIP-02287,OLA-CUST-0118,OLA-DRV-0068,Ola Prime SUV,2025-06-01 05:02:17,,Ahmedabad,11.25,0.0,1.0,0.0,,Cancelled by Rider,,
OLA-TRIP-02288,OLA-CUST-0145,OLA-DRV-0096,Ola Prime SUV,2025-05-25 07:32:31,2025-05-25 07:54:43,Delhi,5.33,22.2,2.0,322.54,UPI,Completed,3.8,3.9
OLA-TRIP-02289,OLA-CUST-0194,OLA-DRV-0043,Ola Bike,2024-06-13 08:54:31,2024-06-13 10:21:55,Bengaluru,24.49,87.4,1.2,194.33,Cash,Completed,3.6,4.7
OLA-TRIP-02290,OLA-CUST-0156,OLA-DRV-0032,Ola Auto,2024-03-27 18:24:32,2024-03-27 18:50:08,Jaipur,6.99,25.6,1.0,82.91,Cash,Completed,4.4,4.4
OLA-TRIP-02291,OLA-CUST-0161,OLA-DRV-0099,Ola Auto,2024-10-28 01:04:11,2024-10-28 01:40:11,Kochi,12.53,36.0,1.0,132.77,Credit Card,Completed,4.0,3.1
OLA-TRIP-02292,OLA-CUST-0017,OLA-DRV-0076,Ola Share,2023-05-29 13:14:25,2023-05-29 14:12:49,Delhi,14.06,58.4,2.0,226.84,Ola Money,Completed,3.5,4.3
OLA-TRIP-02293,OLA-CUST-0027,OLA-DRV-0045,Ola Prime,2024-12-18 04:17:46,2024-12-18 05:50:34,Hyderabad,21.49,92.8,1.0,367.35,Debit Card,Completed,4.3,4.4
OLA-TRIP-02294,OLA-CUST-0161,OLA-DRV-0038,Ola Prime,2024-09-12 08:42:53,2024-09-12 09:59:35,Kochi,17.89,76.7,1.5,470.03,Credit Card,Completed,4.6,3.8
OLA-TRIP-02295,OLA-CUST-0179,OLA-DRV-0044,Ola Auto,2025-01-16 14:31:56,2025-01-16 15:14:50,Mumbai,17.09,42.9,1.5,260.72,Ola Money,Completed,3.8,4.3
OLA-TRIP-02296,OLA-CUST-0031,OLA-DRV-0098,Ola Prime,2023-07-22 23:58:29,2023-07-23 01:00:17,Hyderabad,17.25,61.8,1.0,303.75,UPI,Completed,3.8,3.6
OLA-TRIP-02297,OLA-CUST-0037,OLA-DRV-0074,Ola Bike,2024-01-19 05:49:13,2024-01-19 06:14:37,Jaipur,9.89,25.4,1.0,74.34,Cash,Completed,4.2,4.1
OLA-TRIP-02298,OLA-CUST-0186,OLA-DRV-0035,Ola Prime SUV,2024-11-27 08:48:19,,Bengaluru,1.64,0.0,1.0,0.0,,No Show,,
OLA-TRIP-02299,OLA-CUST-0159,OLA-DRV-0051,Ola Mini,2023-03-14 15:34:52,2023-03-14 16:26:16,Chennai,11.8,51.4,1.0,159.8,Cash,Completed,3.1,4.9
OLA-TRIP-02300,OLA-CUST-0167,OLA-DRV-0092,Ola Prime,2025-08-20 12:22:37,2025-08-20 13:31:43,Pune,22.36,69.1,1.0,380.4,Cash,Completed,4.7,4.1
OLA-TRIP-02301,OLA-CUST-0071,OLA-DRV-0043,Ola Bike,2023-07-04 14:11:21,2023-07-04 14:43:21,Bengaluru,8.53,32.0,1.0,66.18,Credit Card,Completed,3.4,3.7
OLA-TRIP-02302,OLA-CUST-0109,OLA-DRV-0096,Ola Prime SUV,2025-08-05 02:59:31,2025-08-05 03:37:19,Delhi,13.02,37.8,1.0,307.38,Cash,Completed,4.8,3.1
OLA-TRIP-02303,OLA-CUST-0182,OLA-DRV-0100,Ola Bike,2024-10-14 14:54:20,2024-10-14 15:05:38,Kochi,3.03,11.3,2.0,66.36,Credit Card,Completed,3.4,3.1
OLA-TRIP-02304,OLA-CUST-0053,OLA-DRV-0054,Ola Auto,2025-05-12 14:56:46,2025-05-12 15:00:28,Ahmedabad,1.03,3.7,1.2,35.12,Ola Money,Completed,3.3,3.7
OLA-TRIP-02305,OLA-CUST-0183,OLA-DRV-0027,Ola Auto,2024-08-14 21:01:46,2024-08-14 21:35:22,Chennai,11.99,33.6,1.5,191.87,UPI,Completed,3.3,4.0
OLA-TRIP-02306,OLA-CUST-0081,OLA-DRV-0033,Ola Prime,2023-01-07 10:00:37,2023-01-07 11:01:31,Jaipur,17.99,60.9,1.2,377.82,Credit Card,Completed,3.5,4.1
OLA-TRIP-02307,OLA-CUST-0173,OLA-DRV-0093,Ola Prime,2023-12-16 06:16:03,2023-12-16 07:02:03,Jaipur,13.63,46.0,1.0,249.45,Cash,Completed,3.9,4.2
OLA-TRIP-02308,OLA-CUST-0167,OLA-DRV-0003,Ola Prime SUV,2023-08-19 21:30:05,,Pune,24.88,0.0,1.0,0.0,,Cancelled by Driver,,
OLA-TRIP-02309,OLA-CUST-0148,OLA-DRV-0062,Ola Auto,2024-09-12 05:53:14,,Mumbai,22.16,0.0,1.2,0.0,,Cancelled by Driver,,
OLA-TRIP-02310,OLA-CUST-0045,OLA-DRV-0092,Ola Prime,2024-03-05 08:51:15,2024-03-05 09:49:39,Pune,18.69,58.4,1.2,390.42,Ola Money,Completed,3.8,3.6
OLA-TRIP-02311,OLA-CUST-0017,OLA-DRV-0024,Ola Prime,2024-11-15 19:25:06,2024-11-15 20:17:30,Delhi,17.81,52.4,1.0,312.15,Cash,Completed,4.8,4.1
OLA-TRIP-02312,OLA-CUST-0152,OLA-DRV-0096,Ola Prime SUV,2024-10-31 10:09:36,2024-10-31 11:30:54,Delhi,21.25,81.3,1.0,463.75,Ola Money,Completed,3.6,4.5
OLA-TRIP-02313,OLA-CUST-0016,OLA-DRV-0031,Ola Mini,2024-11-22 08:29:30,,Kochi,18.8,0.0,2.0,0.0,,No Show,,
OLA-TRIP-02314,OLA-CUST-0119,OLA-DRV-0076,Ola Share,2025-06-07 20:57:43,2025-06-07 21:59:43,Delhi,20.09,62.0,1.0,155.63,Ola Money,Completed,3.5,4.4
OLA-TRIP-02315,OLA-CUST-0037,OLA-DRV-0032,Ola Auto,2025-05-20 19:53:58,,Jaipur,1.73,0.0,1.0,0.0,,Cancelled by Driver,,
OLA-TRIP-02316,OLA-CUST-0048,OLA-DRV-0032,Ola Auto,2025-06-23 03:18:29,2025-06-23 04:38:17,Jaipur,22.59,79.8,1.2,267.97,Ola Money,Completed,3.2,4.2
OLA-TRIP-02317,OLA-CUST-0076,OLA-DRV-0098,Ola Prime,2023-07-10 00:40:47,2023-07-10 00:55:47,Hyderabad,4.88,15.0,1.0,118.2,Debit Card,Completed,3.4,3.4
OLA-TRIP-02318,OLA-CUST-0111,OLA-DRV-0098,Ola Prime,2023-05-20 22:27:50,2023-05-20 23:58:50,Hyderabad,23.04,91.0,1.0,390.6,UPI,Completed,4.6,4.6
OLA-TRIP-02319,OLA-CUST-0186,OLA-DRV-0080,Ola Auto,2024-12-20 12:09:30,2024-12-20 12:55:24,Bengaluru,10.71,45.9,1.0,116.39,Cash,Completed,3.5,4.0
OLA-TRIP-02320,OLA-CUST-0135,OLA-DRV-0035,Ola Prime SUV,2023-09-28 00:49:09,2023-09-28 01:49:03,Bengaluru,15.27,59.9,1.0,350.13,Credit Card,Completed,4.3,4.8
OLA-TRIP-02321,OLA-CUST-0047,OLA-DRV-0068,Ola Prime SUV,2024-11-22 11:22:43,2024-11-22 11:32:49,Ahmedabad,3.67,10.1,1.0,129.73,Debit Card,Completed,5.0,3.7
OLA-TRIP-02322,OLA-CUST-0079,OLA-DRV-0070,Ola Mini,2023-09-26 18:53:28,2023-09-26 19:55:22,Hyderabad,17.39,61.9,1.2,265.55,Ola Money,Completed,4.8,4.3
OLA-TRIP-02323,OLA-CUST-0031,OLA-DRV-0082,Ola Share,2023-03-28 15:20:54,2023-03-28 15:59:48,Hyderabad,13.53,38.9,1.0,109.71,Debit Card,Completed,3.9,5.0
OLA-TRIP-02324,OLA-CUST-0132,OLA-DRV-0063,Ola Prime,2023-06-18 09:18:32,2023-06-18 10:01:50,Pune,11.31,43.3,1.0,214.65,Credit Card,Completed,3.4,4.8
OLA-TRIP-02325,OLA-CUST-0158,OLA-DRV-0051,Ola Mini,2025-03-18 10:43:20,2025-03-18 11:46:20,Chennai,14.58,63.0,1.0,190.38,Cash,Completed,4.0,3.1
OLA-TRIP-02326,OLA-CUST-0067,OLA-DRV-0067,Ola Share,2025-12-24 08:15:50,2025-12-24 09:06:14,Delhi,15.13,50.4,1.0,120.91,Ola Money,Completed,4.5,4.0
OLA-TRIP-02327,OLA-CUST-0166,OLA-DRV-0047,Ola Bike,2025-05-01 12:30:02,2025-05-01 13:15:32,Mumbai,12.8,45.5,1.0,91.8,UPI,Completed,3.6,3.1
OLA-TRIP-02328,OLA-CUST-0105,OLA-DRV-0066,Ola Bike,2023-07-13 22:02:12,2023-07-13 22:49:48,Chennai,16.62,47.6,1.0,114.72,Debit Card,Completed,3.8,4.7
OLA-TRIP-02329,OLA-CUST-0088,OLA-DRV-0070,Ola Mini,2023-11-08 03:44:45,2023-11-08 04:45:57,Hyderabad,21.92,61.2,1.0,271.12,Ola Money,Completed,4.5,3.3
OLA-TRIP-02330,OLA-CUST-0180,OLA-DRV-0023,Ola Bike,2025-11-21 00:15:39,2025-11-21 01:39:09,Delhi,19.9,83.5,1.0,134.4,Credit Card,Completed,3.1,4.7
OLA-TRIP-02331,OLA-CUST-0145,OLA-DRV-0024,Ola Prime,2023-02-21 08:28:45,2023-02-21 09:10:39,Delhi,11.29,41.9,1.0,214.35,Credit Card,Completed,4.3,4.1
OLA-TRIP-02332,OLA-CUST-0090,OLA-DRV-0063,Ola Prime,2024-09-24 04:03:10,2024-09-24 04:17:34,Pune,4.47,14.4,1.2,134.46,Ola Money,Completed,3.8,4.5
OLA-TRIP-02333,OLA-CUST-0138,OLA-DRV-0001,Ola Auto,2024-07-03 22:50:09,2024-07-03 23:51:39,Chennai,17.85,61.5,1.0,180.65,Debit Card,Completed,4.7,3.8
OLA-TRIP-02334,OLA-CUST-0016,OLA-DRV-0100,Ola Bike,2025-07-09 10:54:25,,Kochi,11.61,0.0,1.0,0.0,,Cancelled by Rider,,
OLA-TRIP-02335,OLA-CUST-0195,OLA-DRV-0088,Ola Auto,2025-11-16 15:15:38,2025-11-16 15:27:26,Kolkata,3.81,11.8,1.5,81.44,Credit Card,Completed,4.1,3.0
OLA-TRIP-02336,OLA-CUST-0158,OLA-DRV-0040,Ola Bike,2025-07-24 13:32:15,2025-07-24 14:24:03,Chennai,12.15,51.8,1.0,87.9,Ola Money,Completed,3.5,4.7
OLA-TRIP-02337,OLA-CUST-0105,OLA-DRV-0016,Ola Bike,2025-08-12 01:44:29,,Chennai,18.97,0.0,1.0,0.0,,No Show,,
OLA-TRIP-02338,OLA-CUST-0017,OLA-DRV-0094,Ola Bike,2023-01-16 07:14:21,2023-01-16 08:11:33,Delhi,20.34,57.2,1.5,205.56,UPI,Completed,4.4,3.9
OLA-TRIP-02339,OLA-CUST-0019,OLA-DRV-0013,Ola Auto,2025-11-25 13:38:11,2025-11-25 13:43:29,Kolkata,1.37,5.3,1.0,32.33,UPI,Completed,4.7,3.7
OLA-TRIP-02340,OLA-CUST-0052,OLA-DRV-0005,Ola Share,2023-10-04 11:38:47,2023-10-04 12:16:59,Ahmedabad,11.04,38.2,1.0,92.28,Cash,Completed,4.4,4.3
OLA-TRIP-02341,OLA-CUST-0088,OLA-DRV-0077,Ola Mini,2024-04-28 07:56:24,,Hyderabad,2.1,0.0,1.0,0.0,,Cancelled by Driver,,
OLA-TRIP-02342,OLA-CUST-0182,OLA-DRV-0100,Ola Bike,2024-01-30 06:43:00,2024-01-30 08:06:48,Kochi,23.86,83.8,1.0,158.16,Debit Card,Completed,4.3,3.8
OLA-TRIP-02343,OLA-CUST-0080,OLA-DRV-0070,Ola Mini,2024-01-27 02:27:21,2024-01-27 02:59:39,Hyderabad,9.72,32.3,1.0,136.92,Cash,Completed,3.9,3.4
OLA-TRIP-02344,OLA-CUST-0099,OLA-DRV-0043,Ola Bike,2025-05-17 16:00:41,2025-05-17 16:13:53,Bengaluru,3.55,13.2,1.5,54.45,Debit Card,Completed,4.2,3.4
OLA-TRIP-02345,OLA-CUST-0089,OLA-DRV-0063,Ola Prime,2024-01-22 08:47:46,2024-01-22 09:24:34,Pune,11.6,36.8,1.0,219.0,Cash,Completed,3.5,4.9
OLA-TRIP-02346,OLA-CUST-0110,OLA-DRV-0086,Ola Prime,2025-10-21 13:51:51,2025-10-21 15:15:15,Mumbai,20.44,83.4,1.2,421.92,UPI,Completed,3.8,3.1
OLA-TRIP-02347,OLA-CUST-0005,OLA-DRV-0035,Ola Prime SUV,2025-12-25 19:16:35,,Bengaluru,20.33,0.0,2.0,0.0,,Cancelled by Rider,,
OLA-TRIP-02348,OLA-CUST-0113,OLA-DRV-0036,Ola Mini,2024-02-04 14:16:55,2024-02-04 14:38:07,Pune,4.92,21.2,1.0,84.12,Debit Card,Completed,3.6,3.0
OLA-TRIP-02349,OLA-CUST-0117,OLA-DRV-0016,Ola Bike,2023-02-16 14:26:45,2023-02-16 14:50:27,Chennai,9.25,23.7,1.0,70.5,Debit Card,Completed,4.3,3.1
OLA-TRIP-02350,OLA-CUST-0007,OLA-DRV-0075,Ola Prime,2024-06-23 06:47:32,2024-06-23 08:01:02,Delhi,20.31,73.5,1.2,419.58,UPI,Completed,4.6,3.1
OLA-TRIP-02351,OLA-CUST-0114,OLA-DRV-0093,Ola Prime,2023-02-02 22:01:00,2023-02-02 22:47:00,Jaipur,15.05,46.0,1.0,270.75,Debit Card,Completed,3.6,4.8
OLA-TRIP-02352,OLA-CUST-0152,OLA-DRV-0058,Ola Share,2025-04-09 19:57:43,2025-04-09 20:28:43,Delhi,7.1,31.0,2.0,129.4,UPI,Completed,5.0,3.7
OLA-TRIP-02353,OLA-CUST-0048,OLA-DRV-0097,Ola Share,2023-08-26 08:55:45,2023-08-26 09:58:03,Jaipur,16.59,62.3,1.0,131.13,Cash,Completed,4.3,4.4
OLA-TRIP-02354,OLA-CUST-0085,OLA-DRV-0025,Ola Prime,2023-10-30 05:55:44,2023-10-30 07:30:44,Ahmedabad,21.9,95.0,1.0,373.5,Debit Card,Completed,5.0,3.0
OLA-TRIP-02355,OLA-CUST-0053,OLA-DRV-0087,Ola Mini,2025-08-05 22:45:26,2025-08-05 22:57:26,Ahmedabad,4.64,12.0,1.5,121.56,UPI,Completed,4.3,4.8
OLA-TRIP-02356,OLA-CUST-0111,OLA-DRV-0098,Ola Prime,2024-07-20 17:45:22,2024-07-20 18:38:34,Hyderabad,13.55,53.2,1.0,248.25,Ola Money,Completed,5.0,4.1
OLA-TRIP-02357,OLA-CUST-0127,OLA-DRV-0072,Ola Prime,2023-05-24 11:41:35,2023-05-24 12:34:11,Chennai,15.31,52.6,1.0,274.65,Cash,Completed,3.1,3.4
OLA-TRIP-02358,OLA-CUST-0140,OLA-DRV-0011,Ola Bike,2024-03-09 06:26:23,2024-03-09 07:04:23,Mumbai,11.63,38.0,1.0,84.78,Ola Money,Completed,4.0,4.0
OLA-TRIP-02359,OLA-CUST-0179,OLA-DRV-0062,Ola Auto,2024-12-04 06:59:09,2024-12-04 07:23:39,Mumbai,6.51,24.5,1.0,78.59,Cash,Completed,3.9,4.7
OLA-TRIP-02360,OLA-CUST-0067,OLA-DRV-0023,Ola Bike,2025-01-20 19:45:31,,Delhi,22.91,0.0,1.0,0.0,,Cancelled by Rider,,
OLA-TRIP-02361,OLA-CUST-0169,OLA-DRV-0095,Ola Mini,2024-11-06 11:52:41,2024-11-06 12:50:23,Mumbai,18.05,57.7,1.0,228.55,Debit Card,Completed,3.3,3.7
OLA-TRIP-02362,OLA-CUST-0188,OLA-DRV-0036,Ola Mini,2025-08-23 02:54:26,2025-08-23 03:53:20,Pune,16.54,58.9,1.0,211.94,Cash,Completed,4.0,4.1
OLA-TRIP-02363,OLA-CUST-0200,OLA-DRV-0053,Ola Prime SUV,2023-05-16 02:48:37,,Bengaluru,14.84,0.0,1.0,0.0,,Cancelled by Rider,,
OLA-TRIP-02364,OLA-CUST-0076,OLA-DRV-0019,Ola Bike,2025-04-29 14:33:24,2025-04-29 15:18:54,Hyderabad,10.71,45.5,1.0,79.26,Debit Card,Completed,3.3,4.4
OLA-TRIP-02365,OLA-CUST-0107,OLA-DRV-0054,Ola Auto,2024-04-22 23:08:31,2024-04-22 23:16:49,Ahmedabad,1.91,8.3,1.0,37.19,UPI,Completed,4.8,4.5
OLA-TRIP-02366,OLA-CUST-0002,OLA-DRV-0087,Ola Mini,2023-01-08 19:46:09,2023-01-08 20:34:45,Ahmedabad,17.61,48.6,1.0,223.71,Cash,Completed,3.9,3.4
OLA-TRIP-02367,OLA-CUST-0148,OLA-DRV-0008,Ola Auto,2024-02-26 16:18:21,,Mumbai,7.61,0.0,1.0,0.0,,Cancelled by Rider,,
OLA-TRIP-02368,OLA-CUST-0092,OLA-DRV-0091,Ola Mini,2025-01-03 15:51:27,2025-01-03 16:55:03,Mumbai,15.64,63.6,1.2,242.45,Credit Card,Completed,4.7,4.7
OLA-TRIP-02369,OLA-CUST-0094,OLA-DRV-0064,Ola Prime,2025-03-14 09:23:49,2025-03-14 09:55:13,Ahmedabad,11.06,31.4,1.0,210.9,Credit Card,Completed,4.5,4.1
OLA-TRIP-02370,OLA-CUST-0042,OLA-DRV-0033,Ola Prime,2024-12-22 19:18:25,2024-12-22 19:39:01,Jaipur,7.4,20.6,1.0,156.0,Debit Card,Completed,3.6,4.4
OLA-TRIP-02371,OLA-CUST-0180,OLA-DRV-0096,Ola Prime SUV,2023-01-26 16:55:16,2023-01-26 17:57:46,Delhi,17.84,62.5,1.0,398.96,Credit Card,Completed,4.9,3.5
OLA-TRIP-02372,OLA-CUST-0100,OLA-DRV-0079,Ola Bike,2023-01-19 14:48:30,,Ahmedabad,6.08,0.0,1.0,0.0,,No Show,,
OLA-TRIP-02373,OLA-CUST-0165,OLA-DRV-0080,Ola Auto,2023-06-30 13:29:53,2023-06-30 13:50:29,Bengaluru,7.42,20.6,1.0,86.78,UPI,Completed,3.8,3.7
OLA-TRIP-02374,OLA-CUST-0182,OLA-DRV-0049,Ola Mini,2023-06-26 00:41:57,,Kochi,4.35,0.0,1.0,0.0,,No Show,,
OLA-TRIP-02375,OLA-CUST-0080,OLA-DRV-0098,Ola Prime,2023-03-09 22:29:16,2023-03-09 22:36:40,Hyderabad,2.09,7.4,1.0,76.35,UPI,Completed,3.4,3.8
OLA-TRIP-02376,OLA-CUST-0055,OLA-DRV-0039,Ola Mini,2025-06-04 18:37:42,,Kolkata,12.93,0.0,1.0,0.0,,Cancelled by Rider,,
OLA-TRIP-02377,OLA-CUST-0159,OLA-DRV-0051,Ola Mini,2024-09-16 11:27:21,2024-09-16 12:39:45,Chennai,19.59,72.4,1.0,245.49,UPI,Completed,4.7,4.3
OLA-TRIP-02378,OLA-CUST-0182,OLA-DRV-0090,Ola Mini,2025-12-03 05:33:22,2025-12-03 06:48:16,Kochi,24.64,74.9,1.0,301.04,Ola Money,Completed,3.4,3.7
OLA-TRIP-02379,OLA-CUST-0178,OLA-DRV-0001,Ola Auto,2024-05-26 04:35:45,2024-05-26 05:26:15,Chennai,19.85,50.5,1.0,198.65,Cash,Completed,3.8,3.8
OLA-TRIP-02380,OLA-CUST-0118,OLA-DRV-0079,Ola Bike,2025-02-09 17:31:14,,Ahmedabad,13.2,0.0,1.0,0.0,,Cancelled by Rider,,
OLA-TRIP-02381,OLA-CUST-0011,OLA-DRV-0044,Ola Auto,2023-09-02 05:49:52,2023-09-02 06:51:28,Mumbai,15.84,61.6,1.0,162.56,UPI,Completed,3.9,3.7
OLA-TRIP-02382,OLA-CUST-0067,OLA-DRV-0076,Ola Share,2024-11-14 22:31:57,2024-11-14 23:48:45,Delhi,23.08,76.8,1.0,176.56,Ola Money,Completed,4.8,3.2
OLA-TRIP-02383,OLA-CUST-0153,OLA-DRV-0024,Ola Prime,2025-01-31 04:09:38,2025-01-31 05:03:50,Delhi,15.55,54.2,1.0,278.25,Debit Card,Completed,4.5,4.2
OLA-TRIP-02384,OLA-CUST-0067,OLA-DRV-0017,Ola Prime SUV,2024-10-20 08:38:10,2024-10-20 09:25:34,Delhi,17.94,47.4,1.5,601.29,Ola Money,Completed,3.4,3.5
OLA-TRIP-02385,OLA-CUST-0168,OLA-DRV-0051,Ola Mini,2024-04-13 11:09:18,2024-04-13 11:41:30,Chennai,8.34,32.2,1.0,121.74,Debit Card,Completed,4.1,4.6
OLA-TRIP-02386,OLA-CUST-0142,OLA-DRV-0099,Ola Auto,2023-11-14 14:47:17,2023-11-14 15:23:47,Kochi,9.59,36.5,1.0,106.31,Ola Money,Completed,4.2,4.3
OLA-TRIP-02387,OLA-CUST-0159,OLA-DRV-0072,Ola Prime,2023-03-02 00:28:41,2023-03-02 01:45:47,Chennai,23.9,77.1,1.0,403.5,UPI,Completed,5.0,3.6
OLA-TRIP-02388,OLA-CUST-0059,OLA-DRV-0050,Ola Prime SUV,2024-06-09 08:08:55,2024-06-09 08:51:25,Kochi,14.59,42.5,1.2,404.65,UPI,Completed,3.8,3.6
OLA-TRIP-02389,OLA-CUST-0138,OLA-DRV-0072,Ola Prime,2024-09-23 02:29:12,,Chennai,8.65,0.0,1.0,0.0,,Cancelled by Rider,,
OLA-TRIP-02390,OLA-CUST-0054,OLA-DRV-0051,Ola Mini,2024-03-17 06:57:30,2024-03-17 08:02:24,Chennai,16.23,64.9,1.5,312.8,Credit Card,Completed,4.5,4.8
OLA-TRIP-02391,OLA-CUST-0077,OLA-DRV-0038,Ola Prime,2024-05-09 00:15:39,2024-05-09 00:49:27,Kochi,8.73,33.8,1.0,175.95,UPI,Completed,3.4,4.5
OLA-TRIP-02392,OLA-CUST-0112,OLA-DRV-0033,Ola Prime,2024-06-11 08:08:23,2024-06-11 08:40:29,Jaipur,7.13,32.1,1.0,151.95,Credit Card,Completed,4.2,4.3
OLA-TRIP-02393,OLA-CUST-0089,OLA-DRV-0028,Ola Prime,2023-12-20 23:26:15,2023-12-20 23:50:33,Pune,8.09,24.3,1.0,166.35,Debit Card,Completed,3.5,3.8
OLA-TRIP-02394,OLA-CUST-0127,OLA-DRV-0081,Ola Share,2023-09-29 22:15:48,2023-09-29 22:53:06,Chennai,8.68,37.3,1.0,75.76,Credit Card,Completed,5.0,5.0
OLA-TRIP-02395,OLA-CUST-0085,OLA-DRV-0073,Ola Share,2023-04-05 12:42:23,2023-04-05 13:39:59,Ahmedabad,15.62,57.6,1.0,124.34,Credit Card,Completed,4.5,3.3
OLA-TRIP-02396,OLA-CUST-0026,OLA-DRV-0081,Ola Share,2023-08-31 05:19:56,2023-08-31 05:38:14,Chennai,4.9,18.3,1.0,49.3,Cash,Completed,3.9,4.6
OLA-TRIP-02397,OLA-CUST-0042,OLA-DRV-0097,Ola Share,2025-08-04 08:29:56,2025-08-04 09:46:38,Jaipur,19.57,76.7,1.0,151.99,Cash,Completed,3.1,3.3
OLA-TRIP-02398,OLA-CUST-0196,OLA-DRV-0048,Ola Auto,2024-07-25 23:30:08,2024-07-26 00:56:38,Kolkata,24.98,86.5,1.5,367.23,Cash,Completed,4.9,4.9
OLA-TRIP-02399,OLA-CUST-0183,OLA-DRV-0066,Ola Bike,2024-10-22 05:06:31,2024-10-22 05:45:43,Chennai,9.01,39.2,2.0,138.12,Debit Card,Completed,3.8,4.8
OLA-TRIP-02400,OLA-CUST-0154,OLA-DRV-0092,Ola Prime,2023-07-06 22:36:46,,Pune,2.44,0.0,1.5,0.0,,Cancelled by Rider,,
OLA-TRIP-02401,OLA-CUST-0161,OLA-DRV-0030,Ola Share,2025-02-20 16:25:45,2025-02-20 16:35:33,Kochi,3.78,9.8,1.0,41.46,Cash,Completed,4.0,4.4
OLA-TRIP-02402,OLA-CUST-0104,OLA-DRV-0087,Ola Mini,2023-08-01 20:01:20,2023-08-01 20:20:20,Ahmedabad,5.11,19.0,1.0,86.21,Credit Card,Completed,3.9,3.3
OLA-TRIP-02403,OLA-CUST-0027,OLA-DRV-0019,Ola Bike,2024-10-28 13:24:36,2024-10-28 14:08:18,Hyderabad,16.81,43.7,1.5,173.79,Cash,Completed,3.9,3.9
OLA-TRIP-02404,OLA-CUST-0113,OLA-DRV-0007,Ola Prime,2024-10-03 03:03:41,2024-10-03 03:52:05,Pune,12.11,48.4,1.0,226.65,Debit Card,Completed,4.3,4.4
OLA-TRIP-02405,OLA-CUST-0083,OLA-DRV-0053,Ola Prime SUV,2024-12-18 13:07:54,2024-12-18 13:25:00,Bengaluru,4.74,17.1,1.2,180.07,Credit Card,Completed,4.4,4.9
OLA-TRIP-02406,OLA-CUST-0147,OLA-DRV-0095,Ola Mini,2025-11-10 18:50:29,2025-11-10 19:17:05,Mumbai,6.02,26.6,1.0,96.22,Cash,Completed,4.0,3.2
OLA-TRIP-02407,OLA-CUST-0193,OLA-DRV-0098,Ola Prime,2024-02-13 03:27:08,,Hyderabad,6.47,0.0,1.0,0.0,,Cancelled by Rider,,
OLA-TRIP-02408,OLA-CUST-0033,OLA-DRV-0065,Ola Prime,2024-12-28 05:08:43,2024-12-28 06:25:25,Kolkata,19.91,76.7,1.2,412.38,Ola Money,Completed,4.2,4.1
OLA-TRIP-02409,OLA-CUST-0153,OLA-DRV-0061,Ola Bike,2024-11-27 06:56:49,2024-11-27 07:06:07,Delhi,3.01,9.3,1.0,33.06,Cash,Completed,4.8,4.4
OLA-TRIP-02410,OLA-CUST-0097,OLA-DRV-0003,Ola Prime SUV,2023-11-13 05:19:51,2023-11-13 06:22:45,Pune,24.82,62.9,1.0,531.58,Cash,Completed,4.6,4.2
OLA-TRIP-02411,OLA-CUST-0022,OLA-DRV-0017,Ola Prime SUV,2025-12-08 15:24:05,2025-12-08 16:25:11,Delhi,20.65,61.1,1.2,542.82,Credit Card,Completed,3.2,3.8
OLA-TRIP-02412,OLA-CUST-0051,OLA-DRV-0088,Ola Auto,2025-08-26 01:46:59,,Kolkata,11.29,0.0,1.0,0.0,,Cancelled by Driver,,
OLA-TRIP-02413,OLA-CUST-0133,OLA-DRV-0025,Ola Prime,2023-08-21 09:18:44,2023-08-21 10:11:20,Ahmedabad,19.21,52.6,1.2,399.78,Cash,Completed,4.7,4.5
OLA-TRIP-02414,OLA-CUST-0189,OLA-DRV-0043,Ola Bike,2024-02-11 18:58:48,2024-02-11 19:12:24,Bengaluru,4.34,13.6,1.0,41.04,Debit Card,Completed,3.8,3.6
OLA-TRIP-02415,OLA-CUST-0137,OLA-DRV-0079,Ola Bike,2025-09-28 09:21:33,,Ahmedabad,4.57,0.0,1.2,0.0,,Cancelled by Driver,,
OLA-TRIP-02416,OLA-CUST-0048,OLA-DRV-0034,Ola Bike,2023-07-27 03:38:46,2023-07-27 05:13:22,Jaipur,24.9,94.6,1.2,197.28,Credit Card,Completed,4.6,3.2
OLA-TRIP-02417,OLA-CUST-0192,OLA-DRV-0005,Ola Share,2025-02-27 18:44:09,2025-02-27 19:44:03,Ahmedabad,17.86,59.9,1.0,140.02,Debit Card,Completed,3.2,4.0
OLA-TRIP-02418,OLA-CUST-0106,OLA-DRV-0031,Ola Mini,2025-01-05 04:41:42,2025-01-05 05:41:12,Kochi,19.57,59.5,1.2,294.32,Credit Card,Completed,4.4,3.2
OLA-TRIP-02419,OLA-CUST-0146,OLA-DRV-0075,Ola Prime,2025-03-19 04:51:39,2025-03-19 04:59:15,Delhi,2.43,7.6,1.0,81.45,UPI,Completed,3.4,4.0
OLA-TRIP-02420,OLA-CUST-0004,OLA-DRV-0069,Ola Bike,2025-05-25 23:06:21,,Mumbai,2.86,0.0,1.0,0.0,,Cancelled by Driver,,
OLA-TRIP-02421,OLA-CUST-0103,OLA-DRV-0086,Ola Prime,2024-04-15 21:22:47,2024-04-15 21:39:23,Mumbai,4.98,16.6,1.2,143.64,Ola Money,Completed,3.4,4.4
OLA-TRIP-02422,OLA-CUST-0042,OLA-DRV-0093,Ola Prime,2023-01-18 02:37:30,2023-01-18 03:28:18,Jaipur,17.12,50.8,1.2,362.16,Ola Money,Completed,3.1,4.0
OLA-TRIP-02423,OLA-CUST-0123,OLA-DRV-0033,Ola Prime,2025-06-27 19:49:05,2025-06-27 21:28:11,Jaipur,22.39,99.1,1.0,380.85,Ola Money,Completed,4.6,3.8
OLA-TRIP-02424,OLA-CUST-0181,OLA-DRV-0010,Ola Prime,2025-09-30 10:25:55,2025-09-30 10:36:31,Hyderabad,2.54,10.6,1.2,99.72,Ola Money,Completed,4.1,3.6
OLA-TRIP-02425,OLA-CUST-0083,OLA-DRV-0012,Ola Prime SUV,2024-11-19 08:31:47,,Bengaluru,5.57,0.0,1.0,0.0,,Cancelled by Driver,,
OLA-TRIP-02426,OLA-CUST-0030,OLA-DRV-0058,Ola Share,2023-07-21 22:49:50,2023-07-21 23:38:32,Delhi,12.35,48.7,1.2,121.74,Cash,Completed,3.5,3.3
OLA-TRIP-02427,OLA-CUST-0068,OLA-DRV-0014,Ola Mini,2025-09-14 12:12:28,,Bengaluru,21.11,0.0,1.2,0.0,,Cancelled by Rider,,
OLA-TRIP-02428,OLA-CUST-0172,OLA-DRV-0098,Ola Prime,2024-08-16 15:01:28,2024-08-16 16:03:52,Hyderabad,17.36,62.4,1.0,305.4,Cash,Completed,4.1,3.4
OLA-TRIP-02429,OLA-CUST-0009,OLA-DRV-0067,Ola Share,2024-10-27 10:52:46,2024-10-27 12:02:40,Delhi,24.57,69.9,1.0,186.99,UPI,Completed,4.2,3.5
OLA-TRIP-02430,OLA-CUST-0095,OLA-DRV-0078,Ola Prime SUV,2023-07-02 23:25:34,2023-07-02 23:43:40,Delhi,5.17,18.1,2.0,316.46,Ola Money,Completed,4.1,3.4
OLA-TRIP-02431,OLA-CUST-0134,OLA-DRV-0025,Ola Prime,2024-05-25 14:45:24,2024-05-25 15:35:12,Ahmedabad,16.16,49.8,1.0,287.4,Credit Card,Completed,4.1,4.6
OLA-TRIP-02432,OLA-CUST-0151,OLA-DRV-0027,Ola Auto,2024-08-28 14:58:16,2024-08-28 16:11:34,Chennai,18.01,73.3,1.0,182.09,Ola Money,Completed,3.4,4.5
OLA-TRIP-02433,OLA-CUST-0104,OLA-DRV-0073,Ola Share,2024-11-09 16:59:31,2024-11-09 17:33:01,Ahmedabad,9.78,33.5,1.0,83.46,UPI,Completed,3.1,4.6
OLA-TRIP-02434,OLA-CUST-0051,OLA-DRV-0048,Ola Auto,2025-03-19 05:00:49,2025-03-19 05:07:43,Kolkata,2.57,6.9,2.0,86.26,Cash,Completed,4.8,3.2
OLA-TRIP-02435,OLA-CUST-0073,OLA-DRV-0074,Ola Bike,2025-11-04 09:46:09,2025-11-04 11:18:27,Jaipur,21.84,92.3,1.0,146.04,Ola Money,Completed,3.9,4.0
OLA-TRIP-02436,OLA-CUST-0068,OLA-DRV-0012,Ola Prime SUV,2023-09-18 14:34:16,2023-09-18 16:14:40,Bengaluru,24.98,100.4,1.2,641.54,Credit Card,Completed,4.8,4.8
OLA-TRIP-02437,OLA-CUST-0108,OLA-DRV-0092,Ola Prime,2023-03-06 06:46:49,2023-03-06 06:56:43,Pune,3.33,9.9,1.0,94.95,Debit Card,Completed,3.3,3.5
OLA-TRIP-02438,OLA-CUST-0163,OLA-DRV-0062,Ola Auto,2025-11-08 02:42:05,2025-11-08 03:37:41,Mumbai,17.91,55.6,1.0,181.19,Cash,Completed,4.3,4.1
OLA-TRIP-02439,OLA-CUST-0030,OLA-DRV-0024,Ola Prime,2025-02-15 10:01:25,2025-02-15 10:30:49,Delhi,9.46,29.4,1.0,186.9,Cash,Completed,3.7,3.6
OLA-TRIP-02440,OLA-CUST-0164,OLA-DRV-0034,Ola Bike,2023-04-18 13:01:35,2023-04-18 13:37:47,Jaipur,14.35,36.2,1.0,101.1,UPI,Completed,4.1,3.5
OLA-TRIP-02441,OLA-CUST-0169,OLA-DRV-0044,Ola Auto,2025-11-04 22:50:31,2025-11-04 22:54:55,Mumbai,1.03,4.4,1.0,29.27,UPI,Completed,3.1,3.3
OLA-TRIP-02442,OLA-CUST-0113,OLA-DRV-0092,Ola Prime,2025-06-26 06:04:22,2025-06-26 06:35:04,Pune,7.91,30.7,1.0,163.65,Ola Money,Completed,4.5,5.0
OLA-TRIP-02443,OLA-CUST-0199,OLA-DRV-0051,Ola Mini,2023-08-21 04:07:07,2023-08-21 04:19:55,Chennai,3.54,12.8,1.0,68.94,Credit Card,Completed,4.5,4.9
OLA-TRIP-02444,OLA-CUST-0113,OLA-DRV-0092,Ola Prime,2023-11-07 16:09:01,2023-11-07 17:14:55,Pune,19.69,65.9,1.0,340.35,Ola Money,Completed,3.8,3.5
OLA-TRIP-02445,OLA-CUST-0081,OLA-DRV-0034,Ola Bike,2024-08-14 08:32:05,2024-08-14 08:47:35,Jaipur,5.42,15.5,1.0,47.52,UPI,Completed,3.1,4.9
OLA-TRIP-02446,OLA-CUST-0013,OLA-DRV-0073,Ola Share,2023-03-19 18:28:38,2023-03-19 20:08:50,Ahmedabad,24.62,100.2,1.0,187.34,Credit Card,Completed,3.2,4.9
OLA-TRIP-02447,OLA-CUST-0015,OLA-DRV-0005,Ola Share,2023-05-14 12:43:12,,Ahmedabad,7.76,0.0,1.0,0.0,,Cancelled by Rider,,
OLA-TRIP-02448,OLA-CUST-0173,OLA-DRV-0093,Ola Prime,2023-05-30 13:56:56,2023-05-30 14:00:56,Jaipur,1.3,4.0,1.0,64.5,Credit Card,Completed,3.7,3.6
OLA-TRIP-02449,OLA-CUST-0121,OLA-DRV-0077,Ola Mini,2025-05-02 18:26:51,,Hyderabad,16.21,0.0,1.5,0.0,,No Show,,
OLA-TRIP-02450,OLA-CUST-0124,OLA-DRV-0026,Ola Auto,2024-08-15 10:34:37,2024-08-15 10:54:49,Pune,5.73,20.2,1.0,71.57,Ola Money,Completed,3.5,4.1
OLA-TRIP-02451,OLA-CUST-0175,OLA-DRV-0005,Ola Share,2025-03-12 20:16:53,2025-03-12 21:17:41,Ahmedabad,22.82,60.8,1.2,209.69,Credit Card,Completed,4.7,3.3
OLA-TRIP-02452,OLA-CUST-0017,OLA-DRV-0076,Ola Share,2024-04-27 03:29:28,2024-04-27 04:38:22,Delhi,16.5,68.9,1.0,130.5,Cash,Completed,4.4,5.0
OLA-TRIP-02453,OLA-CUST-0109,OLA-DRV-0023,Ola Bike,2025-05-11 05:09:06,2025-05-11 05:32:06,Delhi,6.54,23.0,1.0,54.24,Cash,Completed,3.3,3.7
OLA-TRIP-02454,OLA-CUST-0077,OLA-DRV-0090,Ola Mini,2023-12-09 20:16:09,,Kochi,4.96,0.0,1.2,0.0,,Cancelled by Driver,,
OLA-TRIP-02455,OLA-CUST-0016,OLA-DRV-0050,Ola Prime SUV,2024-09-14 09:52:07,2024-09-14 10:23:13,Kochi,10.0,31.1,1.0,250.0,Ola Money,Completed,3.7,4.0
OLA-TRIP-02456,OLA-CUST-0104,OLA-DRV-0073,Ola Share,2025-04-02 02:17:38,2025-04-02 03:47:26,Ahmedabad,20.85,89.8,1.0,160.95,Credit Card,Completed,4.8,3.5
OLA-TRIP-02457,OLA-CUST-0130,OLA-DRV-0023,Ola Bike,2023-11-05 22:29:36,2023-11-05 22:35:54,Delhi,2.08,6.3,1.0,27.48,UPI,Completed,3.9,3.9
OLA-TRIP-02458,OLA-CUST-0129,OLA-DRV-0011,Ola Bike,2023-01-11 19:56:40,2023-01-11 20:44:34,Mumbai,12.09,47.9,1.0,87.54,Cash,Completed,4.9,4.4
OLA-TRIP-02459,OLA-CUST-0052,OLA-DRV-0064,Ola Prime,2023-12-09 19:14:19,2023-12-09 20:29:37,Ahmedabad,17.69,75.3,1.5,465.53,Credit Card,Completed,3.3,3.5
OLA-TRIP-02460,OLA-CUST-0180,OLA-DRV-0075,Ola Prime,2024-05-13 06:15:00,2024-05-13 06:48:06,Delhi,7.86,33.1,1.0,162.9,UPI,Completed,3.7,4.1
OLA-TRIP-02461,OLA-CUST-0152,OLA-DRV-0061,Ola Bike,2025-11-16 12:20:35,2025-11-16 13:15:59,Delhi,13.66,55.4,1.2,116.35,Ola Money,Completed,5.0,3.6
OLA-TRIP-02462,OLA-CUST-0148,OLA-DRV-0095,Ola Mini,2024-05-04 10:40:21,2024-05-04 10:54:03,Mumbai,3.86,13.7,1.0,72.46,UPI,Completed,3.9,4.2
OLA-TRIP-02463,OLA-CUST-0168,OLA-DRV-0056,Ola Mini,2024-03-10 04:23:58,2024-03-10 05:18:10,Chennai,20.49,54.2,1.0,255.39,Debit Card,Completed,3.6,3.6
OLA-TRIP-02464,OLA-CUST-0188,OLA-DRV-0042,Ola Mini,2025-02-19 01:35:17,2025-02-19 02:38:53,Pune,16.43,63.6,1.0,210.73,Debit Card,Completed,3.1,3.4
OLA-TRIP-02465,OLA-CUST-0049,OLA-DRV-0018,Ola Bike,2023-01-04 11:38:56,2023-01-04 12:16:20,Bengaluru,12.02,37.4,1.0,87.12,Debit Card,Completed,3.9,3.0
OLA-TRIP-02466,OLA-CUST-0084,OLA-DRV-0100,Ola Bike,2024-03-04 02:07:11,2024-03-04 02:47:17,Kochi,14.15,40.1,1.5,149.85,Debit Card,Completed,4.4,3.1
OLA-TRIP-02467,OLA-CUST-0046,OLA-DRV-0048,Ola Auto,2023-11-19 10:49:40,2023-11-19 11:32:04,Kolkata,14.19,42.4,1.5,221.56,Cash,Completed,3.3,4.3
OLA-TRIP-02468,OLA-CUST-0182,OLA-DRV-0052,Ola Share,2024-12-01 23:44:55,2024-12-02 01:13:31,Kochi,21.5,88.6,1.0,165.5,Credit Card,Completed,4.9,4.2
OLA-TRIP-02469,OLA-CUST-0179,OLA-DRV-0071,Ola Auto,2024-06-17 23:41:40,,Mumbai,18.59,0.0,1.5,0.0,,Cancelled by Rider,,
OLA-TRIP-02470,OLA-CUST-0002,OLA-DRV-0087,Ola Mini,2024-09-03 11:28:36,2024-09-03 12:07:54,Ahmedabad,11.63,39.3,1.0,157.93,Debit Card,Completed,4.3,4.5
OLA-TRIP-02471,OLA-CUST-0145,OLA-DRV-0058,Ola Share,2025-07-26 12:40:58,2025-07-26 12:59:22,Delhi,6.35,18.4,1.2,71.34,Credit Card,Completed,4.0,3.5
OLA-TRIP-02472,OLA-CUST-0132,OLA-DRV-0026,Ola Auto,2023-08-13 21:34:10,2023-08-13 22:26:58,Pune,19.23,52.8,1.0,193.07,Ola Money,Completed,3.7,3.1
OLA-TRIP-02473,OLA-CUST-0138,OLA-DRV-0072,Ola Prime,2024-10-25 05:10:15,2024-10-25 06:45:51,Chennai,23.84,95.6,1.0,402.6,Debit Card,Completed,4.2,3.5
OLA-TRIP-02474,OLA-CUST-0197,OLA-DRV-0059,Ola Prime,2024-12-06 23:47:08,2024-12-07 00:34:08,Pune,18.14,47.0,1.0,317.1,Credit Card,Completed,3.1,3.8
OLA-TRIP-02475,OLA-CUST-0083,OLA-DRV-0057,Ola Prime SUV,2024-07-30 20:37:47,2024-07-30 21:36:47,Bengaluru,13.16,59.0,1.0,310.04,UPI,Completed,4.7,3.7
OLA-TRIP-02476,OLA-CUST-0190,OLA-DRV-0058,Ola Share,2025-09-04 08:55:43,2025-09-04 09:30:55,Delhi,12.44,35.2,1.2,122.5,UPI,Completed,3.1,4.5
OLA-TRIP-02477,OLA-CUST-0087,OLA-DRV-0078,Ola Prime SUV,2025-03-15 13:23:46,2025-03-15 13:33:22,Delhi,3.83,9.6,1.5,199.15,Ola Money,Completed,4.6,3.9
OLA-TRIP-02478,OLA-CUST-0026,OLA-DRV-0001,Ola Auto,2025-11-17 07:09:11,2025-11-17 07:40:23,Chennai,12.27,31.2,1.0,130.43,UPI,Completed,4.0,4.2
OLA-TRIP-02479,OLA-CUST-0062,OLA-DRV-0088,Ola Auto,2024-03-06 17:25:54,2024-03-06 18:01:12,Kolkata,9.8,35.3,1.0,108.2,Cash,Completed,3.7,4.8
OLA-TRIP-02480,OLA-CUST-0141,OLA-DRV-0093,Ola Prime,2025-02-21 09:06:07,2025-02-21 09:44:25,Jaipur,9.61,38.3,1.2,226.98,Ola Money,Completed,4.8,4.7
OLA-TRIP-02481,OLA-CUST-0017,OLA-DRV-0075,Ola Prime,2024-11-12 06:07:02,2024-11-12 06:20:26,Delhi,3.7,13.4,1.5,150.75,Ola Money,Completed,3.3,3.2
OLA-TRIP-02482,OLA-CUST-0028,OLA-DRV-0038,Ola Prime,2025-07-02 04:40:33,2025-07-02 05:12:03,Kochi,8.56,31.5,1.0,173.4,Cash,Completed,3.8,4.1
OLA-TRIP-02483,OLA-CUST-0034,OLA-DRV-0061,Ola Bike,2023-08-24 09:16:55,2023-08-24 09:54:31,Delhi,8.82,37.6,1.2,81.5,Credit Card,Completed,4.9,4.8
OLA-TRIP-02484,OLA-CUST-0113,OLA-DRV-0036,Ola Mini,2023-06-28 01:22:40,2023-06-28 02:21:46,Pune,22.39,59.1,1.5,414.44,Credit Card,Completed,4.4,3.7
OLA-TRIP-02485,OLA-CUST-0103,OLA-DRV-0095,Ola Mini,2025-06-29 05:57:57,,Mumbai,13.0,0.0,1.0,0.0,,Cancelled by Driver,,
OLA-TRIP-02486,OLA-CUST-0014,OLA-DRV-0014,Ola Mini,2024-05-25 01:34:38,2024-05-25 02:55:50,Bengaluru,24.48,81.2,1.0,299.28,Ola Money,Completed,4.6,4.5
OLA-TRIP-02487,OLA-CUST-0118,OLA-DRV-0025,Ola Prime,2023-06-11 23:06:31,2023-06-11 23:49:19,Ahmedabad,11.04,42.8,1.2,252.72,UPI,Completed,4.0,3.4
OLA-TRIP-02488,OLA-CUST-0102,OLA-DRV-0022,Ola Share,2025-01-28 00:08:18,2025-01-28 00:26:06,Pune,5.02,17.8,1.0,50.14,Ola Money,Completed,4.0,3.4
OLA-TRIP-02489,OLA-CUST-0066,OLA-DRV-0049,Ola Mini,2025-01-18 01:35:31,2025-01-18 03:06:37,Kochi,22.64,91.1,1.0,279.04,Ola Money,Completed,3.0,4.2
OLA-TRIP-02490,OLA-CUST-0079,OLA-DRV-0098,Ola Prime,2023-12-03 13:59:29,2023-12-03 14:32:29,Hyderabad,9.99,33.0,1.0,194.85,Debit Card,Completed,4.0,5.0
OLA-TRIP-02491,OLA-CUST-0196,OLA-DRV-0013,Ola Auto,2025-12-09 09:42:58,,Kolkata,1.41,0.0,1.2,0.0,,No Show,,
OLA-TRIP-02492,OLA-CUST-0127,OLA-DRV-0072,Ola Prime,2025-02-26 05:40:17,2025-02-26 06:05:11,Chennai,8.46,24.9,1.0,171.9,UPI,Completed,3.8,3.3
OLA-TRIP-02493,OLA-CUST-0126,OLA-DRV-0069,Ola Bike,2024-04-12 12:47:08,,Mumbai,8.69,0.0,1.2,0.0,,No Show,,
OLA-TRIP-02494,OLA-CUST-0124,OLA-DRV-0063,Ola Prime,2025-09-03 03:04:19,2025-09-03 03:21:43,Pune,6.83,17.4,1.0,147.45,Cash,Completed,4.4,3.1
OLA-TRIP-02495,OLA-CUST-0025,OLA-DRV-0063,Ola Prime,2025-07-27 10:40:28,2025-07-27 11:29:58,Pune,12.78,49.5,1.0,236.7,Debit Card,Completed,3.1,4.9
OLA-TRIP-02496,OLA-CUST-0014,OLA-DRV-0012,Ola Prime SUV,2025-11-06 11:53:48,2025-11-06 12:49:06,Bengaluru,19.48,55.3,1.0,430.12,Ola Money,Completed,4.8,3.6
OLA-TRIP-02497,OLA-CUST-0026,OLA-DRV-0056,Ola Mini,2023-01-17 22:40:12,2023-01-17 23:09:36,Chennai,8.08,29.4,1.0,118.88,Credit Card,Completed,3.6,4.5
OLA-TRIP-02498,OLA-CUST-0176,OLA-DRV-0023,Ola Bike,2023-08-18 22:16:39,2023-08-18 22:37:39,Delhi,5.35,21.0,2.0,94.2,UPI,Completed,4.3,3.1
OLA-TRIP-02499,OLA-CUST-0097,OLA-DRV-0036,Ola Mini,2023-06-18 16:47:06,2023-06-18 17:04:36,Pune,4.41,17.5,1.0,78.51,Cash,Completed,3.4,3.5
OLA-TRIP-02500,OLA-CUST-0020,OLA-DRV-0019,Ola Bike,2023-02-01 05:07:56,2023-02-01 06:10:50,Hyderabad,18.61,62.9,1.0,126.66,Debit Card,Completed,4.1,4.2
OLA-TRIP-02501,OLA-CUST-0152,OLA-DRV-0067,Ola Share,2024-05-31 04:12:50,,Delhi,9.23,0.0,1.0,0.0,,Cancelled by Rider,,
OLA-TRIP-02502,OLA-CUST-0023,OLA-DRV-0068,Ola Prime SUV,2025-05-31 23:34:28,2025-06-01 00:10:46,Ahmedabad,9.57,36.3,1.2,290.2,Credit Card,Completed,4.1,4.3
OLA-TRIP-02503,OLA-CUST-0144,OLA-DRV-0009,Ola Prime,2024-09-23 08:48:22,2024-09-23 09:16:10,Kolkata,9.12,27.8,1.0,181.8,Ola Money,Completed,3.6,3.3
OLA-TRIP-02504,OLA-CUST-0143,OLA-DRV-0045,Ola Prime,2024-08-30 20:04:44,,Hyderabad,14.66,0.0,1.5,0.0,,Cancelled by Driver,,
OLA-TRIP-02505,OLA-CUST-0010,OLA-DRV-0077,Ola Mini,2024-05-23 08:05:36,2024-05-23 09:06:00,Hyderabad,14.67,60.4,1.0,191.37,UPI,Completed,4.8,3.4
OLA-TRIP-02506,OLA-CUST-0064,OLA-DRV-0044,Ola Auto,2024-02-07 02:39:26,2024-02-07 03:20:56,Mumbai,11.46,41.5,1.0,123.14,UPI,Completed,4.1,3.5
OLA-TRIP-02507,OLA-CUST-0088,OLA-DRV-0070,Ola Mini,2025-07-19 05:59:50,2025-07-19 07:15:44,Hyderabad,18.87,75.9,1.0,237.57,Cash,Completed,4.2,3.5
OLA-TRIP-02508,OLA-CUST-0071,OLA-DRV-0080,Ola Auto,2025-07-04 03:47:15,2025-07-04 03:57:33,Bengaluru,3.89,10.3,2.0,110.02,Debit Card,Completed,3.4,4.3
OLA-TRIP-02509,OLA-CUST-0021,OLA-DRV-0003,Ola Prime SUV,2023-07-09 21:13:19,2023-07-09 22:21:37,Pune,22.07,68.3,1.0,479.33,Credit Card,Completed,3.3,4.3
OLA-TRIP-02510,OLA-CUST-0067,OLA-DRV-0023,Ola Bike,2024-10-08 02:17:19,2024-10-08 03:44:25,Delhi,19.98,87.1,1.0,134.88,Cash,Completed,4.1,3.2
OLA-TRIP-02511,OLA-CUST-0054,OLA-DRV-0029,Ola Bike,2025-06-19 11:19:07,2025-06-19 11:43:55,Chennai,5.96,24.8,1.0,50.76,Debit Card,Completed,3.2,3.3
OLA-TRIP-02512,OLA-CUST-0143,OLA-DRV-0098,Ola Prime,2023-09-12 08:52:55,2023-09-12 09:44:55,Hyderabad,18.52,52.0,1.0,322.8,Credit Card,Completed,3.6,4.6
OLA-TRIP-02513,OLA-CUST-0150,OLA-DRV-0033,Ola Prime,2023-03-16 16:29:39,2023-03-16 16:37:03,Jaipur,2.01,7.4,1.2,90.18,Cash,Completed,4.6,4.3
OLA-TRIP-02514,OLA-CUST-0014,OLA-DRV-0057,Ola Prime SUV,2025-06-14 16:14:12,2025-06-14 17:20:12,Bengaluru,15.63,66.0,1.0,356.97,Credit Card,Completed,4.4,4.7
OLA-TRIP-02515,OLA-CUST-0018,OLA-DRV-0045,Ola Prime,2023-05-10 06:21:15,2023-05-10 06:36:33,Hyderabad,5.98,15.3,1.2,161.64,Cash,Completed,3.4,3.5
OLA-TRIP-02516,OLA-CUST-0010,OLA-DRV-0082,Ola Share,2023-05-10 20:13:50,2023-05-10 20:25:56,Hyderabad,2.71,12.1,1.0,33.97,Cash,Completed,4.0,3.1
OLA-TRIP-02517,OLA-CUST-0050,OLA-DRV-0030,Ola Share,2024-07-16 10:53:59,2024-07-16 12:04:59,Kochi,22.37,71.0,1.0,171.59,UPI,Completed,4.1,3.9
OLA-TRIP-02518,OLA-CUST-0075,OLA-DRV-0069,Ola Bike,2024-03-20 11:03:59,,Mumbai,1.85,0.0,1.0,0.0,,No Show,,
OLA-TRIP-02519,OLA-CUST-0093,OLA-DRV-0040,Ola Bike,2023-10-09 02:33:02,2023-10-09 03:05:32,Chennai,7.29,32.5,2.0,117.48,Debit Card,Completed,4.5,3.6
OLA-TRIP-02520,OLA-CUST-0166,OLA-DRV-0086,Ola Prime,2024-02-08 07:13:03,2024-02-08 07:38:51,Mumbai,7.85,25.8,1.0,162.75,UPI,Completed,4.8,3.3
OLA-TRIP-02521,OLA-CUST-0023,OLA-DRV-0064,Ola Prime,2025-09-11 01:35:15,2025-09-11 02:20:39,Ahmedabad,13.38,45.4,1.0,245.7,Credit Card,Completed,4.8,4.4
OLA-TRIP-02522,OLA-CUST-0169,OLA-DRV-0044,Ola Auto,2024-07-03 08:24:18,2024-07-03 08:42:30,Mumbai,5.24,18.2,1.0,67.16,Credit Card,Completed,3.6,4.7
OLA-TRIP-02523,OLA-CUST-0193,OLA-DRV-0082,Ola Share,2023-11-25 23:03:15,,Hyderabad,3.99,0.0,1.0,0.0,,Cancelled by Driver,,
OLA-TRIP-02524,OLA-CUST-0087,OLA-DRV-0075,Ola Prime,2023-11-07 08:30:54,2023-11-07 09:12:42,Delhi,10.41,41.8,1.0,201.15,Debit Card,Completed,4.7,3.4
OLA-TRIP-02525,OLA-CUST-0165,OLA-DRV-0053,Ola Prime SUV,2025-04-14 11:45:40,2025-04-14 12:32:04,Bengaluru,16.87,46.4,1.0,380.53,Debit Card,Completed,3.0,4.9
OLA-TRIP-02526,OLA-CUST-0159,OLA-DRV-0029,Ola Bike,2025-11-12 13:09:40,2025-11-12 14:33:04,Chennai,19.47,83.4,1.0,131.82,Ola Money,Completed,5.0,3.5
OLA-TRIP-02527,OLA-CUST-0187,OLA-DRV-0062,Ola Auto,2024-11-29 12:16:07,2024-11-29 13:37:37,Mumbai,22.14,81.5,1.5,328.89,UPI,Completed,3.4,3.4
OLA-TRIP-02528,OLA-CUST-0151,OLA-DRV-0066,Ola Bike,2024-06-02 23:59:01,,Chennai,17.04,0.0,1.5,0.0,,Cancelled by Rider,,
OLA-TRIP-02529,OLA-CUST-0188,OLA-DRV-0042,Ola Mini,2023-02-21 14:30:20,2023-02-21 15:27:08,Pune,13.02,56.8,1.2,207.86,Debit Card,Completed,3.6,3.9
OLA-TRIP-02530,OLA-CUST-0186,OLA-DRV-0043,Ola Bike,2023-11-30 23:47:40,,Bengaluru,9.63,0.0,1.0,0.0,,Cancelled by Rider,,
OLA-TRIP-02531,OLA-CUST-0104,OLA-DRV-0079,Ola Bike,2025-09-24 17:22:36,,Ahmedabad,20.94,0.0,1.5,0.0,,Cancelled by Rider,,
OLA-TRIP-02532,OLA-CUST-0174,OLA-DRV-0010,Ola Prime,2023-12-07 06:59:49,,Hyderabad,19.98,0.0,1.0,0.0,,Cancelled by Rider,,
OLA-TRIP-02533,OLA-CUST-0166,OLA-DRV-0008,Ola Auto,2024-03-07 14:19:31,2024-03-07 15:02:31,Mumbai,12.06,43.0,1.2,154.25,Credit Card,Completed,3.0,3.4
OLA-TRIP-02534,OLA-CUST-0085,OLA-DRV-0087,Ola Mini,2024-01-26 20:46:48,,Ahmedabad,16.42,0.0,1.5,0.0,,Cancelled by Rider,,
OLA-TRIP-02535,OLA-CUST-0129,OLA-DRV-0011,Ola Bike,2024-10-18 20:50:49,2024-10-18 21:28:19,Mumbai,9.24,37.5,1.0,70.44,Ola Money,Completed,3.1,3.4
OLA-TRIP-02536,OLA-CUST-0176,OLA-DRV-0078,Ola Prime SUV,2024-07-12 09:46:43,2024-07-12 11:33:13,Delhi,24.52,106.5,1.0,525.88,Cash,Completed,4.0,3.6
OLA-TRIP-02537,OLA-CUST-0154,OLA-DRV-0084,Ola Auto,2024-05-31 09:15:55,,Pune,14.25,0.0,1.5,0.0,,Cancelled by Driver,,
OLA-TRIP-02538,OLA-CUST-0168,OLA-DRV-0040,Ola Bike,2024-06-26 06:34:42,2024-06-26 07:05:48,Chennai,9.06,31.1,1.5,104.04,Ola Money,Completed,4.0,4.1
OLA-TRIP-02539,OLA-CUST-0059,OLA-DRV-0100,Ola Bike,2025-03-05 05:58:31,,Kochi,23.04,0.0,1.5,0.0,,Cancelled by Rider,,
OLA-TRIP-02540,OLA-CUST-0136,OLA-DRV-0070,Ola Mini,2025-01-11 18:55:29,2025-01-11 19:27:29,Hyderabad,8.88,32.0,1.0,127.68,UPI,Completed,4.7,3.1
OLA-TRIP-02541,OLA-CUST-0045,OLA-DRV-0020,Ola Bike,2024-03-27 02:30:01,2024-03-27 04:04:55,Pune,21.98,94.9,1.5,220.32,Cash,Completed,3.9,4.6
OLA-TRIP-02542,OLA-CUST-0020,OLA-DRV-0010,Ola Prime,2024-06-25 20:32:49,2024-06-25 20:43:43,Hyderabad,3.27,10.9,1.2,112.86,Ola Money,Completed,4.7,3.1
OLA-TRIP-02543,OLA-CUST-0082,OLA-DRV-0036,Ola Mini,2025-09-14 12:12:31,2025-09-14 12:36:19,Pune,9.23,23.8,1.0,131.53,Credit Card,Completed,3.3,4.9
OLA-TRIP-02544,OLA-CUST-0031,OLA-DRV-0019,Ola Bike,2025-08-16 17:57:56,2025-08-16 18:40:38,Hyderabad,12.59,42.7,1.5,135.81,Debit Card,Completed,3.0,4.9
OLA-TRIP-02545,OLA-CUST-0124,OLA-DRV-0007,Ola Prime,2024-03-30 03:56:02,2024-03-30 04:49:38,Pune,18.18,53.6,1.0,317.7,Debit Card,Completed,4.2,4.9
OLA-TRIP-02546,OLA-CUST-0196,OLA-DRV-0048,Ola Auto,2024-11-27 15:55:15,2024-11-27 17:12:03,Kolkata,21.09,76.8,1.0,209.81,Ola Money,Completed,4.2,4.6
OLA-TRIP-02547,OLA-CUST-0152,OLA-DRV-0096,Ola Prime SUV,2024-10-11 04:47:29,2024-10-11 05:30:35,Delhi,16.57,43.1,1.5,562.25,UPI,Completed,3.9,3.5
OLA-TRIP-02548,OLA-CUST-0040,OLA-DRV-0090,Ola Mini,2023-12-18 00:50:35,2023-12-18 01:09:35,Kochi,4.55,19.0,1.5,120.07,UPI,Completed,3.2,4.5
OLA-TRIP-02549,OLA-CUST-0026,OLA-DRV-0040,Ola Bike,2024-07-23 18:03:20,2024-07-23 19:23:32,Chennai,18.75,80.2,1.0,127.5,Debit Card,Completed,5.0,3.1
OLA-TRIP-02550,OLA-CUST-0163,OLA-DRV-0086,Ola Prime,2025-11-30 06:15:38,2025-11-30 07:28:50,Mumbai,17.25,73.2,2.0,607.5,Ola Money,Completed,4.3,3.5
OLA-TRIP-02551,OLA-CUST-0038,OLA-DRV-0014,Ola Mini,2024-08-21 06:43:35,2024-08-21 07:46:47,Bengaluru,24.97,63.2,1.0,304.67,Ola Money,Completed,4.1,4.9
OLA-TRIP-02552,OLA-CUST-0192,OLA-DRV-0073,Ola Share,2023-12-24 16:18:31,2023-12-24 16:23:43,Ahmedabad,1.18,5.2,1.0,23.26,Ola Money,Completed,3.3,3.4
OLA-TRIP-02553,OLA-CUST-0146,OLA-DRV-0061,Ola Bike,2023-02-18 13:50:12,2023-02-18 14:02:42,Delhi,3.04,12.5,1.0,33.24,UPI,Completed,4.4,3.7
OLA-TRIP-02554,OLA-CUST-0151,OLA-DRV-0081,Ola Share,2024-10-31 03:38:51,2024-10-31 04:28:57,Chennai,12.99,50.1,1.0,105.93,Cash,Completed,4.3,3.8
OLA-TRIP-02555,OLA-CUST-0067,OLA-DRV-0058,Ola Share,2023-04-04 03:41:32,2023-04-04 04:18:44,Delhi,10.03,37.2,1.0,85.21,Debit Card,Completed,4.1,3.9
OLA-TRIP-02556,OLA-CUST-0187,OLA-DRV-0004,Ola Mini,2023-03-23 16:20:55,2023-03-23 17:11:07,Mumbai,19.79,50.2,1.0,247.69,Credit Card,Completed,4.3,3.9
OLA-TRIP-02557,OLA-CUST-0068,OLA-DRV-0035,Ola Prime SUV,2023-09-09 19:26:57,2023-09-09 19:55:27,Bengaluru,8.81,28.5,1.0,227.39,Ola Money,Completed,3.2,3.8
OLA-TRIP-02558,OLA-CUST-0133,OLA-DRV-0073,Ola Share,2024-11-17 14:39:16,2024-11-17 16:00:40,Ahmedabad,18.3,81.4,1.0,143.1,Ola Money,Completed,3.6,3.5
OLA-TRIP-02559,OLA-CUST-0137,OLA-DRV-0064,Ola Prime,2024-10-08 03:12:26,2024-10-08 04:08:20,Ahmedabad,13.09,55.9,1.0,241.35,Cash,Completed,3.7,3.9
OLA-TRIP-02560,OLA-CUST-0147,OLA-DRV-0047,Ola Bike,2023-07-24 12:08:32,,Mumbai,24.62,0.0,1.2,0.0,,No Show,,
OLA-TRIP-02561,OLA-CUST-0068,OLA-DRV-0018,Ola Bike,2023-11-30 13:38:28,2023-11-30 13:42:52,Bengaluru,1.59,4.4,1.5,36.81,UPI,Completed,4.1,3.6
OLA-TRIP-02562,OLA-CUST-0043,OLA-DRV-0043,Ola Bike,2024-05-07 20:51:30,2024-05-07 22:23:42,Bengaluru,21.87,92.2,1.0,146.22,Debit Card,Completed,4.1,3.6
OLA-TRIP-02563,OLA-CUST-0146,OLA-DRV-0078,Ola Prime SUV,2023-12-19 12:12:14,2023-12-19 13:45:38,Delhi,21.06,93.4,1.0,460.14,Debit Card,Completed,4.0,3.6
OLA-TRIP-02564,OLA-CUST-0067,OLA-DRV-0076,Ola Share,2025-01-02 14:59:43,2025-01-02 15:36:07,Delhi,10.78,36.4,1.0,90.46,Ola Money,Completed,3.7,3.1
OLA-TRIP-02565,OLA-CUST-0129,OLA-DRV-0091,Ola Mini,2024-10-22 10:42:23,2024-10-22 11:45:41,Mumbai,21.41,63.3,1.0,265.51,Cash,Completed,4.3,4.0
OLA-TRIP-02566,OLA-CUST-0131,OLA-DRV-0069,Ola Bike,2025-02-09 10:28:19,,Mumbai,7.54,0.0,1.0,0.0,,Cancelled by Rider,,
OLA-TRIP-02567,OLA-CUST-0091,OLA-DRV-0009,Ola Prime,2025-10-11 10:43:55,2025-10-11 11:36:13,Kolkata,16.36,52.3,1.5,435.6,Credit Card,Completed,3.9,4.9
OLA-TRIP-02568,OLA-CUST-0028,OLA-DRV-0052,Ola Share,2024-06-09 18:13:37,2024-06-09 19:33:31,Kochi,19.54,79.9,1.0,151.78,Ola Money,Completed,3.2,3.8
OLA-TRIP-02569,OLA-CUST-0145,OLA-DRV-0067,Ola Share,2024-09-10 18:10:41,2024-09-10 19:32:59,Delhi,19.25,82.3,1.5,224.62,Debit Card,Completed,3.9,3.2
OLA-TRIP-02570,OLA-CUST-0063,OLA-DRV-0072,Ola Prime,2024-09-06 15:16:11,,Chennai,2.58,0.0,1.0,0.0,,Cancelled by Rider,,
OLA-TRIP-02571,OLA-CUST-0197,OLA-DRV-0007,Ola Prime,2023-12-21 18:46:29,2023-12-21 20:11:41,Pune,21.65,85.2,1.0,369.75,Cash,Completed,3.2,3.4
OLA-TRIP-02572,OLA-CUST-0155,OLA-DRV-0053,Ola Prime SUV,2023-02-07 04:46:34,,Bengaluru,15.25,0.0,1.0,0.0,,No Show,,
OLA-TRIP-02573,OLA-CUST-0170,OLA-DRV-0092,Ola Prime,2025-07-17 12:42:30,2025-07-17 13:48:06,Pune,17.4,65.6,1.0,306.0,Debit Card,Completed,4.4,3.7
OLA-TRIP-02574,OLA-CUST-0159,OLA-DRV-0072,Ola Prime,2023-07-12 16:32:24,2023-07-12 16:44:54,Chennai,4.02,12.5,1.0,105.3,Cash,Completed,3.5,4.2
OLA-TRIP-02575,OLA-CUST-0060,OLA-DRV-0074,Ola Bike,2023-02-23 06:36:24,2023-02-23 07:20:06,Jaipur,9.95,43.7,1.2,89.64,Debit Card,Completed,4.3,3.8
OLA-TRIP-02576,OLA-CUST-0157,OLA-DRV-0024,Ola Prime,2024-12-12 18:07:58,2024-12-12 18:18:58,Delhi,3.13,11.0,1.0,91.95,Ola Money,Completed,4.5,4.0
OLA-TRIP-02577,OLA-CUST-0191,OLA-DRV-0012,Ola Prime SUV,2024-12-01 01:07:55,2024-12-01 01:55:01,Bengaluru,15.38,47.1,1.0,352.22,Ola Money,Completed,4.5,3.4
OLA-TRIP-02578,OLA-CUST-0036,OLA-DRV-0030,Ola Share,2024-04-10 23:03:48,2024-04-11 00:06:54,Kochi,16.63,63.1,1.0,131.41,Ola Money,Completed,3.6,3.4
OLA-TRIP-02579,OLA-CUST-0124,OLA-DRV-0092,Ola Prime,2023-06-12 12:00:05,2023-06-12 12:49:17,Pune,17.1,49.2,1.0,301.5,Ola Money,Completed,4.5,4.1
OLA-TRIP-02580,OLA-CUST-0021,OLA-DRV-0007,Ola Prime,2024-10-05 10:14:13,2024-10-05 10:44:19,Pune,7.33,30.1,1.0,154.95,UPI,Completed,4.6,4.0
OLA-TRIP-02581,OLA-CUST-0126,OLA-DRV-0006,Ola Prime SUV,2024-01-22 10:35:29,2024-01-22 12:02:17,Mumbai,20.96,86.8,1.0,458.24,Cash,Completed,3.9,4.8
OLA-TRIP-02582,OLA-CUST-0005,OLA-DRV-0080,Ola Auto,2024-06-11 00:32:23,,Bengaluru,20.46,0.0,1.0,0.0,,No Show,,
OLA-TRIP-02583,OLA-CUST-0124,OLA-DRV-0063,Ola Prime,2025-10-06 12:00:02,2025-10-06 12:51:44,Pune,12.87,51.7,1.2,285.66,Cash,Completed,4.9,4.1
OLA-TRIP-02584,OLA-CUST-0020,OLA-DRV-0098,Ola Prime,2025-11-07 15:49:04,2025-11-07 16:37:34,Hyderabad,11.5,48.5,1.0,217.5,Ola Money,Completed,4.3,3.8
OLA-TRIP-02585,OLA-CUST-0037,OLA-DRV-0034,Ola Bike,2024-01-01 12:50:43,,Jaipur,3.34,0.0,1.0,0.0,,Cancelled by Driver,,
OLA-TRIP-02586,OLA-CUST-0022,OLA-DRV-0075,Ola Prime,2024-09-18 05:07:09,2024-09-18 05:21:09,Delhi,3.27,14.0,1.0,94.05,UPI,Completed,3.9,3.9
OLA-TRIP-02587,OLA-CUST-0137,OLA-DRV-0087,Ola Mini,2023-10-16 13:09:49,2023-10-16 14:04:55,Ahmedabad,18.59,55.1,1.0,234.49,Ola Money,Completed,4.8,3.8
OLA-TRIP-02588,OLA-CUST-0039,OLA-DRV-0048,Ola Auto,2024-09-15 12:40:04,2024-09-15 13:43:04,Kolkata,18.41,63.0,1.0,185.69,Credit Card,Completed,4.6,4.4
OLA-TRIP-02589,OLA-CUST-0165,OLA-DRV-0057,Ola Prime SUV,2025-01-30 04:42:33,2025-01-30 05:15:39,Bengaluru,8.2,33.1,1.0,215.8,Debit Card,Completed,4.0,3.9
OLA-TRIP-02590,OLA-CUST-0006,OLA-DRV-0022,Ola Share,2025-07-15 13:33:42,2025-07-15 14:33:06,Pune,20.81,59.4,1.0,160.67,Cash,Completed,4.1,3.9
OLA-TRIP-02591,OLA-CUST-0179,OLA-DRV-0044,Ola Auto,2024-05-04 13:00:02,2024-05-04 13:18:20,Mumbai,6.63,18.3,1.0,79.67,Cash,Completed,3.8,4.9
OLA-TRIP-02592,OLA-CUST-0189,OLA-DRV-0080,Ola Auto,2023-03-31 06:57:35,2023-03-31 08:30:05,Bengaluru,23.91,92.5,1.0,235.19,UPI,Completed,3.7,4.5
OLA-TRIP-02593,OLA-CUST-0066,OLA-DRV-0050,Ola Prime SUV,2025-09-05 06:57:25,2025-09-05 07:24:49,Kochi,6.3,27.4,1.0,179.7,Cash,Completed,5.0,3.1
OLA-TRIP-02594,OLA-CUST-0121,OLA-DRV-0070,Ola Mini,2025-11-07 09:02:36,2025-11-07 09:44:42,Hyderabad,15.49,42.1,1.0,200.39,UPI,Completed,3.1,4.8
OLA-TRIP-02595,OLA-CUST-0132,OLA-DRV-0042,Ola Mini,2023-04-23 23:35:34,2023-04-24 00:03:40,Pune,10.32,28.1,1.0,143.52,UPI,Completed,4.0,3.6
OLA-TRIP-02596,OLA-CUST-0156,OLA-DRV-0034,Ola Bike,2024-12-13 09:23:05,2024-12-13 09:44:35,Jaipur,8.57,21.5,2.0,132.84,Credit Card,Completed,3.6,4.8
OLA-TRIP-02597,OLA-CUST-0189,OLA-DRV-0053,Ola Prime SUV,2025-07-22 01:54:41,,Bengaluru,1.93,0.0,2.0,0.0,,Cancelled by Rider,,
OLA-TRIP-02598,OLA-CUST-0056,OLA-DRV-0029,Ola Bike,2023-02-09 01:09:28,,Chennai,8.27,0.0,1.2,0.0,,Cancelled by Rider,,
OLA-TRIP-02599,OLA-CUST-0012,OLA-DRV-0028,Ola Prime,2024-06-26 11:21:29,2024-06-26 11:38:59,Pune,5.92,17.5,1.0,133.8,Credit Card,Completed,3.4,3.2
OLA-TRIP-02600,OLA-CUST-0195,OLA-DRV-0041,Ola Prime,2025-02-26 12:50:31,2025-02-26 13:07:01,Kolkata,3.69,16.5,1.0,100.35,UPI,Completed,4.5,4.8
OLA-TRIP-02601,OLA-CUST-0112,OLA-DRV-0032,Ola Auto,2025-09-28 16:59:36,2025-09-28 17:15:18,Jaipur,4.71,15.7,1.0,62.39,Debit Card,Completed,3.9,3.4
OLA-TRIP-02602,OLA-CUST-0003,OLA-DRV-0070,Ola Mini,2024-02-22 15:35:46,2024-02-22 16:47:28,Hyderabad,16.29,71.7,1.0,209.19,UPI,Completed,5.0,3.3
OLA-TRIP-02603,OLA-CUST-0022,OLA-DRV-0024,Ola Prime,2023-04-22 10:04:50,2023-04-22 11:00:44,Delhi,20.01,55.9,2.0,690.3,Credit Card,Completed,3.7,4.4
OLA-TRIP-02604,OLA-CUST-0075,OLA-DRV-0069,Ola Bike,2025-02-20 18:11:17,2025-02-20 18:52:47,Mumbai,14.83,41.5,1.0,103.98,Debit Card,Completed,3.7,3.3
OLA-TRIP-02605,OLA-CUST-0121,OLA-DRV-0077,Ola Mini,2025-02-19 16:38:18,2025-02-19 17:33:48,Hyderabad,17.82,55.5,1.2,271.22,Ola Money,Completed,3.6,4.6
OLA-TRIP-02606,OLA-CUST-0048,OLA-DRV-0093,Ola Prime,2024-04-13 09:02:59,2024-04-13 09:33:11,Jaipur,11.81,30.2,1.0,222.15,Cash,Completed,3.5,3.0
OLA-TRIP-02607,OLA-CUST-0011,OLA-DRV-0011,Ola Bike,2023-09-09 05:27:43,2023-09-09 06:06:55,Mumbai,12.78,39.2,1.0,91.68,Cash,Completed,4.7,4.1
OLA-TRIP-02608,OLA-CUST-0073,OLA-DRV-0074,Ola Bike,2024-03-07 09:58:10,2024-03-07 10:32:46,Jaipur,12.38,34.6,1.0,89.28,Credit Card,Completed,4.1,3.5
OLA-TRIP-02609,OLA-CUST-0182,OLA-DRV-0030,Ola Share,2024-08-31 17:35:19,2024-08-31 18:21:31,Kochi,11.27,46.2,1.0,93.89,Debit Card,Completed,3.7,4.3
OLA-TRIP-02610,OLA-CUST-0018,OLA-DRV-0098,Ola Prime,2025-07-09 07:47:03,2025-07-09 08:42:21,Hyderabad,19.69,55.3,1.2,408.42,Cash,Completed,4.5,4.4
OLA-TRIP-02611,OLA-CUST-0160,OLA-DRV-0098,Ola Prime,2024-03-11 15:07:00,2024-03-11 16:23:48,Hyderabad,23.54,76.8,2.0,796.2,Credit Card,Completed,4.6,3.5
OLA-TRIP-02612,OLA-CUST-0199,OLA-DRV-0027,Ola Auto,2025-06-06 09:40:09,2025-06-06 10:01:57,Chennai,8.63,21.8,1.0,97.67,Credit Card,Completed,4.8,4.4
OLA-TRIP-02613,OLA-CUST-0073,OLA-DRV-0097,Ola Share,2024-10-29 07:13:45,2024-10-29 08:28:03,Jaipur,24.16,74.3,2.0,368.24,Credit Card,Completed,4.7,4.8
OLA-TRIP-02614,OLA-CUST-0186,OLA-DRV-0014,Ola Mini,2023-03-21 06:37:39,2023-03-21 07:28:21,Bengaluru,17.38,50.7,1.2,265.42,Debit Card,Completed,4.3,3.5
OLA-TRIP-02615,OLA-CUST-0200,OLA-DRV-0085,Ola Prime SUV,2023-12-19 22:55:08,2023-12-19 23:59:44,Bengaluru,24.1,64.6,1.0,517.9,Credit Card,Completed,3.3,3.7
OLA-TRIP-02616,OLA-CUST-0197,OLA-DRV-0036,Ola Mini,2023-12-28 12:06:52,2023-12-28 12:54:22,Pune,16.42,47.5,1.5,315.93,Credit Card,Completed,4.7,3.4
OLA-TRIP-02617,OLA-CUST-0002,OLA-DRV-0087,Ola Mini,2024-09-10 19:15:00,2024-09-10 20:27:24,Ahmedabad,24.41,72.4,1.0,298.51,Ola Money,Completed,4.4,5.0
OLA-TRIP-02618,OLA-CUST-0014,OLA-DRV-0053,Ola Prime SUV,2023-06-03 01:23:21,2023-06-03 01:34:03,Bengaluru,3.5,10.7,1.0,126.5,UPI,Completed,3.8,3.9
OLA-TRIP-02619,OLA-CUST-0051,OLA-DRV-0048,Ola Auto,2024-03-16 06:11:17,2024-03-16 06:55:23,Kolkata,15.1,44.1,1.0,155.9,Ola Money,Completed,4.8,3.9
OLA-TRIP-02620,OLA-CUST-0161,OLA-DRV-0089,Ola Prime,2024-06-04 09:04:41,2024-06-04 10:10:47,Kochi,22.29,66.1,1.2,455.22,Debit Card,Completed,3.6,3.3
OLA-TRIP-02621,OLA-CUST-0149,OLA-DRV-0072,Ola Prime,2023-11-22 03:56:50,2023-11-22 04:33:32,Chennai,12.26,36.7,1.5,343.35,Credit Card,Completed,3.2,4.9
OLA-TRIP-02622,OLA-CUST-0172,OLA-DRV-0070,Ola Mini,2024-12-05 22:50:59,2024-12-06 00:00:11,Hyderabad,18.89,69.2,1.2,285.35,UPI,Completed,3.2,3.3
OLA-TRIP-02623,OLA-CUST-0053,OLA-DRV-0079,Ola Bike,2023-11-10 03:43:13,2023-11-10 04:35:49,Ahmedabad,16.38,52.6,2.0,226.56,Credit Card,Completed,3.6,4.9
OLA-TRIP-02624,OLA-CUST-0166,OLA-DRV-0069,Ola Bike,2025-01-28 02:11:03,,Mumbai,21.5,0.0,1.2,0.0,,Cancelled by Rider,,
OLA-TRIP-02625,OLA-CUST-0014,OLA-DRV-0012,Ola Prime SUV,2023-02-17 07:46:00,2023-02-17 07:49:24,Bengaluru,1.25,3.4,1.5,125.62,Cash,Completed,4.8,5.0
OLA-TRIP-02626,OLA-CUST-0195,OLA-DRV-0015,Ola Bike,2023-10-01 07:27:49,2023-10-01 08:22:49,Kolkata,20.58,55.0,1.0,138.48,Debit Card,Completed,3.8,3.5
OLA-TRIP-02627,OLA-CUST-0163,OLA-DRV-0008,Ola Auto,2023-03-02 00:29:38,2023-03-02 00:39:44,Mumbai,3.98,10.1,1.0,55.82,UPI,Completed,3.5,4.4
OLA-TRIP-02628,OLA-CUST-0039,OLA-DRV-0048,Ola Auto,2023-03-12 09:14:03,,Kolkata,9.75,0.0,1.0,0.0,,Cancelled by Rider,,
OLA-TRIP-02629,OLA-CUST-0018,OLA-DRV-0045,Ola Prime,2023-12-18 21:24:17,2023-12-18 22:12:05,Hyderabad,11.63,47.8,1.0,219.45,UPI,Completed,4.9,3.9
OLA-TRIP-02630,OLA-CUST-0111,OLA-DRV-0019,Ola Bike,2024-12-18 20:21:47,2024-12-18 21:30:23,Hyderabad,15.48,68.6,1.2,129.46,Credit Card,Completed,5.0,4.6
OLA-TRIP-02631,OLA-CUST-0097,OLA-DRV-0020,Ola Bike,2025-03-23 08:21:55,2025-03-23 09:54:13,Pune,21.83,92.3,1.0,145.98,Credit Card,Completed,4.9,3.9
OLA-TRIP-02632,OLA-CUST-0116,OLA-DRV-0011,Ola Bike,2023-04-03 19:52:30,2023-04-03 20:42:18,Mumbai,15.73,49.8,1.0,109.38,Ola Money,Completed,3.3,4.6
OLA-TRIP-02633,OLA-CUST-0176,OLA-DRV-0096,Ola Prime SUV,2025-03-19 21:11:27,2025-03-19 21:58:45,Delhi,16.01,47.3,1.0,364.19,Debit Card,Completed,4.1,4.6
OLA-TRIP-02634,OLA-CUST-0135,OLA-DRV-0053,Ola Prime SUV,2024-12-05 12:21:58,2024-12-05 12:26:58,Bengaluru,1.18,5.0,1.0,82.42,UPI,Completed,3.4,3.4
OLA-TRIP-02635,OLA-CUST-0076,OLA-DRV-0082,Ola Share,2025-11-26 19:50:30,2025-11-26 20:06:54,Hyderabad,6.44,16.4,1.0,60.08,Cash,Completed,3.9,3.5
OLA-TRIP-02636,OLA-CUST-0163,OLA-DRV-0011,Ola Bike,2024-06-08 20:45:36,2024-06-08 21:22:42,Mumbai,12.54,37.1,1.0,90.24,Debit Card,Completed,4.8,4.7
OLA-TRIP-02637,OLA-CUST-0076,OLA-DRV-0045,Ola Prime,2025-12-21 16:57:43,2025-12-21 17:04:37,Hyderabad,2.54,6.9,1.0,83.1,Credit Card,Completed,4.1,3.8
OLA-TRIP-02638,OLA-CUST-0076,OLA-DRV-0077,Ola Mini,2023-05-07 07:59:09,2023-05-07 08:07:51,Hyderabad,1.93,8.7,1.0,51.23,Cash,Completed,3.6,3.9
OLA-TRIP-02639,OLA-CUST-0162,OLA-DRV-0038,Ola Prime,2023-10-01 15:13:37,2023-10-01 16:16:01,Kochi,15.16,62.4,1.0,272.4,Credit Card,Completed,3.5,4.4
OLA-TRIP-02640,OLA-CUST-0088,OLA-DRV-0082,Ola Share,2024-10-02 17:21:43,2024-10-02 19:04:13,Hyderabad,24.09,102.5,1.0,183.63,Credit Card,Completed,3.1,4.4
OLA-TRIP-02641,OLA-CUST-0104,OLA-DRV-0021,Ola Mini,2024-09-20 07:35:07,,Ahmedabad,21.94,0.0,1.0,0.0,,Cancelled by Driver,,
OLA-TRIP-02642,OLA-CUST-0048,OLA-DRV-0033,Ola Prime,2023-05-07 00:07:11,2023-05-07 00:38:05,Jaipur,7.67,30.9,1.2,192.06,Ola Money,Completed,4.4,3.6
OLA-TRIP-02643,OLA-CUST-0029,OLA-DRV-0096,Ola Prime SUV,2023-09-13 20:55:28,2023-09-13 21:31:22,Delhi,12.21,35.9,1.0,291.99,UPI,Completed,4.5,4.2
OLA-TRIP-02644,OLA-CUST-0044,OLA-DRV-0099,Ola Auto,2024-10-08 10:45:27,2024-10-08 10:57:21,Kochi,4.33,11.9,1.0,58.97,Debit Card,Completed,3.2,4.4
OLA-TRIP-02645,OLA-CUST-0125,OLA-DRV-0018,Ola Bike,2023-05-25 14:05:11,,Bengaluru,19.45,0.0,1.0,0.0,,Cancelled by Driver,,
OLA-TRIP-02646,OLA-CUST-0148,OLA-DRV-0011,Ola Bike,2025-10-10 07:59:52,2025-10-10 08:58:04,Mumbai,17.11,58.2,1.2,141.19,Ola Money,Completed,4.1,4.8
OLA-TRIP-02647,OLA-CUST-0079,OLA-DRV-0010,Ola Prime,2025-11-11 13:37:21,2025-11-11 14:58:57,Hyderabad,23.27,81.6,1.0,394.05,Credit Card,Completed,3.5,3.9
OLA-TRIP-02648,OLA-CUST-0062,OLA-DRV-0055,Ola Prime SUV,2023-07-28 12:01:34,,Kolkata,13.25,0.0,1.0,0.0,,Cancelled by Rider,,
OLA-TRIP-02649,OLA-CUST-0198,OLA-DRV-0037,Ola Prime,2024-08-14 13:59:35,2024-08-14 14:26:53,Kolkata,6.61,27.3,1.0,144.15,Cash,Completed,3.5,4.9
OLA-TRIP-02650,OLA-CUST-0174,OLA-DRV-0019,Ola Bike,2023-02-05 11:39:38,2023-02-05 12:34:02,Hyderabad,12.96,54.4,1.0,92.76,Credit Card,Completed,3.4,3.6
OLA-TRIP-02651,OLA-CUST-0199,OLA-DRV-0029,Ola Bike,2025-03-29 19:07:48,2025-03-29 19:50:54,Chennai,13.73,43.1,1.0,97.38,Ola Money,Completed,4.3,4.7
OLA-TRIP-02652,OLA-CUST-0035,OLA-DRV-0072,Ola Prime,2025-07-29 13:25:32,2025-07-29 14:05:20,Chennai,11.65,39.8,1.0,219.75,Debit Card,Completed,4.6,3.2
OLA-TRIP-02653,OLA-CUST-0062,OLA-DRV-0013,Ola Auto,2024-08-05 11:51:47,2024-08-05 13:06:41,Kolkata,19.03,74.9,1.0,191.27,Cash,Completed,3.6,4.9
OLA-TRIP-02654,OLA-CUST-0040,OLA-DRV-0090,Ola Mini,2025-04-15 00:28:42,2025-04-15 01:34:24,Kochi,18.17,65.7,1.0,229.87,Cash,Completed,4.0,4.1
OLA-TRIP-02655,OLA-CUST-0149,OLA-DRV-0027,Ola Auto,2023-11-03 04:20:05,2023-11-03 04:30:41,Chennai,2.59,10.6,1.0,43.31,UPI,Completed,4.4,3.3
OLA-TRIP-02656,OLA-CUST-0162,OLA-DRV-0090,Ola Mini,2024-11-02 01:51:53,2024-11-02 02:10:59,Kochi,5.53,19.1,1.0,90.83,Ola Money,Completed,4.8,4.0
OLA-TRIP-02657,OLA-CUST-0190,OLA-DRV-0058,Ola Share,2024-01-30 03:35:46,2024-01-30 04:41:16,Delhi,16.8,65.5,1.2,159.12,Credit Card,Completed,4.8,3.6
OLA-TRIP-02658,OLA-CUST-0039,OLA-DRV-0046,Ola Share,2025-03-18 00:49:35,2025-03-18 02:05:35,Kolkata,16.92,76.0,1.0,133.44,Cash,Completed,4.4,3.1
OLA-TRIP-02659,OLA-CUST-0180,OLA-DRV-0075,Ola Prime,2023-01-02 15:21:44,2023-01-02 16:34:02,Delhi,22.37,72.3,1.0,380.55,Ola Money,Completed,3.8,4.4
OLA-TRIP-02660,OLA-CUST-0053,OLA-DRV-0079,Ola Bike,2025-04-25 11:11:15,2025-04-25 11:29:45,Ahmedabad,4.44,18.5,1.2,49.97,Debit Card,Completed,4.5,3.4
OLA-TRIP-02661,OLA-CUST-0155,OLA-DRV-0085,Ola Prime SUV,2024-08-09 15:47:43,2024-08-09 16:41:19,Bengaluru,14.5,53.6,1.0,335.5,Cash,Completed,3.5,4.7
OLA-TRIP-02662,OLA-CUST-0188,OLA-DRV-0059,Ola Prime,2023-03-20 00:27:50,2023-03-20 01:11:56,Pune,17.46,44.1,1.0,306.9,UPI,Completed,4.7,4.9
OLA-TRIP-02663,OLA-CUST-0101,OLA-DRV-0021,Ola Mini,2023-06-06 23:26:43,2023-06-07 00:41:37,Ahmedabad,18.89,74.9,1.0,237.79,Ola Money,Completed,4.0,4.1
OLA-TRIP-02664,OLA-CUST-0070,OLA-DRV-0010,Ola Prime,2024-09-08 02:39:50,2024-09-08 03:41:02,Hyderabad,15.02,61.2,1.0,270.3,Cash,Completed,4.4,5.0
OLA-TRIP-02665,OLA-CUST-0069,OLA-DRV-0018,Ola Bike,2025-07-09 08:17:21,2025-07-09 09:16:33,Bengaluru,16.97,59.2,1.0,116.82,Debit Card,Completed,3.5,4.3
OLA-TRIP-02666,OLA-CUST-0086,OLA-DRV-0030,Ola Share,2025-11-16 03:59:00,2025-11-16 04:40:12,Kochi,10.84,41.2,1.0,90.88,Ola Money,Completed,3.5,4.3
OLA-TRIP-02667,OLA-CUST-0063,OLA-DRV-0056,Ola Mini,2023-11-24 13:49:01,2023-11-24 14:01:01,Chennai,4.34,12.0,1.0,77.74,Debit Card,Completed,3.5,4.1
OLA-TRIP-02668,OLA-CUST-0101,OLA-DRV-0068,Ola Prime SUV,2024-03-23 00:28:37,2024-03-23 01:27:25,Ahmedabad,16.58,58.8,1.0,375.02,Ola Money,Completed,4.8,4.1
OLA-TRIP-02669,OLA-CUST-0101,OLA-DRV-0005,Ola Share,2024-03-29 23:11:28,,Ahmedabad,21.33,0.0,1.2,0.0,,Cancelled by Rider,,
OLA-TRIP-02670,OLA-CUST-0001,OLA-DRV-0039,Ola Mini,2025-06-30 10:16:02,2025-06-30 10:35:50,Kolkata,6.99,19.8,1.0,106.89,Credit Card,Completed,3.2,4.6
OLA-TRIP-02671,OLA-CUST-0100,OLA-DRV-0005,Ola Share,2024-10-22 12:02:28,2024-10-22 12:25:28,Ahmedabad,7.89,23.0,2.0,140.46,Cash,Completed,4.8,3.5
OLA-TRIP-02672,OLA-CUST-0094,OLA-DRV-0064,Ola Prime,2023-07-06 15:36:51,2023-07-06 16:36:51,Ahmedabad,13.66,60.0,1.0,249.9,Debit Card,Completed,3.8,4.4
OLA-TRIP-02673,OLA-CUST-0188,OLA-DRV-0007,Ola Prime,2025-04-21 15:54:25,2025-04-21 17:05:01,Pune,15.9,70.6,1.0,283.5,Ola Money,Completed,4.1,3.8
OLA-TRIP-02674,OLA-CUST-0071,OLA-DRV-0035,Ola Prime SUV,2023-03-07 06:20:06,2023-03-07 07:32:54,Bengaluru,21.04,72.8,1.0,459.76,UPI,Completed,4.1,4.0
OLA-TRIP-02675,OLA-CUST-0058,OLA-DRV-0067,Ola Share,2025-09-11 17:16:40,2025-09-11 17:25:40,Delhi,2.88,9.0,1.0,35.16,UPI,Completed,4.5,4.1
OLA-TRIP-02676,OLA-CUST-0198,OLA-DRV-0048,Ola Auto,2025-03-31 21:41:45,2025-03-31 22:38:15,Kolkata,13.04,56.5,1.0,137.36,UPI,Completed,4.8,3.5
OLA-TRIP-02677,OLA-CUST-0055,OLA-DRV-0065,Ola Prime,2023-10-05 08:22:03,,Kolkata,23.87,0.0,1.0,0.0,,Cancelled by Rider,,
OLA-TRIP-02678,OLA-CUST-0058,OLA-DRV-0096,Ola Prime SUV,2023-12-27 17:21:18,2023-12-27 18:27:06,Delhi,22.45,65.8,1.0,486.55,Ola Money,Completed,3.0,4.0
OLA-TRIP-02679,OLA-CUST-0070,OLA-DRV-0098,Ola Prime,2024-11-13 03:53:21,2024-11-13 04:46:39,Hyderabad,14.54,53.3,1.2,315.72,Debit Card,Completed,4.2,3.5
OLA-TRIP-02680,OLA-CUST-0148,OLA-DRV-0091,Ola Mini,2023-10-19 17:11:59,,Mumbai,8.51,0.0,1.0,0.0,,Cancelled by Rider,,
OLA-TRIP-02681,OLA-CUST-0093,OLA-DRV-0051,Ola Mini,2025-04-21 03:44:13,2025-04-21 04:04:07,Chennai,5.74,19.9,1.0,93.14,Debit Card,Completed,3.1,3.8
OLA-TRIP-02682,OLA-CUST-0121,OLA-DRV-0019,Ola Bike,2025-06-15 10:18:27,,Hyderabad,15.58,0.0,1.0,0.0,,Cancelled by Driver,,
OLA-TRIP-02683,OLA-CUST-0184,OLA-DRV-0055,Ola Prime SUV,2025-07-15 21:32:32,2025-07-15 22:33:44,Kolkata,16.99,61.2,1.0,382.81,UPI,Completed,3.5,3.3
OLA-TRIP-02684,OLA-CUST-0125,OLA-DRV-0014,Ola Mini,2023-07-26 15:47:15,2023-07-26 15:52:09,Bengaluru,1.63,4.9,1.5,71.89,UPI,Completed,4.1,4.0
OLA-TRIP-02685,OLA-CUST-0021,OLA-DRV-0003,Ola Prime SUV,2024-05-11 12:34:28,2024-05-11 14:08:34,Pune,24.9,94.1,1.5,799.65,Ola Money,Completed,4.2,3.3
OLA-TRIP-02686,OLA-CUST-0039,OLA-DRV-0048,Ola Auto,2024-01-14 18:01:31,2024-01-14 18:27:13,Kolkata,7.84,25.7,1.0,90.56,UPI,Completed,3.0,4.4
OLA-TRIP-02687,OLA-CUST-0015,OLA-DRV-0068,Ola Prime SUV,2025-02-23 10:08:12,,Ahmedabad,24.59,0.0,1.0,0.0,,No Show,,
OLA-TRIP-02688,OLA-CUST-0144,OLA-DRV-0048,Ola Auto,2025-04-15 13:02:06,2025-04-15 13:14:00,Kolkata,4.21,11.9,1.0,57.89,Ola Money,Completed,3.7,4.9
OLA-TRIP-02689,OLA-CUST-0022,OLA-DRV-0024,Ola Prime,2024-09-12 12:17:37,2024-09-12 12:50:49,Delhi,10.85,33.2,1.0,207.75,Ola Money,Completed,3.1,4.3
OLA-TRIP-02690,OLA-CUST-0104,OLA-DRV-0068,Ola Prime SUV,2025-05-06 07:14:36,2025-05-06 07:30:36,Ahmedabad,4.53,16.0,1.0,146.07,Debit Card,Completed,3.6,4.5
OLA-TRIP-02691,OLA-CUST-0038,OLA-DRV-0035,Ola Prime SUV,2024-08-22 01:43:08,2024-08-22 02:03:14,Bengaluru,7.69,20.1,1.0,206.11,Ola Money,Completed,3.9,5.0
OLA-TRIP-02692,OLA-CUST-0172,OLA-DRV-0019,Ola Bike,2024-09-14 08:25:17,2024-09-14 09:18:35,Hyderabad,17.39,53.3,1.2,143.21,UPI,Completed,3.3,4.2
OLA-TRIP-02693,OLA-CUST-0038,OLA-DRV-0014,Ola Mini,2025-07-20 13:55:15,2025-07-20 14:21:27,Bengaluru,6.49,26.2,1.0,101.39,UPI,Completed,5.0,4.5
OLA-TRIP-02694,OLA-CUST-0087,OLA-DRV-0023,Ola Bike,2025-11-26 10:31:31,2025-11-26 11:01:19,Delhi,7.07,29.8,2.0,114.84,Credit Card,Completed,4.2,4.0
OLA-TRIP-02695,OLA-CUST-0127,OLA-DRV-0056,Ola Mini,2024-12-22 03:05:13,2024-12-22 03:58:55,Chennai,14.72,53.7,1.0,191.92,Cash,Completed,3.7,4.7
OLA-TRIP-02696,OLA-CUST-0194,OLA-DRV-0057,Ola Prime SUV,2023-07-21 19:57:31,2023-07-21 20:29:07,Bengaluru,9.23,31.6,1.2,282.44,Ola Money,Completed,5.0,4.5
OLA-TRIP-02697,OLA-CUST-0041,OLA-DRV-0040,Ola Bike,2024-10-21 20:19:08,2024-10-21 20:43:26,Chennai,7.76,24.3,1.0,61.56,Ola Money,Completed,4.7,3.5
OLA-TRIP-02698,OLA-CUST-0148,OLA-DRV-0006,Ola Prime SUV,2025-08-03 12:19:06,2025-08-03 13:05:54,Mumbai,18.04,46.8,2.0,805.52,Debit Card,Completed,3.2,4.2
OLA-TRIP-02699,OLA-CUST-0065,OLA-DRV-0028,Ola Prime,2023-12-16 00:24:46,2023-12-16 00:51:22,Pune,9.72,26.6,1.0,190.8,Credit Card,Completed,5.0,3.5
OLA-TRIP-02700,OLA-CUST-0192,OLA-DRV-0068,Ola Prime SUV,2025-11-29 17:38:26,2025-11-29 18:42:38,Ahmedabad,14.76,64.2,1.0,340.44,Cash,Completed,4.9,4.6
OLA-TRIP-02701,OLA-CUST-0059,OLA-DRV-0049,Ola Mini,2023-11-03 03:16:59,2023-11-03 04:32:23,Kochi,23.51,75.4,1.2,346.33,Credit Card,Completed,3.1,3.4
OLA-TRIP-02702,OLA-CUST-0184,OLA-DRV-0013,Ola Auto,2025-06-30 02:42:19,2025-06-30 03:49:07,Kolkata,18.71,66.8,1.0,188.39,UPI,Completed,3.3,3.7
OLA-TRIP-02703,OLA-CUST-0165,OLA-DRV-0043,Ola Bike,2023-05-04 05:44:44,2023-05-04 07:00:02,Bengaluru,19.55,75.3,1.0,132.3,Cash,Completed,4.9,4.2
OLA-TRIP-02704,OLA-CUST-0052,OLA-DRV-0073,Ola Share,2024-11-07 05:13:14,2024-11-07 06:24:02,Ahmedabad,21.74,70.8,1.0,167.18,Credit Card,Completed,3.8,3.7
OLA-TRIP-02705,OLA-CUST-0171,OLA-DRV-0004,Ola Mini,2024-11-05 15:50:03,2024-11-05 15:59:39,Mumbai,3.23,9.6,1.0,65.53,Ola Money,Completed,4.3,3.8
OLA-TRIP-02706,OLA-CUST-0084,OLA-DRV-0050,Ola Prime SUV,2025-12-25 06:02:43,,Kochi,6.88,0.0,1.2,0.0,,Cancelled by Driver,,
OLA-TRIP-02707,OLA-CUST-0123,OLA-DRV-0097,Ola Share,2023-07-30 02:27:47,2023-07-30 03:07:11,Jaipur,13.9,39.4,1.0,112.3,Debit Card,Completed,3.9,4.4
OLA-TRIP-02708,OLA-CUST-0157,OLA-DRV-0067,Ola Share,2025-06-09 03:58:53,2025-06-09 04:29:23,Delhi,9.87,30.5,1.0,84.09,UPI,Completed,3.9,4.0
OLA-TRIP-02709,OLA-CUST-0047,OLA-DRV-0079,Ola Bike,2023-08-12 04:36:54,,Ahmedabad,23.6,0.0,1.0,0.0,,No Show,,
OLA-TRIP-02710,OLA-CUST-0171,OLA-DRV-0095,Ola Mini,2025-01-16 20:16:06,2025-01-16 21:16:24,Mumbai,20.3,60.3,1.0,253.3,UPI,Completed,3.0,4.2
OLA-TRIP-02711,OLA-CUST-0059,OLA-DRV-0089,Ola Prime,2023-01-15 07:28:14,2023-01-15 08:35:44,Kochi,17.33,67.5,1.0,304.95,Debit Card,Completed,3.6,3.7
OLA-TRIP-02712,OLA-CUST-0109,OLA-DRV-0058,Ola Share,2025-08-20 03:08:57,2025-08-20 04:13:33,Delhi,17.96,64.6,1.0,140.72,Ola Money,Completed,4.9,3.5
OLA-TRIP-02713,OLA-CUST-0164,OLA-DRV-0032,Ola Auto,2023-11-03 06:54:45,2023-11-03 08:39:51,Jaipur,23.41,105.1,1.0,230.69,Ola Money,Completed,3.6,3.5
OLA-TRIP-02714,OLA-CUST-0195,OLA-DRV-0013,Ola Auto,2025-10-30 16:40:43,2025-10-30 16:53:31,Kolkata,4.21,12.8,1.0,57.89,Ola Money,Completed,4.8,4.1
OLA-TRIP-02715,OLA-CUST-0065,OLA-DRV-0003,Ola Prime SUV,2025-02-01 16:15:52,2025-02-01 16:36:34,Pune,8.01,20.7,1.0,212.19,Cash,Completed,4.2,4.5
OLA-TRIP-02716,OLA-CUST-0138,OLA-DRV-0016,Ola Bike,2024-09-30 20:25:48,2024-09-30 21:59:12,Chennai,24.1,93.4,1.2,191.52,Cash,Completed,4.6,3.6
OLA-TRIP-02717,OLA-CUST-0081,OLA-DRV-0097,Ola Share,2023-03-14 04:15:34,2023-03-14 05:36:10,Jaipur,19.05,80.6,1.0,148.35,Cash,Completed,3.1,4.0
OLA-TRIP-02718,OLA-CUST-0003,OLA-DRV-0098,Ola Prime,2025-01-01 13:23:08,,Hyderabad,19.67,0.0,1.2,0.0,,Cancelled by Rider,,
OLA-TRIP-02719,OLA-CUST-0017,OLA-DRV-0075,Ola Prime,2023-10-11 18:10:37,2023-10-11 18:44:43,Delhi,12.86,34.1,1.0,237.9,Credit Card,Completed,4.5,3.7
OLA-TRIP-02720,OLA-CUST-0012,OLA-DRV-0083,Ola Mini,2023-03-31 10:17:21,2023-03-31 10:44:03,Pune,6.78,26.7,1.0,104.58,Credit Card,Completed,3.7,4.2
OLA-TRIP-02721,OLA-CUST-0188,OLA-DRV-0028,Ola Prime,2024-10-08 03:46:20,2024-10-08 04:04:44,Pune,7.16,18.4,1.2,182.88,Credit Card,Completed,4.7,4.2
OLA-TRIP-02722,OLA-CUST-0057,OLA-DRV-0069,Ola Bike,2023-04-23 19:31:08,2023-04-23 20:13:44,Mumbai,10.07,42.6,1.2,90.5,UPI,Completed,4.9,4.6
OLA-TRIP-02723,OLA-CUST-0051,OLA-DRV-0039,Ola Mini,2024-02-23 14:12:45,2024-02-23 14:49:27,Kolkata,8.87,36.7,1.5,191.35,Ola Money,Completed,4.5,3.3
OLA-TRIP-02724,OLA-CUST-0121,OLA-DRV-0082,Ola Share,2023-07-16 23:19:40,2023-07-17 00:09:04,Hyderabad,14.22,49.4,1.0,114.54,UPI,Completed,4.2,3.5
OLA-TRIP-02725,OLA-CUST-0173,OLA-DRV-0034,Ola Bike,2023-04-22 16:57:41,2023-04-22 17:26:11,Jaipur,10.0,28.5,1.0,75.0,Debit Card,Completed,4.3,3.6
OLA-TRIP-02726,OLA-CUST-0028,OLA-DRV-0049,Ola Mini,2023-08-16 21:02:07,2023-08-16 21:09:49,Kochi,2.46,7.7,1.0,57.06,Debit Card,Completed,4.9,3.4
OLA-TRIP-02727,OLA-CUST-0065,OLA-DRV-0063,Ola Prime,2025-01-20 02:12:00,2025-01-20 02:36:54,Pune,8.22,24.9,1.0,168.3,UPI,Completed,4.7,4.7
OLA-TRIP-02728,OLA-CUST-0094,OLA-DRV-0064,Ola Prime,2025-02-21 16:18:06,2025-02-21 16:39:42,Ahmedabad,7.98,21.6,1.0,164.7,Cash,Completed,3.4,4.6
OLA-TRIP-02729,OLA-CUST-0101,OLA-DRV-0068,Ola Prime SUV,2024-04-04 14:01:32,2024-04-04 14:55:38,Ahmedabad,16.98,54.1,1.0,382.62,Credit Card,Completed,4.4,4.4
OLA-TRIP-02730,OLA-CUST-0076,OLA-DRV-0082,Ola Share,2023-07-15 20:57:50,2023-07-15 21:11:50,Hyderabad,5.57,14.0,1.0,53.99,Credit Card,Completed,4.6,4.8
OLA-TRIP-02731,OLA-CUST-0092,OLA-DRV-0011,Ola Bike,2024-11-08 21:55:52,2024-11-08 22:16:28,Mumbai,5.58,20.6,1.5,72.72,Debit Card,Completed,4.8,5.0
OLA-TRIP-02732,OLA-CUST-0129,OLA-DRV-0006,Ola Prime SUV,2024-12-25 22:17:52,2024-12-25 22:28:28,Mumbai,3.99,10.6,1.0,135.81,Debit Card,Completed,4.6,5.0
OLA-TRIP-02733,OLA-CUST-0162,OLA-DRV-0049,Ola Mini,2024-01-03 04:40:17,2024-01-03 04:47:35,Kochi,2.7,7.3,1.5,89.55,Credit Card,Completed,3.4,3.0
OLA-TRIP-02734,OLA-CUST-0053,OLA-DRV-0079,Ola Bike,2025-11-12 09:25:44,2025-11-12 10:52:56,Ahmedabad,20.24,87.2,1.0,136.44,UPI,Completed,4.9,4.1
OLA-TRIP-02735,OLA-CUST-0079,OLA-DRV-0010,Ola Prime,2024-07-31 17:04:43,2024-07-31 18:12:31,Hyderabad,19.73,67.8,1.2,409.14,Cash,Completed,4.7,3.3
OLA-TRIP-02736,OLA-CUST-0157,OLA-DRV-0017,Ola Prime SUV,2023-01-21 00:19:30,2023-01-21 01:23:42,Delhi,22.95,64.2,1.0,496.05,UPI,Completed,3.1,3.0
OLA-TRIP-02737,OLA-CUST-0137,OLA-DRV-0079,Ola Bike,2025-01-16 07:00:26,2025-01-16 07:52:08,Ahmedabad,20.35,51.7,1.0,137.1,Cash,Completed,3.3,3.9
OLA-TRIP-02738,OLA-CUST-0133,OLA-DRV-0064,Ola Prime,2024-12-11 19:06:55,2024-12-11 19:14:37,Ahmedabad,1.92,7.7,1.0,73.8,Ola Money,Completed,4.5,4.8
OLA-TRIP-02739,OLA-CUST-0003,OLA-DRV-0010,Ola Prime,2024-05-31 10:43:05,2024-05-31 12:02:47,Hyderabad,22.2,79.7,1.5,567.0,UPI,Completed,4.2,3.0
OLA-TRIP-02740,OLA-CUST-0022,OLA-DRV-0076,Ola Share,2025-09-11 16:38:21,2025-09-11 17:39:51,Delhi,23.34,61.5,1.5,267.57,Debit Card,Completed,3.9,4.9
OLA-TRIP-02741,OLA-CUST-0015,OLA-DRV-0054,Ola Auto,2025-12-09 17:10:34,2025-12-09 17:25:52,Ahmedabad,3.67,15.3,1.0,53.03,Cash,Completed,4.4,3.9
OLA-TRIP-02742,OLA-CUST-0027,OLA-DRV-0045,Ola Prime,2023-11-14 20:29:28,2023-11-14 21:36:22,Hyderabad,22.68,66.9,1.0,385.2,Credit Card,Completed,3.7,3.6
OLA-TRIP-02743,OLA-CUST-0015,OLA-DRV-0025,Ola Prime,2024-01-04 21:20:41,2024-01-04 22:22:17,Ahmedabad,15.07,61.6,1.2,325.26,UPI,Completed,4.3,3.2
OLA-TRIP-02744,OLA-CUST-0094,OLA-DRV-0079,Ola Bike,2025-09-15 18:50:34,2025-09-15 20:07:10,Ahmedabad,22.11,76.6,1.2,177.19,Cash,Completed,4.7,4.4
OLA-TRIP-02745,OLA-CUST-0138,OLA-DRV-0051,Ola Mini,2025-09-14 14:32:14,,Chennai,12.62,0.0,1.2,0.0,,Cancelled by Rider,,
OLA-TRIP-02746,OLA-CUST-0074,OLA-DRV-0081,Ola Share,2025-05-07 03:56:27,,Chennai,17.92,0.0,1.0,0.0,,No Show,,
OLA-TRIP-02747,OLA-CUST-0146,OLA-DRV-0096,Ola Prime SUV,2023-09-30 14:14:32,2023-09-30 15:11:44,Delhi,13.54,57.2,1.0,317.26,Ola Money,Completed,3.7,4.4
OLA-TRIP-02748,OLA-CUST-0027,OLA-DRV-0070,Ola Mini,2024-01-20 10:50:55,2024-01-20 11:37:01,Hyderabad,14.12,46.1,2.0,370.64,Credit Card,Completed,4.1,4.1
OLA-TRIP-02749,OLA-CUST-0188,OLA-DRV-0028,Ola Prime,2024-07-10 20:20:50,2024-07-10 20:39:02,Pune,6.16,18.2,1.0,137.4,Cash,Completed,3.4,3.4
OLA-TRIP-02750,OLA-CUST-0060,OLA-DRV-0097,Ola Share,2024-03-03 17:27:29,2024-03-03 17:41:47,Jaipur,3.42,14.3,1.0,38.94,UPI,Completed,4.5,3.9
OLA-TRIP-02751,OLA-CUST-0082,OLA-DRV-0003,Ola Prime SUV,2025-07-13 03:03:25,2025-07-13 03:11:49,Pune,2.33,8.4,1.5,156.41,Cash,Completed,4.2,4.2
OLA-TRIP-02752,OLA-CUST-0066,OLA-DRV-0031,Ola Mini,2024-07-04 18:05:27,2024-07-04 18:23:57,Kochi,5.73,18.5,1.0,93.03,Debit Card,Completed,3.3,3.7
OLA-TRIP-02753,OLA-CUST-0034,OLA-DRV-0058,Ola Share,2025-12-29 22:29:53,2025-12-29 23:23:53,Delhi,16.63,54.0,1.0,131.41,Debit Card,Completed,3.2,3.5
OLA-TRIP-02754,OLA-CUST-0115,OLA-DRV-0021,Ola Mini,2023-03-30 03:52:47,2023-03-30 04:55:47,Ahmedabad,24.4,63.0,1.5,447.6,Cash,Completed,3.3,4.2
OLA-TRIP-02755,OLA-CUST-0188,OLA-DRV-0042,Ola Mini,2023-03-27 09:41:02,2023-03-27 09:44:20,Pune,1.13,3.3,1.5,63.64,Debit Card,Completed,3.8,4.8
OLA-TRIP-02756,OLA-CUST-0131,OLA-DRV-0086,Ola Prime,2023-09-05 23:12:04,,Mumbai,1.11,0.0,1.0,0.0,,Cancelled by Rider,,
OLA-TRIP-02757,OLA-CUST-0032,OLA-DRV-0088,Ola Auto,2024-03-11 06:50:21,2024-03-11 07:28:21,Kolkata,9.41,38.0,1.0,104.69,UPI,Completed,4.5,3.0
OLA-TRIP-02758,OLA-CUST-0001,OLA-DRV-0013,Ola Auto,2023-09-15 23:26:23,,Kolkata,22.53,0.0,1.0,0.0,,No Show,,
OLA-TRIP-02759,OLA-CUST-0152,OLA-DRV-0076,Ola Share,2023-10-13 12:46:36,2023-10-13 13:05:18,Delhi,4.35,18.7,1.0,45.45,Cash,Completed,4.1,4.9
OLA-TRIP-02760,OLA-CUST-0095,OLA-DRV-0058,Ola Share,2024-05-15 22:17:16,2024-05-15 23:14:04,Delhi,13.24,56.8,1.0,107.68,Cash,Completed,4.2,3.5
OLA-TRIP-02761,OLA-CUST-0065,OLA-DRV-0022,Ola Share,2023-01-11 12:56:52,2023-01-11 13:45:10,Pune,17.35,48.3,1.0,136.45,UPI,Completed,4.0,3.1
OLA-TRIP-02762,OLA-CUST-0064,OLA-DRV-0047,Ola Bike,2023-01-25 18:18:02,2023-01-25 19:18:14,Mumbai,15.01,60.2,1.0,105.06,UPI,Completed,3.3,3.5
OLA-TRIP-02763,OLA-CUST-0151,OLA-DRV-0056,Ola Mini,2024-09-18 19:26:34,,Chennai,5.26,0.0,1.0,0.0,,Cancelled by Rider,,
OLA-TRIP-02764,OLA-CUST-0073,OLA-DRV-0093,Ola Prime,2024-06-30 05:42:54,2024-06-30 06:35:12,Jaipur,13.82,52.3,1.2,302.76,Debit Card,Completed,4.9,3.7
OLA-TRIP-02765,OLA-CUST-0111,OLA-DRV-0082,Ola Share,2025-07-30 10:33:13,2025-07-30 10:52:37,Hyderabad,5.24,19.4,1.0,51.68,Credit Card,Completed,4.9,4.8
OLA-TRIP-02766,OLA-CUST-0111,OLA-DRV-0010,Ola Prime,2023-06-01 08:02:17,2023-06-01 09:20:23,Hyderabad,21.73,78.1,1.0,370.95,Cash,Completed,3.7,3.7
OLA-TRIP-02767,OLA-CUST-0185,OLA-DRV-0022,Ola Share,2023-03-27 13:20:13,2023-03-27 14:37:25,Pune,22.93,77.2,1.0,175.51,UPI,Completed,4.8,3.7
OLA-TRIP-02768,OLA-CUST-0086,OLA-DRV-0089,Ola Prime,2023-04-06 13:58:02,2023-04-06 14:15:20,Kochi,4.7,17.3,1.0,115.5,UPI,Completed,3.2,3.6
OLA-TRIP-02769,OLA-CUST-0088,OLA-DRV-0019,Ola Bike,2025-08-01 22:27:15,2025-08-01 23:06:33,Hyderabad,13.22,39.3,1.0,94.32,Debit Card,Completed,5.0,3.7
OLA-TRIP-02770,OLA-CUST-0020,OLA-DRV-0019,Ola Bike,2024-04-16 03:20:33,2024-04-16 03:31:39,Hyderabad,3.47,11.1,1.5,53.73,Debit Card,Completed,3.2,3.2
OLA-TRIP-02771,OLA-CUST-0171,OLA-DRV-0011,Ola Bike,2024-01-03 09:19:44,2024-01-03 09:49:26,Mumbai,10.15,29.7,1.0,75.9,Debit Card,Completed,5.0,3.3
OLA-TRIP-02772,OLA-CUST-0165,OLA-DRV-0035,Ola Prime SUV,2025-11-04 17:58:22,2025-11-04 19:32:22,Bengaluru,24.57,94.0,1.0,526.83,Debit Card,Completed,3.0,3.4
OLA-TRIP-02773,OLA-CUST-0078,OLA-DRV-0014,Ola Mini,2023-08-08 00:04:26,2023-08-08 00:43:56,Bengaluru,14.06,39.5,1.0,184.66,Debit Card,Completed,3.3,4.3
OLA-TRIP-02774,OLA-CUST-0180,OLA-DRV-0096,Ola Prime SUV,2024-07-31 23:55:58,2024-07-31 23:58:46,Delhi,1.06,2.8,1.0,80.14,Debit Card,Completed,3.7,3.8
OLA-TRIP-02775,OLA-CUST-0166,OLA-DRV-0095,Ola Mini,2023-04-03 11:00:37,,Mumbai,18.39,0.0,1.0,0.0,,Cancelled by Driver,,
OLA-TRIP-02776,OLA-CUST-0137,OLA-DRV-0068,Ola Prime SUV,2025-06-14 13:33:29,2025-06-14 13:40:11,Ahmedabad,2.06,6.7,1.0,99.14,Ola Money,Completed,3.3,4.9
OLA-TRIP-02777,OLA-CUST-0163,OLA-DRV-0008,Ola Auto,2023-08-10 19:30:28,,Mumbai,11.7,0.0,1.0,0.0,,Cancelled by Rider,,
OLA-TRIP-02778,OLA-CUST-0146,OLA-DRV-0078,Ola Prime SUV,2024-10-03 03:58:17,2024-10-03 04:46:05,Delhi,18.29,47.8,1.0,407.51,Credit Card,Completed,3.4,3.9
OLA-TRIP-02779,OLA-CUST-0076,OLA-DRV-0098,Ola Prime,2023-01-01 15:52:21,2023-01-01 16:48:21,Hyderabad,13.8,56.0,1.0,252.0,Ola Money,Completed,4.9,4.9
OLA-TRIP-02780,OLA-CUST-0160,OLA-DRV-0010,Ola Prime,2024-09-29 03:42:52,2024-09-29 04:17:40,Hyderabad,13.1,34.8,1.0,241.5,Cash,Completed,4.7,4.4
OLA-TRIP-02781,OLA-CUST-0105,OLA-DRV-0016,Ola Bike,2025-11-26 16:13:57,2025-11-26 17:45:09,Chennai,21.28,91.2,1.5,214.02,UPI,Completed,4.0,3.1
OLA-TRIP-02782,OLA-CUST-0031,OLA-DRV-0098,Ola Prime,2025-08-25 13:30:47,2025-08-25 13:36:59,Hyderabad,2.18,6.2,2.0,155.4,Debit Card,Completed,3.6,3.9
OLA-TRIP-02783,OLA-CUST-0121,OLA-DRV-0019,Ola Bike,2025-01-09 02:53:27,,Hyderabad,20.63,0.0,1.0,0.0,,No Show,,
OLA-TRIP-02784,OLA-CUST-0152,OLA-DRV-0076,Ola Share,2023-12-07 03:35:46,2023-12-07 04:50:16,Delhi,21.85,74.5,1.0,167.95,Cash,Completed,3.1,4.8
OLA-TRIP-02785,OLA-CUST-0111,OLA-DRV-0045,Ola Prime,2024-01-23 07:02:07,2024-01-23 07:52:31,Hyderabad,12.17,50.4,1.0,227.55,Debit Card,Completed,3.8,4.6
OLA-TRIP-02786,OLA-CUST-0005,OLA-DRV-0035,Ola Prime SUV,2025-03-16 06:34:11,2025-03-16 07:09:47,Bengaluru,8.23,35.6,1.2,259.64,Cash,Completed,4.9,3.5
OLA-TRIP-02787,OLA-CUST-0074,OLA-DRV-0051,Ola Mini,2023-03-29 00:19:39,2023-03-29 01:21:27,Chennai,21.54,61.8,1.5,400.41,Debit Card,Completed,3.8,4.5
OLA-TRIP-02788,OLA-CUST-0144,OLA-DRV-0088,Ola Auto,2024-02-16 08:32:29,2024-02-16 09:13:41,Kolkata,11.08,41.2,1.0,119.72,Credit Card,Completed,3.5,4.0
OLA-TRIP-02789,OLA-CUST-0038,OLA-DRV-0018,Ola Bike,2025-12-06 12:10:33,,Bengaluru,2.96,0.0,1.0,0.0,,No Show,,
OLA-TRIP-02790,OLA-CUST-0080,OLA-DRV-0082,Ola Share,2025-10-23 14:41:32,2025-10-23 14:47:08,Hyderabad,1.25,5.6,1.0,23.75,Credit Card,Completed,3.4,3.4
OLA-TRIP-02791,OLA-CUST-0039,OLA-DRV-0039,Ola Mini,2025-03-11 14:35:20,2025-03-11 14:45:32,Kolkata,2.38,10.2,1.0,56.18,Cash,Completed,5.0,5.0
OLA-TRIP-02792,OLA-CUST-0093,OLA-DRV-0040,Ola Bike,2025-05-24 03:38:11,2025-05-24 03:48:23,Chennai,2.73,10.2,1.0,31.38,Ola Money,Completed,4.0,3.8
OLA-TRIP-02793,OLA-CUST-0044,OLA-DRV-0100,Ola Bike,2023-01-25 04:58:48,,Kochi,15.29,0.0,1.5,0.0,,Cancelled by Driver,,
OLA-TRIP-02794,OLA-CUST-0145,OLA-DRV-0096,Ola Prime SUV,2023-12-29 19:29:47,2023-12-29 20:13:11,Delhi,16.68,43.4,1.0,376.92,Ola Money,Completed,3.4,3.1
OLA-TRIP-02795,OLA-CUST-0044,OLA-DRV-0031,Ola Mini,2023-05-21 07:48:15,2023-05-21 08:24:27,Kochi,8.95,36.2,1.0,128.45,UPI,Completed,3.2,4.6
OLA-TRIP-02796,OLA-CUST-0009,OLA-DRV-0096,Ola Prime SUV,2024-07-18 16:01:19,2024-07-18 16:09:01,Delhi,2.0,7.7,2.0,196.0,Debit Card,Completed,3.2,3.0
OLA-TRIP-02797,OLA-CUST-0103,OLA-DRV-0011,Ola Bike,2023-09-23 14:41:43,,Mumbai,9.48,0.0,1.5,0.0,,Cancelled by Rider,,
OLA-TRIP-02798,OLA-CUST-0002,OLA-DRV-0073,Ola Share,2023-12-27 09:57:38,2023-12-27 11:05:44,Ahmedabad,24.12,68.1,1.0,183.84,Cash,Completed,4.7,4.7
OLA-TRIP-02799,OLA-CUST-0040,OLA-DRV-0031,Ola Mini,2024-06-19 10:39:28,2024-06-19 11:07:52,Kochi,9.49,28.4,2.0,268.78,Debit Card,Completed,4.2,3.1
OLA-TRIP-02800,OLA-CUST-0109,OLA-DRV-0067,Ola Share,2023-03-05 21:19:28,2023-03-05 21:42:58,Delhi,7.47,23.5,1.0,67.29,Ola Money,Completed,4.8,3.4
OLA-TRIP-02801,OLA-CUST-0092,OLA-DRV-0062,Ola Auto,2024-11-17 08:34:03,2024-11-17 09:17:09,Mumbai,14.51,43.1,1.0,150.59,Ola Money,Completed,4.0,3.5
OLA-TRIP-02802,OLA-CUST-0041,OLA-DRV-0066,Ola Bike,2024-09-13 14:06:11,2024-09-13 14:29:29,Chennai,6.33,23.3,1.5,79.47,Debit Card,Completed,3.8,4.8
OLA-TRIP-02803,OLA-CUST-0154,OLA-DRV-0092,Ola Prime,2023-08-28 08:15:53,2023-08-28 09:18:11,Pune,16.12,62.3,1.0,286.8,Cash,Completed,3.5,3.9
OLA-TRIP-02804,OLA-CUST-0047,OLA-DRV-0064,Ola Prime,2025-08-14 08:31:25,2025-08-14 09:36:43,Ahmedabad,16.59,65.3,1.0,293.85,Cash,Completed,3.5,3.8
OLA-TRIP-02805,OLA-CUST-0178,OLA-DRV-0051,Ola Mini,2025-06-28 03:16:58,2025-06-28 04:13:10,Chennai,17.78,56.2,1.0,225.58,Ola Money,Completed,3.4,3.6
OLA-TRIP-02806,OLA-CUST-0101,OLA-DRV-0021,Ola Mini,2025-07-27 23:23:52,2025-07-28 00:36:52,Ahmedabad,24.35,73.0,1.0,297.85,Credit Card,Completed,3.7,4.4
OLA-TRIP-02807,OLA-CUST-0074,OLA-DRV-0056,Ola Mini,2023-08-19 01:59:39,2023-08-19 02:34:21,Chennai,13.61,34.7,1.0,179.71,UPI,Completed,3.5,4.6
OLA-TRIP-02808,OLA-CUST-0030,OLA-DRV-0076,Ola Share,2024-01-13 09:46:18,,Delhi,14.55,0.0,1.0,0.0,,Cancelled by Rider,,
OLA-TRIP-02809,OLA-CUST-0135,OLA-DRV-0035,Ola Prime SUV,2023-05-21 18:19:36,2023-05-21 19:32:54,Bengaluru,19.75,73.3,1.0,435.25,UPI,Completed,3.2,4.1
OLA-TRIP-02810,OLA-CUST-0198,OLA-DRV-0088,Ola Auto,2025-09-23 14:01:07,2025-09-23 14:11:49,Kolkata,3.96,10.7,1.0,55.64,Debit Card,Completed,4.4,3.5
OLA-TRIP-02811,OLA-CUST-0155,OLA-DRV-0057,Ola Prime SUV,2024-08-20 02:55:58,2024-08-20 04:17:40,Bengaluru,23.9,81.7,1.0,514.1,Debit Card,Completed,3.3,3.2
OLA-TRIP-02812,OLA-CUST-0157,OLA-DRV-0024,Ola Prime,2023-01-21 00:38:42,2023-01-21 01:32:00,Delhi,16.56,53.3,1.5,440.1,Credit Card,Completed,4.0,4.3
OLA-TRIP-02813,OLA-CUST-0013,OLA-DRV-0068,Ola Prime SUV,2024-09-19 19:38:08,2024-09-19 20:29:20,Ahmedabad,18.34,51.2,1.0,408.46,Cash,Completed,3.1,3.1
OLA-TRIP-02814,OLA-CUST-0099,OLA-DRV-0085,Ola Prime SUV,2025-12-02 10:48:35,2025-12-02 11:17:17,Bengaluru,9.59,28.7,1.0,242.21,Ola Money,Completed,4.5,4.3
OLA-TRIP-02815,OLA-CUST-0196,OLA-DRV-0048,Ola Auto,2025-11-30 20:34:39,2025-11-30 21:49:39,Kolkata,24.05,75.0,1.0,236.45,Cash,Completed,3.3,4.5
OLA-TRIP-02816,OLA-CUST-0191,OLA-DRV-0053,Ola Prime SUV,2024-04-08 04:39:47,,Bengaluru,14.11,0.0,1.5,0.0,,Cancelled by Driver,,
OLA-TRIP-02817,OLA-CUST-0061,OLA-DRV-0077,Ola Mini,2024-04-23 11:26:38,,Hyderabad,14.54,0.0,1.0,0.0,,Cancelled by Rider,,
OLA-TRIP-02818,OLA-CUST-0111,OLA-DRV-0082,Ola Share,2024-04-05 10:45:43,2024-04-05 11:30:25,Hyderabad,13.58,44.7,1.0,110.06,UPI,Completed,4.2,4.2
OLA-TRIP-02819,OLA-CUST-0189,OLA-DRV-0035,Ola Prime SUV,2025-07-08 04:26:47,2025-07-08 04:43:23,Bengaluru,5.49,16.6,1.5,246.47,Credit Card,Completed,3.5,3.1
OLA-TRIP-02820,OLA-CUST-0162,OLA-DRV-0100,Ola Bike,2024-12-16 14:50:55,2024-12-16 16:15:37,Kochi,23.62,84.7,1.0,156.72,Debit Card,Completed,4.6,3.2
OLA-TRIP-02821,OLA-CUST-0028,OLA-DRV-0052,Ola Share,2023-06-17 11:56:29,2023-06-17 12:32:53,Kochi,9.45,36.4,1.0,81.15,Credit Card,Completed,5.0,3.4
OLA-TRIP-02822,OLA-CUST-0104,OLA-DRV-0087,Ola Mini,2025-06-13 18:19:00,2025-06-13 19:42:36,Ahmedabad,23.93,83.6,1.5,439.85,Ola Money,Completed,3.2,4.8
OLA-TRIP-02823,OLA-CUST-0011,OLA-DRV-0095,Ola Mini,2024-03-24 17:21:28,,Mumbai,20.76,0.0,1.2,0.0,,No Show,,
OLA-TRIP-02824,OLA-CUST-0182,OLA-DRV-0099,Ola Auto,2024-05-12 19:13:41,2024-05-12 20:06:47,Kochi,20.86,53.1,1.0,207.74,UPI,Completed,3.8,4.5
OLA-TRIP-02825,OLA-CUST-0037,OLA-DRV-0097,Ola Share,2025-10-10 23:40:49,2025-10-11 00:37:19,Jaipur,20.28,56.5,1.5,235.44,Ola Money,Completed,3.8,3.1
OLA-TRIP-02826,OLA-CUST-0109,OLA-DRV-0075,Ola Prime,2025-06-11 02:43:39,2025-06-11 02:49:21,Delhi,1.78,5.7,1.5,107.55,Credit Card,Completed,5.0,3.2
OLA-TRIP-02827,OLA-CUST-0154,OLA-DRV-0059,Ola Prime,2024-01-15 06:16:43,2024-01-15 06:45:25,Pune,10.7,28.7,1.5,308.25,Cash,Completed,3.6,3.4
OLA-TRIP-02828,OLA-CUST-0166,OLA-DRV-0086,Ola Prime,2024-05-28 09:44:23,2024-05-28 10:08:17,Mumbai,6.01,23.9,1.0,135.15,Debit Card,Completed,4.6,4.9
OLA-TRIP-02829,OLA-CUST-0100,OLA-DRV-0021,Ola Mini,2025-06-29 14:04:44,2025-06-29 15:44:50,Ahmedabad,22.58,100.1,1.2,334.06,Cash,Completed,4.7,4.9
OLA-TRIP-02830,OLA-CUST-0179,OLA-DRV-0004,Ola Mini,2023-11-26 18:36:04,2023-11-26 18:53:46,Mumbai,4.54,17.7,1.0,79.94,Credit Card,Completed,3.1,3.2
OLA-TRIP-02831,OLA-CUST-0032,OLA-DRV-0037,Ola Prime,2023-04-12 06:35:01,2023-04-12 07:17:07,Kolkata,9.7,42.1,1.0,190.5,Debit Card,Completed,4.4,3.1
OLA-TRIP-02832,OLA-CUST-0054,OLA-DRV-0027,Ola Auto,2025-03-14 16:51:58,2025-03-14 17:19:10,Chennai,7.57,27.2,1.0,88.13,Credit Card,Completed,3.3,4.3
OLA-TRIP-02833,OLA-CUST-0118,OLA-DRV-0087,Ola Mini,2023-06-14 06:23:50,,Ahmedabad,12.05,0.0,1.0,0.0,,Cancelled by Driver,,
OLA-TRIP-02834,OLA-CUST-0166,OLA-DRV-0071,Ola Auto,2025-06-16 08:08:17,2025-06-16 08:13:41,Mumbai,1.36,5.4,1.0,32.24,UPI,Completed,4.3,3.1
OLA-TRIP-02835,OLA-CUST-0034,OLA-DRV-0017,Ola Prime SUV,2024-08-11 11:33:23,2024-08-11 11:59:47,Delhi,6.9,26.4,1.0,191.1,UPI,Completed,4.2,4.2
OLA-TRIP-02836,OLA-CUST-0161,OLA-DRV-0089,Ola Prime,2025-01-09 01:15:43,2025-01-09 01:51:13,Kochi,13.94,35.5,1.0,254.1,Debit Card,Completed,3.3,3.8
OLA-TRIP-02837,OLA-CUST-0025,OLA-DRV-0042,Ola Mini,2024-10-14 00:48:50,2024-10-14 01:25:56,Pune,8.33,37.1,1.2,145.96,Credit Card,Completed,4.6,4.6
OLA-TRIP-02838,OLA-CUST-0111,OLA-DRV-0019,Ola Bike,2025-05-18 19:03:18,2025-05-18 19:46:30,Hyderabad,10.05,43.2,1.0,75.3,Ola Money,Completed,4.3,3.2
OLA-TRIP-02839,OLA-CUST-0007,OLA-DRV-0076,Ola Share,2024-06-05 08:16:14,2024-06-05 09:19:56,Delhi,19.35,63.7,1.0,150.45,Cash,Completed,4.6,4.9
OLA-TRIP-02840,OLA-CUST-0135,OLA-DRV-0085,Ola Prime SUV,2025-12-30 13:37:50,2025-12-30 14:05:02,Bengaluru,7.78,27.2,1.0,207.82,UPI,Completed,4.0,4.2
OLA-TRIP-02841,OLA-CUST-0134,OLA-DRV-0079,Ola Bike,2024-08-16 15:58:40,,Ahmedabad,3.84,0.0,1.0,0.0,,No Show,,
OLA-TRIP-02842,OLA-CUST-0083,OLA-DRV-0043,Ola Bike,2023-02-05 20:34:02,2023-02-05 21:49:32,Bengaluru,23.71,75.5,1.2,188.71,UPI,Completed,3.7,3.3
OLA-TRIP-02843,OLA-CUST-0117,OLA-DRV-0051,Ola Mini,2024-05-09 07:03:22,,Chennai,9.87,0.0,2.0,0.0,,Cancelled by Driver,,
OLA-TRIP-02844,OLA-CUST-0016,OLA-DRV-0049,Ola Mini,2023-06-02 15:09:06,2023-06-02 15:40:24,Kochi,7.31,31.3,1.0,110.41,Cash,Completed,4.6,4.3
OLA-TRIP-02845,OLA-CUST-0125,OLA-DRV-0018,Ola Bike,2024-08-23 14:54:04,2024-08-23 16:11:58,Bengaluru,18.18,77.9,1.0,124.08,Debit Card,Completed,3.1,4.4
OLA-TRIP-02846,OLA-CUST-0099,OLA-DRV-0012,Ola Prime SUV,2025-04-20 04:46:44,2025-04-20 05:04:02,Bengaluru,4.22,17.3,1.0,140.18,Debit Card,Completed,3.3,5.0
OLA-TRIP-02847,OLA-CUST-0080,OLA-DRV-0098,Ola Prime,2025-03-23 17:07:03,2025-03-23 17:58:57,Hyderabad,16.71,51.9,1.0,295.65,Cash,Completed,3.1,3.1
OLA-TRIP-02848,OLA-CUST-0053,OLA-DRV-0054,Ola Auto,2025-12-22 10:55:48,2025-12-22 12:18:30,Ahmedabad,23.85,82.7,1.2,281.58,Ola Money,Completed,4.5,3.7
OLA-TRIP-02849,OLA-CUST-0128,OLA-DRV-0054,Ola Auto,2023-09-29 15:58:00,2023-09-29 16:02:00,Ahmedabad,1.27,4.0,2.0,62.86,Credit Card,Completed,3.0,3.4
OLA-TRIP-02850,OLA-CUST-0021,OLA-DRV-0083,Ola Mini,2024-06-08 20:01:42,2024-06-08 20:09:00,Pune,1.75,7.3,1.0,49.25,Credit Card,Completed,4.8,4.7
OLA-TRIP-02851,OLA-CUST-0155,OLA-DRV-0053,Ola Prime SUV,2023-09-26 01:50:14,,Bengaluru,15.83,0.0,1.0,0.0,,Cancelled by Rider,,
OLA-TRIP-02852,OLA-CUST-0191,OLA-DRV-0043,Ola Bike,2025-12-26 03:22:22,2025-12-26 03:33:28,Bengaluru,2.55,11.1,1.0,30.3,UPI,Completed,4.8,4.0
OLA-TRIP-02853,OLA-CUST-0192,OLA-DRV-0005,Ola Share,2025-10-18 09:31:26,2025-10-18 10:44:02,Ahmedabad,17.79,72.6,1.0,139.53,UPI,Completed,3.3,3.1
OLA-TRIP-02854,OLA-CUST-0107,OLA-DRV-0087,Ola Mini,2023-10-14 00:34:56,2023-10-14 00:56:26,Ahmedabad,5.53,21.5,1.0,90.83,UPI,Completed,3.2,3.2
OLA-TRIP-02855,OLA-CUST-0149,OLA-DRV-0001,Ola Auto,2025-03-10 07:01:46,2025-03-10 08:04:52,Chennai,19.01,63.1,1.0,191.09,Ola Money,Completed,4.4,4.5
OLA-TRIP-02856,OLA-CUST-0078,OLA-DRV-0085,Ola Prime SUV,2024-12-09 09:56:47,2024-12-09 10:37:47,Bengaluru,10.28,41.0,1.0,255.32,Ola Money,Completed,3.7,4.0
OLA-TRIP-02857,OLA-CUST-0195,OLA-DRV-0048,Ola Auto,2023-07-11 07:31:53,2023-07-11 08:31:59,Kolkata,13.68,60.1,1.0,143.12,Debit Card,Completed,4.3,3.4
OLA-TRIP-02858,OLA-CUST-0109,OLA-DRV-0076,Ola Share,2025-11-29 19:56:49,2025-11-29 21:11:13,Delhi,16.99,74.4,2.0,267.86,Credit Card,Completed,3.7,4.1
OLA-TRIP-02859,OLA-CUST-0129,OLA-DRV-0095,Ola Mini,2024-04-30 20:41:17,2024-04-30 21:33:53,Mumbai,19.6,52.6,1.5,368.4,Debit Card,Completed,3.3,3.8
OLA-TRIP-02860,OLA-CUST-0041,OLA-DRV-0029,Ola Bike,2023-09-15 22:26:13,,Chennai,17.26,0.0,1.0,0.0,,Cancelled by Rider,,
OLA-TRIP-02861,OLA-CUST-0161,OLA-DRV-0060,Ola Auto,2023-12-06 09:32:35,,Kochi,7.69,0.0,1.0,0.0,,Cancelled by Driver,,
OLA-TRIP-02862,OLA-CUST-0037,OLA-DRV-0074,Ola Bike,2024-06-04 20:36:59,2024-06-04 21:09:29,Jaipur,9.68,32.5,1.2,87.7,Cash,Completed,4.6,4.4
OLA-TRIP-02863,OLA-CUST-0141,OLA-DRV-0033,Ola Prime,2024-05-17 11:50:53,2024-05-17 12:44:41,Jaipur,20.33,53.8,1.0,349.95,UPI,Completed,3.5,3.5
OLA-TRIP-02864,OLA-CUST-0079,OLA-DRV-0010,Ola Prime,2023-05-02 03:31:46,2023-05-02 04:17:10,Hyderabad,12.91,45.4,1.0,238.65,Cash,Completed,4.9,3.5
OLA-TRIP-02865,OLA-CUST-0050,OLA-DRV-0099,Ola Auto,2024-05-25 21:04:46,2024-05-25 21:56:40,Kochi,15.82,51.9,1.0,162.38,Ola Money,Completed,3.9,4.8
OLA-TRIP-02866,OLA-CUST-0012,OLA-DRV-0083,Ola Mini,2024-04-15 16:07:35,2024-04-15 17:01:59,Pune,17.21,54.4,1.5,328.97,Ola Money,Completed,3.5,3.6
OLA-TRIP-02867,OLA-CUST-0013,OLA-DRV-0079,Ola Bike,2023-06-10 20:58:28,2023-06-10 21:30:52,Ahmedabad,11.65,32.4,1.0,84.9,Debit Card,Completed,3.7,4.7
OLA-TRIP-02868,OLA-CUST-0157,OLA-DRV-0076,Ola Share,2023-07-18 04:24:25,2023-07-18 05:28:07,Delhi,16.36,63.7,2.0,259.04,UPI,Completed,4.6,4.4
OLA-TRIP-02869,OLA-CUST-0182,OLA-DRV-0031,Ola Mini,2023-03-17 21:07:06,2023-03-17 21:27:42,Kochi,7.83,20.6,1.2,139.36,Debit Card,Completed,3.2,3.7
OLA-TRIP-02870,OLA-CUST-0122,OLA-DRV-0050,Ola Prime SUV,2023-09-03 02:02:15,2023-09-03 02:33:27,Kochi,7.25,31.2,1.0,197.75,Debit Card,Completed,3.2,4.9
OLA-TRIP-02871,OLA-CUST-0069,OLA-DRV-0080,Ola Auto,2023-05-07 20:16:02,2023-05-07 20:43:26,Bengaluru,7.83,27.4,1.0,90.47,Ola Money,Completed,4.2,3.3
OLA-TRIP-02872,OLA-CUST-0133,OLA-DRV-0025,Ola Prime,2023-06-01 15:47:11,,Ahmedabad,9.28,0.0,1.0,0.0,,Cancelled by Driver,,
OLA-TRIP-02873,OLA-CUST-0160,OLA-DRV-0082,Ola Share,2023-01-15 22:44:22,2023-01-15 23:59:22,Hyderabad,20.08,75.0,1.0,155.56,Cash,Completed,4.0,3.1
OLA-TRIP-02874,OLA-CUST-0100,OLA-DRV-0025,Ola Prime,2025-11-06 08:35:52,,Ahmedabad,23.57,0.0,1.0,0.0,,No Show,,
OLA-TRIP-02875,OLA-CUST-0181,OLA-DRV-0010,Ola Prime,2024-01-24 01:26:15,2024-01-24 02:39:15,Hyderabad,18.48,73.0,1.0,322.2,UPI,Completed,3.5,3.7
OLA-TRIP-02876,OLA-CUST-0015,OLA-DRV-0005,Ola Share,2024-06-07 09:51:24,2024-06-07 09:57:18,Ahmedabad,1.35,5.9,1.5,36.68,Ola Money,Completed,3.6,4.2
OLA-TRIP-02877,OLA-CUST-0111,OLA-DRV-0077,Ola Mini,2025-08-13 06:18:49,2025-08-13 07:32:49,Hyderabad,21.6,74.0,1.2,321.12,Ola Money,Completed,4.9,4.2
OLA-TRIP-02878,OLA-CUST-0046,OLA-DRV-0013,Ola Auto,2025-11-20 21:02:03,2025-11-20 21:31:39,Kolkata,8.52,29.6,1.0,96.68,Ola Money,Completed,4.7,3.3
OLA-TRIP-02879,OLA-CUST-0057,OLA-DRV-0091,Ola Mini,2023-06-14 01:53:44,2023-06-14 03:41:50,Mumbai,24.82,108.1,1.5,454.53,UPI,Completed,4.2,3.5
OLA-TRIP-02880,OLA-CUST-0182,OLA-DRV-0099,Ola Auto,2024-07-17 13:07:09,2024-07-17 14:28:21,Kochi,20.52,81.2,1.0,204.68,UPI,Completed,3.0,4.9
OLA-TRIP-02881,OLA-CUST-0101,OLA-DRV-0005,Ola Share,2023-12-12 02:37:39,,Ahmedabad,9.97,0.0,1.0,0.0,,No Show,,
OLA-TRIP-02882,OLA-CUST-0067,OLA-DRV-0076,Ola Share,2023-10-01 09:45:13,2023-10-01 10:13:49,Delhi,8.24,28.6,1.0,72.68,Credit Card,Completed,3.5,3.8
OLA-TRIP-02883,OLA-CUST-0097,OLA-DRV-0028,Ola Prime,2025-05-07 07:26:10,2025-05-07 08:10:40,Pune,17.25,44.5,1.0,303.75,Cash,Completed,4.3,4.4
OLA-TRIP-02884,OLA-CUST-0121,OLA-DRV-0082,Ola Share,2024-10-07 23:33:32,2024-10-08 00:37:14,Hyderabad,16.26,63.7,1.5,193.23,Cash,Completed,3.7,4.0
OLA-TRIP-02885,OLA-CUST-0054,OLA-DRV-0029,Ola Bike,2024-08-01 21:23:16,2024-08-01 21:54:52,Chennai,9.1,31.6,1.5,104.4,UPI,Completed,4.4,3.2
OLA-TRIP-02886,OLA-CUST-0092,OLA-DRV-0004,Ola Mini,2023-09-22 16:38:30,2023-09-22 17:03:12,Mumbai,6.52,24.7,1.0,101.72,Cash,Completed,3.1,4.5
OLA-TRIP-02887,OLA-CUST-0110,OLA-DRV-0071,Ola Auto,2023-03-24 12:27:42,2023-03-24 13:49:00,Mumbai,24.59,81.3,1.0,241.31,UPI,Completed,3.3,4.4
OLA-TRIP-02888,OLA-CUST-0102,OLA-DRV-0028,Ola Prime,2024-01-11 08:25:58,,Pune,1.65,0.0,1.0,0.0,,Cancelled by Rider,,
OLA-TRIP-02889,OLA-CUST-0035,OLA-DRV-0072,Ola Prime,2023-01-12 02:54:15,2023-01-12 04:06:09,Chennai,19.19,71.9,1.2,399.42,Credit Card,Completed,4.0,4.2
OLA-TRIP-02890,OLA-CUST-0040,OLA-DRV-0052,Ola Share,2025-07-19 10:15:29,2025-07-19 10:23:47,Kochi,2.41,8.3,1.0,31.87,Credit Card,Completed,4.4,4.1
OLA-TRIP-02891,OLA-CUST-0028,OLA-DRV-0031,Ola Mini,2023-03-17 07:37:35,2023-03-17 09:02:17,Kochi,24.57,84.7,1.5,450.4,Cash,Completed,3.3,4.6
OLA-TRIP-02892,OLA-CUST-0045,OLA-DRV-0028,Ola Prime,2024-07-18 07:43:14,2024-07-18 08:02:32,Pune,4.84,19.3,1.5,176.4,Ola Money,Completed,5.0,4.9
OLA-TRIP-02893,OLA-CUST-0104,OLA-DRV-0054,Ola Auto,2023-12-20 11:52:45,2023-12-20 12:46:15,Ahmedabad,21.38,53.5,1.0,212.42,Ola Money,Completed,3.5,3.4
OLA-TRIP-02894,OLA-CUST-0168,OLA-DRV-0027,Ola Auto,2023-05-29 08:56:15,,Chennai,23.7,0.0,1.0,0.0,,Cancelled by Rider,,
OLA-TRIP-02895,OLA-CUST-0115,OLA-DRV-0005,Ola Share,2023-09-04 04:21:04,2023-09-04 04:41:52,Ahmedabad,4.83,20.8,1.2,58.57,UPI,Completed,4.4,3.0
OLA-TRIP-02896,OLA-CUST-0195,OLA-DRV-0015,Ola Bike,2024-02-17 02:46:52,2024-02-17 03:55:46,Kolkata,15.39,68.9,1.0,107.34,Credit Card,Completed,5.0,3.6
OLA-TRIP-02897,OLA-CUST-0180,OLA-DRV-0076,Ola Share,2023-03-04 00:41:07,2023-03-04 00:58:19,Delhi,6.28,17.2,1.0,58.96,UPI,Completed,5.0,4.3
OLA-TRIP-02898,OLA-CUST-0145,OLA-DRV-0094,Ola Bike,2025-08-15 05:55:32,2025-08-15 06:20:14,Delhi,8.64,24.7,1.5,100.26,Debit Card,Completed,3.3,4.9
OLA-TRIP-02899,OLA-CUST-0038,OLA-DRV-0018,Ola Bike,2024-09-18 17:51:18,,Bengaluru,4.74,0.0,1.0,0.0,,Cancelled by Driver,,
OLA-TRIP-02900,OLA-CUST-0142,OLA-DRV-0100,Ola Bike,2025-09-30 00:19:51,2025-09-30 00:26:21,Kochi,2.33,6.5,1.5,43.47,Cash,Completed,4.8,3.6
OLA-TRIP-02901,OLA-CUST-0082,OLA-DRV-0022,Ola Share,2024-09-07 13:00:44,2024-09-07 13:58:38,Pune,20.16,57.9,1.0,156.12,Ola Money,Completed,4.8,3.5
OLA-TRIP-02902,OLA-CUST-0118,OLA-DRV-0025,Ola Prime,2023-07-04 21:49:35,2023-07-04 23:36:05,Ahmedabad,24.3,106.5,1.0,409.5,Cash,Completed,3.5,3.2
OLA-TRIP-02903,OLA-CUST-0011,OLA-DRV-0008,Ola Auto,2025-05-20 04:04:41,2025-05-20 04:35:05,Mumbai,10.49,30.4,1.0,114.41,Ola Money,Completed,3.2,4.2
OLA-TRIP-02904,OLA-CUST-0186,OLA-DRV-0057,Ola Prime SUV,2024-04-09 02:53:48,2024-04-09 03:43:00,Bengaluru,17.56,49.2,1.2,472.37,Cash,Completed,3.8,4.8
OLA-TRIP-02905,OLA-CUST-0177,OLA-DRV-0075,Ola Prime,2024-07-22 02:56:36,2024-07-22 04:06:18,Delhi,19.21,69.7,1.0,333.15,Debit Card,Completed,3.4,3.8
OLA-TRIP-02906,OLA-CUST-0066,OLA-DRV-0060,Ola Auto,2023-09-21 11:13:34,2023-09-21 11:37:16,Kochi,8.41,23.7,1.0,95.69,Ola Money,Completed,4.1,3.3
OLA-TRIP-02907,OLA-CUST-0178,OLA-DRV-0056,Ola Mini,2023-11-27 00:51:02,2023-11-27 02:11:26,Chennai,20.89,80.4,1.0,259.79,Cash,Completed,3.2,4.7
OLA-TRIP-02908,OLA-CUST-0187,OLA-DRV-0095,Ola Mini,2024-02-14 20:06:52,2024-02-14 20:13:52,Mumbai,1.85,7.0,1.0,50.35,Debit Card,Completed,3.7,4.1
OLA-TRIP-02909,OLA-CUST-0193,OLA-DRV-0045,Ola Prime,2023-07-16 12:24:56,2023-07-16 12:30:20,Hyderabad,1.85,5.4,2.0,145.5,UPI,Completed,3.9,3.1
OLA-TRIP-02910,OLA-CUST-0051,OLA-DRV-0002,Ola Share,2024-10-04 20:38:27,2024-10-04 21:03:27,Kolkata,5.99,25.0,1.0,56.93,Credit Card,Completed,3.1,3.7
OLA-TRIP-02911,OLA-CUST-0055,OLA-DRV-0015,Ola Bike,2023-06-26 18:18:40,2023-06-26 18:54:10,Kolkata,13.52,35.5,1.0,96.12,UPI,Completed,4.5,3.6
OLA-TRIP-02912,OLA-CUST-0110,OLA-DRV-0091,Ola Mini,2025-11-27 17:55:39,2025-11-27 18:35:15,Mumbai,10.0,39.6,1.5,210.0,Credit Card,Completed,3.1,4.7
OLA-TRIP-02913,OLA-CUST-0100,OLA-DRV-0005,Ola Share,2023-05-10 02:55:58,2023-05-10 03:20:04,Ahmedabad,5.59,24.1,1.5,81.19,Debit Card,Completed,4.9,4.1
OLA-TRIP-02914,OLA-CUST-0188,OLA-DRV-0003,Ola Prime SUV,2023-03-05 21:55:17,2023-03-05 22:48:59,Pune,21.09,53.7,1.0,460.71,UPI,Completed,3.1,3.7
OLA-TRIP-02915,OLA-CUST-0182,OLA-DRV-0031,Ola Mini,2023-02-17 02:20:11,,Kochi,10.56,0.0,1.0,0.0,,Cancelled by Driver,,
OLA-TRIP-02916,OLA-CUST-0033,OLA-DRV-0002,Ola Share,2023-02-28 20:35:58,,Kolkata,20.44,0.0,1.0,0.0,,Cancelled by Rider,,
OLA-TRIP-02917,OLA-CUST-0047,OLA-DRV-0005,Ola Share,2024-03-15 04:27:08,2024-03-15 05:41:44,Ahmedabad,16.76,74.6,1.0,132.32,UPI,Completed,3.1,4.2
OLA-TRIP-02918,OLA-CUST-0057,OLA-DRV-0004,Ola Mini,2024-05-05 13:19:17,2024-05-05 14:28:41,Mumbai,15.52,69.4,1.0,200.72,Credit Card,Completed,3.7,3.1
OLA-TRIP-02919,OLA-CUST-0080,OLA-DRV-0070,Ola Mini,2024-10-13 23:31:35,2024-10-13 23:42:41,Hyderabad,3.71,11.1,1.0,70.81,Credit Card,Completed,4.8,3.4
OLA-TRIP-02920,OLA-CUST-0003,OLA-DRV-0077,Ola Mini,2025-05-03 15:02:57,2025-05-03 16:01:57,Hyderabad,17.06,59.0,1.0,217.66,UPI,Completed,3.1,4.5
OLA-TRIP-02921,OLA-CUST-0087,OLA-DRV-0067,Ola Share,2024-07-15 10:46:32,2024-07-15 12:13:14,Delhi,21.44,86.7,1.0,165.08,UPI,Completed,4.3,3.8
OLA-TRIP-02922,OLA-CUST-0052,OLA-DRV-0054,Ola Auto,2023-02-20 14:19:00,2023-02-20 14:39:36,Ahmedabad,4.96,20.6,2.0,129.28,UPI,Completed,4.8,3.6
OLA-TRIP-02923,OLA-CUST-0183,OLA-DRV-0029,Ola Bike,2024-02-11 13:04:53,2024-02-11 13:16:23,Chennai,3.22,11.5,1.2,41.18,UPI,Completed,3.6,4.6
OLA-TRIP-02924,OLA-CUST-0050,OLA-DRV-0089,Ola Prime,2025-02-12 23:44:44,,Kochi,3.9,0.0,1.0,0.0,,Cancelled by Rider,,
OLA-TRIP-02925,OLA-CUST-0179,OLA-DRV-0095,Ola Mini,2024-05-13 11:56:23,2024-05-13 12:21:41,Mumbai,8.26,25.3,1.0,120.86,Cash,Completed,3.1,3.3
OLA-TRIP-02926,OLA-CUST-0164,OLA-DRV-0032,Ola Auto,2025-08-29 17:45:10,,Jaipur,19.49,0.0,1.5,0.0,,Cancelled by Rider,,
OLA-TRIP-02927,OLA-CUST-0130,OLA-DRV-0078,Ola Prime SUV,2023-08-01 10:26:22,2023-08-01 10:36:34,Delhi,3.7,10.2,1.0,130.3,Credit Card,Completed,3.9,4.4
OLA-TRIP-02928,OLA-CUST-0125,OLA-DRV-0014,Ola Mini,2023-05-24 15:09:28,2023-05-24 15:45:58,Bengaluru,11.74,36.5,1.0,159.14,Cash,Completed,3.6,3.7
OLA-TRIP-02929,OLA-CUST-0187,OLA-DRV-0004,Ola Mini,2023-05-15 18:53:15,2023-05-15 19:19:51,Mumbai,8.7,26.6,1.0,125.7,Cash,Completed,3.2,3.4
OLA-TRIP-02930,OLA-CUST-0174,OLA-DRV-0082,Ola Share,2023-08-25 22:54:57,2023-08-25 23:03:45,Hyderabad,2.22,8.8,1.2,36.65,Cash,Completed,3.1,3.5
OLA-TRIP-02931,OLA-CUST-0101,OLA-DRV-0079,Ola Bike,2023-12-29 08:11:29,2023-12-29 09:09:59,Ahmedabad,17.76,58.5,1.0,121.56,Cash,Completed,4.7,4.1
OLA-TRIP-02932,OLA-CUST-0170,OLA-DRV-0028,Ola Prime,2024-09-21 07:51:15,2024-09-21 08:14:09,Pune,6.16,22.9,1.0,137.4,Credit Card,Completed,3.7,4.5
OLA-TRIP-02933,OLA-CUST-0163,OLA-DRV-0006,Ola Prime SUV,2023-01-11 01:50:19,2023-01-11 01:59:13,Mumbai,3.57,8.9,1.2,153.4,Ola Money,Completed,3.4,4.0
OLA-TRIP-02934,OLA-CUST-0148,OLA-DRV-0047,Ola Bike,2023-02-13 23:37:55,2023-02-14 00:40:07,Mumbai,16.71,62.2,1.0,115.26,Credit Card,Completed,3.6,4.0
OLA-TRIP-02935,OLA-CUST-0056,OLA-DRV-0056,Ola Mini,2023-10-31 01:34:52,2023-10-31 01:44:40,Chennai,2.51,9.8,1.5,86.41,Debit Card,Completed,3.8,4.0
OLA-TRIP-02936,OLA-CUST-0134,OLA-DRV-0068,Ola Prime SUV,2025-07-18 12:50:01,2025-07-18 13:39:49,Ahmedabad,12.72,49.8,1.5,452.52,Ola Money,Completed,4.8,3.9
OLA-TRIP-02937,OLA-CUST-0112,OLA-DRV-0032,Ola Auto,2024-01-07 07:50:33,2024-01-07 08:13:21,Jaipur,7.25,22.8,1.0,85.25,Cash,Completed,4.8,5.0
OLA-TRIP-02938,OLA-CUST-0021,OLA-DRV-0007,Ola Prime,2024-10-30 15:52:07,2024-10-30 16:36:31,Pune,12.15,44.4,2.0,454.5,Cash,Completed,4.3,3.5
OLA-TRIP-02939,OLA-CUST-0015,OLA-DRV-0021,Ola Mini,2025-01-18 12:28:08,2025-01-18 13:55:08,Ahmedabad,21.04,87.0,1.0,261.44,Cash,Completed,4.9,3.6
OLA-TRIP-02940,OLA-CUST-0112,OLA-DRV-0032,Ola Auto,2024-06-25 17:28:16,2024-06-25 18:46:04,Jaipur,22.19,77.8,1.0,219.71,UPI,Completed,4.9,4.1
OLA-TRIP-02941,OLA-CUST-0080,OLA-DRV-0070,Ola Mini,2024-06-27 04:15:01,,Hyderabad,11.87,0.0,1.0,0.0,,Cancelled by Rider,,
OLA-TRIP-02942,OLA-CUST-0049,OLA-DRV-0012,Ola Prime SUV,2024-06-03 13:26:26,2024-06-03 14:48:44,Bengaluru,21.87,82.3,1.2,570.64,Credit Card,Completed,4.6,3.8
OLA-TRIP-02943,OLA-CUST-0003,OLA-DRV-0082,Ola Share,2024-07-14 14:58:59,2024-07-14 15:41:53,Hyderabad,10.1,42.9,1.0,85.7,UPI,Completed,3.3,3.4
OLA-TRIP-02944,OLA-CUST-0050,OLA-DRV-0049,Ola Mini,2024-08-21 20:48:47,2024-08-21 21:30:11,Kochi,13.77,41.4,1.0,181.47,Debit Card,Completed,3.3,4.3
OLA-TRIP-02945,OLA-CUST-0040,OLA-DRV-0090,Ola Mini,2023-03-18 09:59:47,2023-03-18 10:51:53,Kochi,13.66,52.1,1.0,180.26,Ola Money,Completed,4.6,4.4
OLA-TRIP-02946,OLA-CUST-0094,OLA-DRV-0068,Ola Prime SUV,2025-05-21 04:40:05,,Ahmedabad,22.77,0.0,1.2,0.0,,Cancelled by Rider,,
OLA-TRIP-02947,OLA-CUST-0075,OLA-DRV-0011,Ola Bike,2024-11-01 18:46:57,2024-11-01 19:21:27,Mumbai,13.7,34.5,1.5,145.8,UPI,Completed,3.9,3.7
OLA-TRIP-02948,OLA-CUST-0063,OLA-DRV-0066,Ola Bike,2024-01-14 16:48:27,2024-01-14 17:50:03,Chennai,21.89,61.6,1.0,146.34,Credit Card,Completed,4.4,3.9
OLA-TRIP-02949,OLA-CUST-0082,OLA-DRV-0083,Ola Mini,2023-11-11 08:51:55,2023-11-11 09:55:43,Pune,17.23,63.8,1.5,329.3,UPI,Completed,3.4,4.9
OLA-TRIP-02950,OLA-CUST-0077,OLA-DRV-0052,Ola Share,2024-11-10 03:30:53,2024-11-10 05:06:05,Kochi,24.82,95.2,1.0,188.74,Ola Money,Completed,4.4,3.8
OLA-TRIP-02951,OLA-CUST-0194,OLA-DRV-0043,Ola Bike,2024-01-15 15:12:18,2024-01-15 16:30:06,Bengaluru,17.32,77.8,1.0,118.92,UPI,Completed,3.4,3.7
OLA-TRIP-02952,OLA-CUST-0193,OLA-DRV-0082,Ola Share,2025-12-16 17:22:50,2025-12-16 18:39:50,Hyderabad,22.41,77.0,1.0,171.87,Cash,Completed,3.3,3.1
OLA-TRIP-02953,OLA-CUST-0005,OLA-DRV-0043,Ola Bike,2023-07-13 02:37:29,2023-07-13 03:58:47,Bengaluru,22.38,81.3,1.2,179.14,Credit Card,Completed,4.4,4.4
OLA-TRIP-02954,OLA-CUST-0103,OLA-DRV-0044,Ola Auto,2024-01-07 07:53:53,2024-01-07 08:38:41,Mumbai,14.42,44.8,1.0,149.78,Cash,Completed,3.7,3.9
OLA-TRIP-02955,OLA-CUST-0028,OLA-DRV-0060,Ola Auto,2023-05-04 06:59:24,2023-05-04 07:25:36,Kochi,8.71,26.2,1.2,118.07,UPI,Completed,3.8,3.3
OLA-TRIP-02956,OLA-CUST-0069,OLA-DRV-0012,Ola Prime SUV,2023-12-18 09:57:25,2023-12-18 10:58:07,Bengaluru,16.58,60.7,1.0,375.02,Debit Card,Completed,4.0,4.5
OLA-TRIP-02957,OLA-CUST-0122,OLA-DRV-0038,Ola Prime,2023-09-14 10:45:05,,Kochi,20.77,0.0,1.0,0.0,,No Show,,
OLA-TRIP-02958,OLA-CUST-0111,OLA-DRV-0082,Ola Share,2023-12-06 13:49:47,,Hyderabad,23.92,0.0,1.2,0.0,,Cancelled by Rider,,
OLA-TRIP-02959,OLA-CUST-0001,OLA-DRV-0013,Ola Auto,2024-03-17 08:05:14,2024-03-17 08:33:32,Kolkata,8.43,28.3,1.0,95.87,Cash,Completed,4.5,3.6
OLA-TRIP-02960,OLA-CUST-0196,OLA-DRV-0055,Ola Prime SUV,2024-10-25 18:07:33,,Kolkata,14.13,0.0,1.0,0.0,,No Show,,
OLA-TRIP-02961,OLA-CUST-0103,OLA-DRV-0006,Ola Prime SUV,2024-07-17 18:57:58,2024-07-17 19:26:16,Mumbai,9.9,28.3,1.0,248.1,Debit Card,Completed,4.0,3.9
OLA-TRIP-02962,OLA-CUST-0147,OLA-DRV-0071,Ola Auto,2024-04-25 17:26:46,2024-04-25 17:43:22,Mumbai,3.9,16.6,1.0,55.1,Credit Card,Completed,3.0,4.3
OLA-TRIP-02963,OLA-CUST-0037,OLA-DRV-0093,Ola Prime,2023-04-14 10:54:57,2023-04-14 11:32:57,Jaipur,9.34,38.0,1.0,185.1,Credit Card,Completed,3.9,3.4
OLA-TRIP-02964,OLA-CUST-0033,OLA-DRV-0048,Ola Auto,2025-08-22 03:31:25,2025-08-22 03:57:49,Kolkata,7.18,26.4,1.0,84.62,Cash,Completed,4.3,3.7
OLA-TRIP-02965,OLA-CUST-0028,OLA-DRV-0060,Ola Auto,2023-03-21 03:20:31,2023-03-21 03:54:49,Kochi,8.38,34.3,1.0,95.42,Ola Money,Completed,3.1,3.9
OLA-TRIP-02966,OLA-CUST-0032,OLA-DRV-0009,Ola Prime,2025-01-23 21:01:29,2025-01-23 21:13:23,Kolkata,2.94,11.9,1.0,89.1,Credit Card,Completed,4.1,3.3
OLA-TRIP-02967,OLA-CUST-0152,OLA-DRV-0078,Ola Prime SUV,2025-08-23 09:20:17,2025-08-23 10:23:35,Delhi,17.89,63.3,2.0,799.82,Credit Card,Completed,4.8,4.7
OLA-TRIP-02968,OLA-CUST-0003,OLA-DRV-0098,Ola Prime,2024-03-10 06:03:29,2024-03-10 07:15:41,Hyderabad,21.3,72.2,1.0,364.5,Cash,Completed,3.9,4.4
OLA-TRIP-02969,OLA-CUST-0049,OLA-DRV-0035,Ola Prime SUV,2023-12-15 16:48:30,2023-12-15 17:20:12,Bengaluru,10.12,31.7,1.0,252.28,UPI,Completed,4.9,3.0
OLA-TRIP-02970,OLA-CUST-0172,OLA-DRV-0077,Ola Mini,2023-10-28 22:29:45,2023-10-28 22:46:15,Hyderabad,4.1,16.5,1.2,90.12,Credit Card,Completed,3.5,3.0
OLA-TRIP-02971,OLA-CUST-0171,OLA-DRV-0047,Ola Bike,2024-02-23 03:37:52,2024-02-23 05:11:22,Mumbai,20.85,93.5,1.0,140.1,Debit Card,Completed,4.3,4.7
OLA-TRIP-02972,OLA-CUST-0147,OLA-DRV-0006,Ola Prime SUV,2024-12-07 04:53:12,2024-12-07 04:59:48,Mumbai,1.82,6.6,1.0,94.58,Credit Card,Completed,3.1,4.3
OLA-TRIP-02973,OLA-CUST-0107,OLA-DRV-0087,Ola Mini,2025-08-15 13:49:02,2025-08-15 15:00:50,Ahmedabad,22.72,71.8,1.0,279.92,Ola Money,Completed,4.9,4.0
OLA-TRIP-02974,OLA-CUST-0111,OLA-DRV-0045,Ola Prime,2024-08-12 20:04:31,2024-08-12 20:57:07,Hyderabad,18.17,52.6,1.0,317.55,Credit Card,Completed,4.3,3.3
OLA-TRIP-02975,OLA-CUST-0081,OLA-DRV-0032,Ola Auto,2024-04-30 06:47:30,2024-04-30 07:32:12,Jaipur,14.17,44.7,1.5,221.3,Credit Card,Completed,4.6,3.3
OLA-TRIP-02976,OLA-CUST-0180,OLA-DRV-0023,Ola Bike,2023-07-16 17:37:44,2023-07-16 18:17:08,Delhi,13.6,39.4,1.0,96.6,UPI,Completed,4.2,4.2
OLA-TRIP-02977,OLA-CUST-0116,OLA-DRV-0095,Ola Mini,2024-01-07 05:32:25,2024-01-07 05:54:01,Mumbai,5.9,21.6,1.0,94.9,Debit Card,Completed,3.9,3.7
OLA-TRIP-02978,OLA-CUST-0108,OLA-DRV-0028,Ola Prime,2023-07-15 10:29:39,2023-07-15 11:26:27,Pune,15.17,56.8,1.0,272.55,UPI,Completed,3.1,4.9
OLA-TRIP-02979,OLA-CUST-0141,OLA-DRV-0074,Ola Bike,2025-10-16 13:54:06,2025-10-16 14:45:18,Jaipur,20.12,51.2,1.0,135.72,Credit Card,Completed,4.1,3.9
OLA-TRIP-02980,OLA-CUST-0086,OLA-DRV-0030,Ola Share,2023-11-23 07:52:59,,Kochi,11.43,0.0,1.0,0.0,,Cancelled by Rider,,
OLA-TRIP-02981,OLA-CUST-0125,OLA-DRV-0053,Ola Prime SUV,2023-09-26 16:34:37,2023-09-26 17:28:19,Bengaluru,15.84,53.7,1.0,360.96,Debit Card,Completed,4.6,4.3
OLA-TRIP-02982,OLA-CUST-0085,OLA-DRV-0054,Ola Auto,2023-05-11 23:49:06,2023-05-12 00:27:54,Ahmedabad,14.44,38.8,1.0,149.96,Ola Money,Completed,4.7,3.4
OLA-TRIP-02983,OLA-CUST-0134,OLA-DRV-0005,Ola Share,2024-12-15 00:49:55,2024-12-15 01:26:49,Ahmedabad,9.15,36.9,1.0,79.05,UPI,Completed,4.8,4.3
OLA-TRIP-02984,OLA-CUST-0180,OLA-DRV-0094,Ola Bike,2024-04-16 15:01:38,2024-04-16 16:00:38,Delhi,13.8,59.0,1.0,97.8,UPI,Completed,4.7,3.3
OLA-TRIP-02985,OLA-CUST-0013,OLA-DRV-0021,Ola Mini,2025-09-04 10:09:16,,Ahmedabad,23.93,0.0,1.0,0.0,,Cancelled by Rider,,
OLA-TRIP-02986,OLA-CUST-0052,OLA-DRV-0054,Ola Auto,2025-12-08 08:15:10,2025-12-08 08:23:52,Ahmedabad,2.57,8.7,1.0,43.13,UPI,Completed,4.7,4.0
OLA-TRIP-02987,OLA-CUST-0196,OLA-DRV-0002,Ola Share,2024-08-20 13:06:26,2024-08-20 14:34:56,Kolkata,20.39,88.5,1.2,189.28,Debit Card,Completed,3.3,3.2
OLA-TRIP-02988,OLA-CUST-0180,OLA-DRV-0067,Ola Share,2023-02-01 12:16:46,2023-02-01 13:12:28,Delhi,15.68,55.7,2.0,249.52,Credit Card,Completed,3.7,4.5
OLA-TRIP-02989,OLA-CUST-0029,OLA-DRV-0076,Ola Share,2025-04-18 09:05:17,2025-04-18 09:24:05,Delhi,7.5,18.8,1.0,67.5,Debit Card,Completed,4.7,3.1
OLA-TRIP-02990,OLA-CUST-0019,OLA-DRV-0013,Ola Auto,2023-04-20 03:36:09,2023-04-20 04:22:21,Kolkata,15.11,46.2,1.0,155.99,Ola Money,Completed,4.6,4.3
OLA-TRIP-02991,OLA-CUST-0160,OLA-DRV-0010,Ola Prime,2025-04-06 01:32:13,2025-04-06 02:05:19,Hyderabad,9.22,33.1,1.0,183.3,Ola Money,Completed,3.3,5.0
OLA-TRIP-02992,OLA-CUST-0046,OLA-DRV-0009,Ola Prime,2025-11-02 23:02:27,2025-11-03 00:01:15,Kolkata,13.58,58.8,1.0,248.7,Ola Money,Completed,3.5,4.7
OLA-TRIP-02993,OLA-CUST-0164,OLA-DRV-0097,Ola Share,2023-02-15 16:22:16,2023-02-15 16:34:16,Jaipur,2.98,12.0,1.0,35.86,Cash,Completed,3.6,4.0
OLA-TRIP-02994,OLA-CUST-0089,OLA-DRV-0020,Ola Bike,2023-12-28 17:15:40,2023-12-28 18:16:52,Pune,20.24,61.2,1.5,204.66,Cash,Completed,4.4,3.3
OLA-TRIP-02995,OLA-CUST-0081,OLA-DRV-0093,Ola Prime,2024-07-06 06:01:35,2024-07-06 06:34:41,Jaipur,9.69,33.1,1.5,285.52,Credit Card,Completed,4.1,4.7
OLA-TRIP-02996,OLA-CUST-0181,OLA-DRV-0098,Ola Prime,2024-06-05 18:50:19,2024-06-05 19:36:19,Hyderabad,18.35,46.0,2.0,640.5,Debit Card,Completed,4.5,3.2
OLA-TRIP-02997,OLA-CUST-0130,OLA-DRV-0096,Ola Prime SUV,2025-08-04 14:44:10,2025-08-04 15:36:04,Delhi,15.51,51.9,1.0,354.69,Cash,Completed,3.2,5.0
OLA-TRIP-02998,OLA-CUST-0055,OLA-DRV-0037,Ola Prime,2025-04-11 21:56:54,2025-04-11 22:34:24,Kolkata,8.96,37.5,2.0,358.8,Credit Card,Completed,4.8,4.6
OLA-TRIP-02999,OLA-CUST-0034,OLA-DRV-0096,Ola Prime SUV,2025-09-19 23:15:33,2025-09-19 23:59:21,Delhi,15.65,43.8,1.0,357.35,Cash,Completed,4.4,3.1
OLA-TRIP-03000,OLA-CUST-0100,OLA-DRV-0005,Ola Share,2024-10-22 13:21:41,,Ahmedabad,9.24,0.0,1.0,0.0,,Cancelled by Rider,,
